uniqueSampleKey,uniquePatientKey,molecularProfileId,sampleId,patientId,studyId,site1HugoSymbol,site1EnsemblTranscriptId,site1Chromosome,site1Position,site1Contig,site1Region,site1RegionNumber,site1Description,site2EntrezGeneId,site2HugoSymbol,site2EnsemblTranscriptId,site2Chromosome,site2Position,site2Contig,site2Region,site2RegionNumber,site2Description,site2EffectOnFrame,ncbiBuild,dnaSupport,rnaSupport,normalReadCount,tumorReadCount,normalVariantCount,tumorVariantCount,normalPairedEndReadCount,tumorPairedEndReadCount,normalSplitReadCount,tumorSplitReadCount,annotation,breakpointType,connectionType,eventInfo,variantClass,length,comments,svStatus,site1EntrezGeneId
UC0wMDA1NjEzLVQwMS1JTTU6YnJlYXN0X21za18yMDI1,UC0wMDA1NjEzOmJyZWFzdF9tc2tfMjAyNQ,breast_msk_2025_structural_variants,P-0005613-T01-IM5,P-0005613,breast_msk_2025,,NA,19,5212045,NA,NA,-1,Exon 23 of PTPRS(-),125981.0,ACER1,NA,19,6328337,NA,NA,-1,Intron of ACER1(-): 5Kb after exon 1,NA,GRCh37,NA,NA,106252,76236,0,74,-1,-1,-1,-1,PTRPRS (NM_002850) - ACER1 (NM_133492) rearrangement : c.4986:PTPRS_c.93+5133:ACER1inv,PRECISE,3to3,PTRPRS-ACER1 Fusion,INVERSION,1116292,Note: The PTRPRS (NM_002850) - ACER1 (NM_133492) rearrangement event results in the inversion of PTPRS exons 1-32. One of the breakpoints is within PTPRS exon32.,SOMATIC,
UC0wMDAzMjk0LVQwMi1JTTU6YnJlYXN0X21za18yMDI1,UC0wMDAzMjk0OmJyZWFzdF9tc2tfMjAyNQ,breast_msk_2025_structural_variants,P-0003294-T02-IM5,P-0003294,breast_msk_2025,,NA,21,39817322,NA,NA,-1,Intron of ERG(-): 5bp after exon 4,2078.0,ERG,NA,7,32062232,NA,NA,-1,Intron of PDE1C(-): 29Kb after exon 3,NA,GRCh37,NA,NA,0,0,0,23,-1,-1,-1,-1,PEDE1C (NM_001191058) - ERG (NM_004449) rearrangement : t(7;21)(p14.3;q22.2)(chr7:g.32062232::chr21:g.39817322),PRECISE,5to5,Antisense fusion,TRANSLOCATION,0,Note: The PEDE1C (NM_001191058) - ERG (NM_004449) rearrangement event is a reciprocal translocation which results in the truncation of ERG exons 5-11.,SOMATIC,
UC0wMDQ4MzkyLVQwMS1JTTY6YnJlYXN0X21za18yMDI1,UC0wMDQ4MzkyOmJyZWFzdF9tc2tfMjAyNQ,breast_msk_2025_structural_variants,P-0048392-T01-IM6,P-0048392,breast_msk_2025,,NA,1,240716629,NA,NA,-1,5-UTR of MIR1273E(+):196Kb before coding start,2271.0,FH,NA,1,241680684,NA,NA,-1,Intron of FH(-):68bp before exon 2,NA,GRCh37,yes,unk,10407,16246,0,16,-1,17,-1,10,FH (NM_000143) rearrangement: c.133-68:FH_chr1:g.240716629inv,PRECISE,3to3,Transcript Fusion {MIR1273E:FH},INVERSION,964055,Note: The FH rearrangement is an inversion of exons 2 - 10. Functional significance is undetermined.,SOMATIC,
UC0wMDA0MTI3LVQwMS1JTTU6YnJlYXN0X21za18yMDI1,UC0wMDA0MTI3OmJyZWFzdF9tc2tfMjAyNQ,breast_msk_2025_structural_variants,P-0004127-T01-IM5,P-0004127,breast_msk_2025,ABCA12,NA,2,215857241,NA,NA,-1,Intron of ABCA12(-): 1Kb before exon 16,3667.0,IRS1,NA,2,227660487,NA,NA,-1,Exon 1 of IRS1(-),NA,GRCh37,yes,unk,71028,63176,0,33,-1,34,-1,19,IRS1 (NM_005544) - ABCA12(NM_173076)  Rearrangement : c.2968:IRS1_c.3295-1486:ABCA12inv,PRECISE,5to5,Antisense fusion,INVERSION,11803246,Note: IRS1 (NM_005544)-ABCA12(NM_173076)  Rearrangement  results in the inversion of exon 1 of IRS1.The breakpoint is within exon 1.Its functional significance is undetermined.,SOMATIC,26154.0
UC0wMDU2MTg1LVQwMi1JTTY6YnJlYXN0X21za18yMDI1,UC0wMDU2MTg1OmJyZWFzdF9tc2tfMjAyNQ,breast_msk_2025_structural_variants,P-0056185-T02-IM6,P-0056185,breast_msk_2025,ABCC4,NA,13,95869663,NA,NA,-1,Intron of ABCC4(-):7Kb before exon 5,7422.0,VEGFA,NA,6,43752221,NA,NA,-1,Intron of VEGFA(+):56bp before exon 8,NA,GRCh37,yes,unk,0,0,0,40,-1,34,-1,10,ABCC4 (NM_005845) - VEGFA (NM_001171623) rearrangement: t(6;13)(p21.1;q32.1)(chr6:g.43752221::chr13:g.95869663),PRECISE,5to5,Protein Fusion: out of frame  {ABCC4:VEGFA},TRANSLOCATION,0,Note: The ABCC4 - VEGFA rearrangement is a translocation that results in a fusion of ABCC4 exons 1 - 4 to VEGFA exon 8. Functional significance is undetermined.,SOMATIC,10257.0
UC0wMDU2MTg1LVQwMS1JTTY6YnJlYXN0X21za18yMDI1,UC0wMDU2MTg1OmJyZWFzdF9tc2tfMjAyNQ,breast_msk_2025_structural_variants,P-0056185-T01-IM6,P-0056185,breast_msk_2025,ABCC4,NA,13,95869663,NA,NA,-1,Intron of ABCC4(-):7Kb before exon 5,7422.0,VEGFA,NA,6,43752221,NA,NA,-1,Intron of VEGFA(+):56bp before exon 8,NA,GRCh37,yes,unk,0,0,0,66,-1,58,-1,10,ABCC4 (NM_005845) - VEGFA (NM_001171623) rearrangement: t(6;13)(p21.1;q32.1)(chr6:g.43752221::chr13:g.95869663),PRECISE,5to5,Protein Fusion: out of frame  {ABCC4:VEGFA},TRANSLOCATION,0,Note: The ABCC4 - VEGFA rearrangement is a translocation that results in a fusion of ABCC4 exons 1 - 4 to VEGFA exon 8. Functional significance is undetermined.,SOMATIC,10257.0
UC0wMDAyNjU1LVQwMS1JTTM6YnJlYXN0X21za18yMDI1,UC0wMDAyNjU1OmJyZWFzdF9tc2tfMjAyNQ,breast_msk_2025_structural_variants,P-0002655-T01-IM3,P-0002655,breast_msk_2025,ABL1,NA,9,133742991,NA,NA,-1,Intron of ABL1(+): 5Kb before exon 5,,,NA,9,133760901,NA,NA,-1,Exon 11 of ABL1(+),NA,GRCh37,yes,unk,29435,31063,0,327,-1,102,-1,103,NA,PRECISE,5to5,ABL1-intragenic,INVERSION,17910,"Note: The ABL1 intragenic inversion is a rearrangement event which results in the inversion of exons 5 to 11, likely disabling the function of the gene.",SOMATIC,25.0
UC0wMDAyNjU1LVQwMS1JTTM6YnJlYXN0X21za18yMDI1,UC0wMDAyNjU1OmJyZWFzdF9tc2tfMjAyNQ,breast_msk_2025_structural_variants,P-0002655-T01-IM3,P-0002655,breast_msk_2025,ABL1,NA,9,133742974,NA,NA,-1,Intron of ABL1(+): 5Kb before exon 5,,,NA,9,133760946,NA,NA,-1,Exon 11 of ABL1(+),NA,GRCh37,yes,unk,29902,31662,0,327,-1,102,-1,0,NA,IMPRECISE,3to3,Antisense fusion,INVERSION,17972,"Note: The ABL1 intragenic inversion is a rearrangement event which results in the inversion of exons 5 to 11, likely disabling the function of the gene.",SOMATIC,25.0
UC0wMDE2ODIwLVQwMS1JTTY6YnJlYXN0X21za18yMDI1,UC0wMDE2ODIwOmJyZWFzdF9tc2tfMjAyNQ,breast_msk_2025_structural_variants,P-0016820-T01-IM6,P-0016820,breast_msk_2025,ACVR1,NA,2,158626916,NA,NA,-1,Exon 7 of ACVR1(-),,,NA,2,158633513,NA,NA,-1,Intron of ACVR1(-):1Kb after exon 5,NA,GRCh37,yes,unk,1684,2614,0,25,-1,24,-1,10,ACVR1 (NM_001111067) Rearrangement : c.543+1130_754dup,PRECISE,5to3,Duplication within transcript : mid-exon,DUPLICATION,6597,Note: The ACVR1 Rearrangement results in the duplication of exons 6-7 of ACVR1. One of the breakpoints is within exon 7. Its functional significance is undetermined.,SOMATIC,90.0
UC0wMDA5ODIxLVQwMi1JTTY6YnJlYXN0X21za18yMDI1,UC0wMDA5ODIxOmJyZWFzdF9tc2tfMjAyNQ,breast_msk_2025_structural_variants,P-0009821-T02-IM6,P-0009821,breast_msk_2025,ADAM29,NA,4,175870481,NA,NA,-1,5-UTR of ADAM29(+):26Kb before coding start,2195.0,FAT1,NA,4,187630481,NA,NA,-1,Exon 2 of FAT1(-),NA,GRCh37,yes,unk,133850,96295,0,40,-1,40,-1,10,FAT1 (NM_005245) rearrangement: chr4:g.175870481_c.501del,PRECISE,3to5,Antisense Fusion,DELETION,11760000,Note: The FAT1 rearrangement results in the deletion of exons 2-27. One of the breakpoints is within exon 2. The functional significance is undetermined.,SOMATIC,11086.0
UC0wMDM0NjA1LVQwMS1JTTY6YnJlYXN0X21za18yMDI1,UC0wMDM0NjA1OmJyZWFzdF9tc2tfMjAyNQ,breast_msk_2025_structural_variants,P-0034605-T01-IM6,P-0034605,breast_msk_2025,AGO2,NA,8,141486602,NA,NA,-1,IGR: 35Kb before CHRAC1(+),,,NA,8,141551202,NA,NA,-1,Intron of AGO2(-):60bp after exon 15,NA,GRCh37,yes,unk,7745,10046,0,49,-1,49,-1,10,AGO2 (NM_012154) rearrangement: c.2034+61:AGO2_chr8:g.141486602del,PRECISE,3to5,AGO2-intragenic,DELETION,64600,Note: The AGO2 rearrangement is a deletion of exons 16-19. Its functional significance is undetermined.,SOMATIC,27161.0
UC0wMDM4NTg4LVQwMS1JTTY6YnJlYXN0X21za18yMDI1,UC0wMDM4NTg4OmJyZWFzdF9tc2tfMjAyNQ,breast_msk_2025_structural_variants,P-0038588-T01-IM6,P-0038588,breast_msk_2025,AGO2,NA,8,141551343,NA,NA,-1,Exon 15 of AGO2(-),,,NA,8,141558960,NA,NA,-1,Intron of AGO2(-):252bp after exon 12,NA,GRCh37,NA,NA,5637,6106,0,44,-1,-1,-1,-1,AGO2 (NM_012154) Rearrangement : c.1588+253_c.1954del,PRECISE,3to5,Deletion within transcript : mid-exon,DELETION,7617,Note: The AGO2 Rearrangement results in the intragenic deletion of exons 13-15 of AGO2. One of the breakpoints is within exon15. Its functional significance is undetermined.,SOMATIC,27161.0
UC0wMDE2NTcxLVQwMS1JTTY6YnJlYXN0X21za18yMDI1,UC0wMDE2NTcxOmJyZWFzdF9tc2tfMjAyNQ,breast_msk_2025_structural_variants,P-0016571-T01-IM6,P-0016571,breast_msk_2025,AGO2,NA,8,141551339,NA,NA,-1,Exon 15 of AGO2(-),5747.0,PTK2,NA,8,141741346,NA,NA,-1,Intron of PTK2(-):4Kb after exon 22,NA,GRCh37,yes,unk,15414,39785,0,5,-1,5,-1,10,PTK2 (NM_005607) - AGO2 (NM_012154) rearrangement: c.2096+4004:PTK2_c.1958:AGO2del,PRECISE,3to5,Protein Fusion: mid-exon  {PTK2:AGO2},DELETION,190007,Note: The PTK2 - AGO2 rearrangement is a deletion which results in the fusion of PTK2 exons 1-22 to AGO2 exons 15-19. One of the breakpoints is within AGO2 exon 15. The functional significance is undetermined.,SOMATIC,27161.0
UC0wMDIwNjQ0LVQwMS1JTTY6YnJlYXN0X21za18yMDI1,UC0wMDIwNjQ0OmJyZWFzdF9tc2tfMjAyNQ,breast_msk_2025_structural_variants,P-0020644-T01-IM6,P-0020644,breast_msk_2025,AGO2,NA,11,70919699,NA,NA,-1,5-UTR of SHANK2(-):601Kb before coding start,22941.0,SHANK2,NA,8,141542519,NA,NA,-1,Exon 18 of AGO2(-),NA,GRCh37,NA,NA,0,0,0,7,-1,-1,-1,-1,AGO2 (NM_012154) - SHANK2 (NM_012309) rearrangement: t(8;11)(q24.3;q13.4)(chr8:g.141542519::chr11:g.70919699),PRECISE,3to3,AGO2-SHANK2 Fusion,TRANSLOCATION,0,Note: The AGO2 - SHANK2 rearrangement is a translocation with a breakpoint within AGO2 exon 18. The functional significance is undetermined.,SOMATIC,27161.0
UC0wMDE1NDc2LVQwMS1JTTY6YnJlYXN0X21za18yMDI1,UC0wMDE1NDc2OmJyZWFzdF9tc2tfMjAyNQ,breast_msk_2025_structural_variants,P-0015476-T01-IM6,P-0015476,breast_msk_2025,AGO2,NA,16,3654062,NA,NA,-1,Intron of BTBD12(-): 2Kb before exon 4,84464.0,SLX4,NA,8,141595171,NA,NA,-1,Intron of EIF2C2(-): 47bp after exon 2,NA,GRCh37,NA,NA,0,0,0,18,-1,-1,-1,-1,AGO2 (NM_012154)  - SLX4 (NM_032444) rearrangement: t(8;16)(q24.3;p13.3)(chr8:g.141595171::chr16:g.3654062),PRECISE,3to5,Protein fusion: out of frame (EIF2C2-BTBD12),TRANSLOCATION,0,Note: The AGO2 - SLX4 rearrangement is a translocation which results in the fusion of AGO2 exon 2 to SLX4 exon 4. The functional significance is undetermined.,SOMATIC,27161.0
UC0wMDIxODI2LVQwMS1JTTY6YnJlYXN0X21za18yMDI1,UC0wMDIxODI2OmJyZWFzdF9tc2tfMjAyNQ,breast_msk_2025_structural_variants,P-0021826-T01-IM6,P-0021826,breast_msk_2025,AGO2,NA,8,140884979,NA,NA,-1,Intron of TRAPPC9(-):13Kb after exon 21,83696.0,TRAPPC9,NA,8,141559353,NA,NA,-1,Exon 12 of AGO2(-),NA,GRCh37,NA,NA,15054,31634,0,26,-1,-1,-1,-1,AGO2 (NM_012154) - TRAPPC9 (NM_031466) rearrangement: c.1448:AGO2_c.3349+13144:TRAPPC9del,IMPPRECISE,3to5,Protein Fusion: mid-exon  {AGO2:TRAPPC9},DELETION,674374,Note: The AGO2 - TRAPCC9 rearrangement is a deletion which results in the fusion of AGO2 exons 1-12 with TRAPPC9 exons 22-23. One of the breakpoints is within AGO2 exon 12.  It's functional significance is undetermined.,SOMATIC,27161.0
UC0wMDUwNjM1LVQwMS1JTTY6YnJlYXN0X21za18yMDI1,UC0wMDUwNjM1OmJyZWFzdF9tc2tfMjAyNQ,breast_msk_2025_structural_variants,P-0050635-T01-IM6,P-0050635,breast_msk_2025,AKAP9,NA,7,91704680,NA,NA,-1,Intron of AKAP9(+):1Kb before exon 29,673.0,BRAF,NA,7,140487501,NA,NA,-1,Intron of BRAF(-):117bp before exon 9,NA,GRCh37,yes,unk,236465,174040,0,29,-1,29,-1,10,AKAP9 (NM_005751) - BRAF (NM_004333) fusion: c.6613-1489:AKAP9_c.1141-117:BRAFinv,PRECISE,3to3,Protein Fusion: in frame  {AKAP9:BRAF},INVERSION,48782821,Note: The AKAP9 - BRAF fusion involves AKAP9 exons 1 - 28 and BRAF exons 9 - 18. The fusion is predicted to be in frame and includes the kinase domain of BRAF. RNAseq (Archer) has been requested to determine if the fusion is expressed.  This result will b,SOMATIC,10142.0
UC0wMDE3MjE3LVQwMS1JTTY6YnJlYXN0X21za18yMDI1,UC0wMDE3MjE3OmJyZWFzdF9tc2tfMjAyNQ,breast_msk_2025_structural_variants,P-0017217-T01-IM6,P-0017217,breast_msk_2025,AKT1,NA,14,105237184,NA,NA,-1,Exon 13 of AKT1(-),,,NA,14,105238702,NA,NA,-1,Exon 12 of AKT1(-),NA,GRCh37,yes,unk,575,867,0,8,-1,8,-1,10,AKT1 (NM_001014431) rearrangement: c.1260_c.1261del,PRECISE,3to5,Deletion within transcript : mid-exon,DELETION,1518,Note: The AKT1 rearrangement is an intragenic deletion with breakpoints on both the exons 12 and 13.,SOMATIC,207.0
UC0wMDE5OTY3LVQwMS1JTTY6YnJlYXN0X21za18yMDI1,UC0wMDE5OTY3OmJyZWFzdF9tc2tfMjAyNQ,breast_msk_2025_structural_variants,P-0019967-T01-IM6,P-0019967,breast_msk_2025,AKT1,NA,14,105242060,NA,NA,-1,Exon 5 of AKT1(-),,,NA,6,13754782,NA,NA,-1,IGR: 32Kb before MCUR1(-),NA,GRCh37,NA,NA,0,0,0,8,-1,-1,-1,-1,AKT1 (NM_001014431) rearrangement: t(6;14)(p23;q32.33)(chr6:g.13754782::chr14:g.105242060),PRECISE,5to3,AKT1-intragenic,TRANSLOCATION,0,Note: The AKT1 rearrangement is a translocation with a breakpoint within AKT1 exon 5. The functional significance is undetermined.,SOMATIC,207.0
UC0wMDQxMTkwLVQwMS1JTTY6YnJlYXN0X21za18yMDI1,UC0wMDQxMTkwOmJyZWFzdF9tc2tfMjAyNQ,breast_msk_2025_structural_variants,P-0041190-T01-IM6,P-0041190,breast_msk_2025,AKT1,NA,14,79788055,NA,NA,-1,Intron of NRXN3(+):146Kb before exon 13,,,NA,14,105238506,NA,NA,-1,Intron of AKT1(-):195bp after exon 12,NA,GRCh37,yes,unk,77513,102876,0,20,-1,20,-1,10,AKT1 (NM_001014431) rearrangement: c.1260+196:AKT1_chr14:g.79788055del,PRECISE,3to5,Antisense Fusion,DELETION,25450451,Note: The AKT1 rearrangement is a deletion of exons 13 - 14. The rearrangement does not include the kinase domain of AKT1. Functional significance is undetermined.,SOMATIC,207.0
UC0wMDAxNzYwLVQwMS1JTTM6YnJlYXN0X21za18yMDI1,UC0wMDAxNzYwOmJyZWFzdF9tc2tfMjAyNQ,breast_msk_2025_structural_variants,P-0001760-T01-IM3,P-0001760,breast_msk_2025,AKT2,NA,19,39176338,NA,NA,-1,Intron of ACTN4(+): 15Kb before exon 2,81.0,ACTN4,NA,19,40742145,NA,NA,-1,Intron of AKT2(-): 19bp after exon 10,NA,GRCh37,NA,NA,7907,16939,0,21,-1,-1,-1,-1,AKT2 (NM_001626) - ACTN4 (NM_004924) Inversion:  c.960+19:ATK2_c.163-14902:ACTN4inv,PRECISE,5to5,Protein fusion: in frame (AKT2-ACTN4),INVERSION,1565807,"Note: AKT2 - ACTN4 inversion is a structural event in which exons 1-10 of  AKT2 is fused to exons 2-14 of ACTN4. While the functional consequences of  this fusion are not determined, it could possibly increase AKT2 activity.",SOMATIC,208.0
UC0wMDAwMDU4LVQwMS1JTTM6YnJlYXN0X21za18yMDI1,UC0wMDAwMDU4OmJyZWFzdF9tc2tfMjAyNQ,breast_msk_2025_structural_variants,P-0000058-T01-IM3,P-0000058,breast_msk_2025,ALK,NA,2,29446846,NA,NA,-1,Intron of ALK(-): 452bp before exon 20,84771.0,DDX11L2,NA,2,114360988,NA,NA,-1,3-UTR of DDX11L2(-): 307bp after coding stop,NA,GRCh37,yes,unk,461680,505392,0,3,-1,6,-1,47,NA,35399162-N_bc20,5to5,DDX11L2-ALK fusion,INVERSION,84914142,NA,SOMATIC,238.0
UC0wMDA4MDIzLVQwMS1JTTU6YnJlYXN0X21za18yMDI1,UC0wMDA4MDIzOmJyZWFzdF9tc2tfMjAyNQ,breast_msk_2025_structural_variants,P-0008023-T01-IM5,P-0008023,breast_msk_2025,ANKRD11,NA,16,89300582,NA,NA,-1,IGR: 5Kb after ZNF778(+),,,NA,16,89347614,NA,NA,-1,Exon 9 of ANKRD11(-),NA,GRCh37,NA,NA,16412,17763,0,7,-1,-1,-1,-1,ANKRD11 (NM_013275) rearrangement: c.5336:ANKRD11_chr16:g.89300582dup,PRECISE,5to3,ANKRD11-intragenic,DUPLICATION,47032,The ANKRD11 (NM_013275) rearrangement is duplication (47032 bp) of exons 9-13 of ANKRD11. One of the breakpoints is within exon 9. The functional significance is undetermined.,SOMATIC,29123.0
UC0wMDM0NDc2LVQwMS1JTTY6YnJlYXN0X21za18yMDI1,UC0wMDM0NDc2OmJyZWFzdF9tc2tfMjAyNQ,breast_msk_2025_structural_variants,P-0034476-T01-IM6,P-0034476,breast_msk_2025,ANKRD11,NA,17,79679431,NA,NA,-1,5-UTR of SLC25A10(+):25bp before coding start,,,NA,16,89352516,NA,NA,-1,Exon 8 of ANKRD11(-),NA,GRCh37,NA,NA,0,0,0,23,-1,-1,-1,-1,"ANKRD11 (NM_013275) Rearrangement : t(16,17)(q24.2,q25.3)(chr16:g.89352516::chr17:g.79679431)",PRECISE,5to3,ANKRD11-intragenic,TRANSLOCATION,0,Note: The ANKRD11 Rearrangement is a translocation event with a breakpoint in exon8. Its functional significance is undetermined.,SOMATIC,29123.0
UC0wMDI1NTUxLVQwMS1JTTY6YnJlYXN0X21za18yMDI1,UC0wMDI1NTUxOmJyZWFzdF9tc2tfMjAyNQ,breast_msk_2025_structural_variants,P-0025551-T01-IM6,P-0025551,breast_msk_2025,ANKRD11,NA,16,89341506,NA,NA,-1,Exon 10 of ANKRD11(-),,,NA,16,89426678,NA,NA,-1,5-UTR of ANKRD11(-):92Kb before coding start,NA,GRCh37,yes,unk,53030,83605,0,43,-1,38,-1,10,ANKRD11 (NM_013275) rearrangement:  c.-59-43192_c.7564dup,PRECISE,5to3,Duplication within transcript : mid-exon,DUPLICATION,85172,Note: The ANKRD11 rearrangement is an intragenic duplication of exons 1-10. One of the breakpoints is within exon 10. The functional significance is undetermined.,SOMATIC,29123.0
UC0wMDMyNDI3LVQwMS1JTTY6YnJlYXN0X21za18yMDI1,UC0wMDMyNDI3OmJyZWFzdF9tc2tfMjAyNQ,breast_msk_2025_structural_variants,P-0032427-T01-IM6,P-0032427,breast_msk_2025,ANKS1B,NA,12,99747283,NA,NA,-1,Intron of ANKS1B(-):46Kb after exon 12,5781.0,PTPN11,NA,12,112926289,NA,NA,-1,Exon 12 of PTPN11(+),NA,GRCh37,yes,unk,39575,58967,0,5,-1,5,-1,0,PTPN11 (NM_002834) - ANKS1B (NM_152788) rearrangement: c.1422:PTPN11_c.1756+46126:ANKS1Binv,IMPPRECISE,3to3,Protein Fusion: mid-exon  {PTPN11:ANKS1B},INVERSION,13179006,Note: The PTPN11 - ANKS1B rearrangement is an inversion that results in the fusion of PTPN11 exons 1-12 with ANKS1B exons 13-26. One of the breakpoints is within PTPN11 exon 12. The functional significance is undetermined.,SOMATIC,56899.0
UC0wMDQ0ODI0LVQwMS1JTTY6YnJlYXN0X21za18yMDI1,UC0wMDQ0ODI0OmJyZWFzdF9tc2tfMjAyNQ,breast_msk_2025_structural_variants,P-0044824-T01-IM6,P-0044824,breast_msk_2025,ANKS3,NA,NA,-1,NA,NA,-1,NA,10499.0,NCOA2,NA,NA,-1,NA,NA,-1,NA,NA,GRCh37,yes,unk,-1,-1,-1,-1,-1,-1,-1,-1,POSITIVE FOR GENE FUSIONS IN THE INVESTIGATIONAL PANEL: ANKS3-NCOA2 fusion. Note: The rearrangement is an out of frame fusion between genes ANKS3 Exon7 (NM_133450) and NCOA2 Exon16 (NM_006540). Note2: The functional significance of this fusion event is un,NA,NA,ANKS3-NCOA2 Fusion - Archer,NA,-1,Lab Notes Run Number: Archerv3-CLIN-20190141 Macro-dissection: Not Performed,SOMATIC,124401.0
UC0wMDEwMjUyLVQwMS1JTTU6YnJlYXN0X21za18yMDI1,UC0wMDEwMjUyOmJyZWFzdF9tc2tfMjAyNQ,breast_msk_2025_structural_variants,P-0010252-T01-IM5,P-0010252,breast_msk_2025,APC,NA,10,11385531,NA,NA,-1,IGR: 7Kb after CELF2(+),,,NA,5,112102954,NA,NA,-1,Exon 4 of APC(+),NA,GRCh37,NA,NA,0,0,0,69,-1,-1,-1,-1,APC (NM_000038) rearrangement: t(5;10)(q22.2;p14)(chr5:g.112102954::chr10:g.11385531),PRECISE,3to3,APC-intragenic,TRANSLOCATION,0,Note: The APC rearrangement is a translocation that may result in the truncation of exons 4-16. The breakpoint is within exon 4.,SOMATIC,324.0
UC0wMDM5MjgyLVQwMS1JTTY6YnJlYXN0X21za18yMDI1,UC0wMDM5MjgyOmJyZWFzdF9tc2tfMjAyNQ,breast_msk_2025_structural_variants,P-0039282-T01-IM6,P-0039282,breast_msk_2025,APC,NA,5,111430124,NA,NA,-1,IGR: 66Kb before EPB41L4A-AS1(+),,,NA,5,112174664,NA,NA,-1,Exon 16 of APC(+),NA,GRCh37,yes,unk,22951,18228,0,50,-1,49,-1,10,APC (NM_000038) rearrangement: c.3373:APC_chr5:g.111430124dup,PRECISE,5to3,APC-intragenic,DUPLICATION,744540,Note: The APC rearrangement is a duplication of exons 1 - 16. One of the breakpoints is within exon 16. This event occurs in the background of other structural events involving APC.  Its functional significance is undetermined.,SOMATIC,324.0
UC0wMDI1MTY4LVQwMS1JTTY6YnJlYXN0X21za18yMDI1,UC0wMDI1MTY4OmJyZWFzdF9tc2tfMjAyNQ,breast_msk_2025_structural_variants,P-0025168-T01-IM6,P-0025168,breast_msk_2025,APC,NA,8,61579704,NA,NA,-1,IGR: 12Kb before CHD7(+),,,NA,5,112043422,NA,NA,-1,Exon 1 of APC(+),NA,GRCh37,NA,NA,0,0,0,95,-1,-1,-1,-1,APC (NM_000038) rearrangement: t(5;8)(q22.2;q12.1)(chr5:g.112043422::chr8:g.61579704),PRECISE,5to5,APC-intragenic,TRANSLOCATION,0,Note: The APC rearrangement is translocation with a breakpoint within APC exon 1. The functional significance is undetermined.,SOMATIC,324.0
UC0wMDQ4OTA3LVQwMS1JTTY6YnJlYXN0X21za18yMDI1,UC0wMDQ4OTA3OmJyZWFzdF9tc2tfMjAyNQ,breast_msk_2025_structural_variants,P-0048907-T01-IM6,P-0048907,breast_msk_2025,APC,NA,7,28535020,NA,NA,-1,Intron of CREB5(+):403bp after exon 3,9586.0,CREB5,NA,5,112174029,NA,NA,-1,Exon 16 of APC(+),NA,GRCh37,yes,unk,0,0,0,11,-1,11,-1,10,APC (NM_000038) - CREB5 (NM_182898) rearrangement: t(5;7)(q22.2;p15.1)(chr5:g.112174029::chr7:g.28535020),PRECISE,5to3,Protein Fusion: mid-exon  {APC:CREB5},TRANSLOCATION,0,Note: The APC - CREB5 rearrangement is a translocation that results in a fusion of APC exons 1 - 16 to CREB5 exons 4 - 11. One of the breakpoints is within APC exon 16. Functional significance is undetermined.,SOMATIC,324.0
UC0wMDEwMDc3LVQwMi1JTTY6YnJlYXN0X21za18yMDI1,UC0wMDEwMDc3OmJyZWFzdF9tc2tfMjAyNQ,breast_msk_2025_structural_variants,P-0010077-T02-IM6,P-0010077,breast_msk_2025,AR,NA,NA,-1,NA,NA,-1,NA,,,NA,NA,-1,NA,NA,-1,NA,NA,GRCh37,yes,unk,-1,-1,-1,-1,-1,-1,-1,-1,DIAGNOSTIC INTERPRETATION: POSITIVE FOR THE FOLLOWING ISOFORM IN THE INVESTIGATIONAL PANEL:  AR (NM_000044) Variant 7 (AR V-7) PMID: 19117982,NA,NA,AR-intragenic - Archer,NA,-1,Lab Notes Run Number: ArcherV3-CLIN-20190215 Macro-dissection: Not Performed,SOMATIC,367.0
UC0wMDA1NDUyLVQwMS1JTTU6YnJlYXN0X21za18yMDI1,UC0wMDA1NDUyOmJyZWFzdF9tc2tfMjAyNQ,breast_msk_2025_structural_variants,P-0005452-T01-IM5,P-0005452,breast_msk_2025,AR,NA,X,66753057,NA,NA,-1,IGR: 11Kb before AR(+),,,NA,X,66766119,NA,NA,-1,Exon 1 of AR(+),NA,GRCh37,yes,unk,14324,13454,0,19,-1,20,-1,19,AR (NM_000044) Rearrangement : chrX:g.66753057_c.1131:ARdel,PRECISE,3to5,AR-intragenic,DELETION,13062,Note: The AR (NM_000044) rearrangement results in the intragenic  partial deletion of exon 1. The breakpoint is within exon 1. Its functional significance is undetermined.,SOMATIC,367.0
UC0wMDU2Njc4LVQwMi1JTTY6YnJlYXN0X21za18yMDI1,UC0wMDU2Njc4OmJyZWFzdF9tc2tfMjAyNQ,breast_msk_2025_structural_variants,P-0056678-T02-IM6,P-0056678,breast_msk_2025,AR,NA,NA,-1,NA,NA,-1,NA,,,NA,NA,-1,NA,NA,-1,NA,NA,GRCh37,yes,unk,-1,-1,-1,-1,-1,-1,-1,-1,"POSITIVE FOR THE FOLLOWING ISOFORM IN THE INVESTIGATIONAL PANEL:    AR (NM_000044) Variant 7 (AR V-7) PMID: 19117982 , 26554309",NA,NA,AR-intragenic - Archer,NA,-1,Lab Notes Run Number: ArcherV3-CLIN-20200144 Macro-dissection: Not Performed,SOMATIC,367.0
UC0wMDUyMDU3LVQwMS1JTTY6YnJlYXN0X21za18yMDI1,UC0wMDUyMDU3OmJyZWFzdF9tc2tfMjAyNQ,breast_msk_2025_structural_variants,P-0052057-T01-IM6,P-0052057,breast_msk_2025,AR,NA,NA,-1,NA,NA,-1,NA,,,NA,NA,-1,NA,NA,-1,NA,NA,GRCh37,yes,unk,-1,-1,-1,-1,-1,-1,-1,-1,POSITIVE FOR THE FOLLOWING ISOFORM IN THE INVESTIGATIONAL PANEL:   AR (NM_000044) Variant 7 (AR V-7) PMID: 19117982  Note: The AR version 7 transcript is seen in a low percentage (approximately 5%) of reads. This may represent a subclonal event. Confirmat,NA,NA,AR-intragenic - Archer,NA,-1,Lab Notes Run Number: ArcherV3-CLIN-20200033 Macro-dissection: Not Performed,SOMATIC,367.0
UC0wMDM1NDg0LVQwMS1JTTY6YnJlYXN0X21za18yMDI1,UC0wMDM1NDg0OmJyZWFzdF9tc2tfMjAyNQ,breast_msk_2025_structural_variants,P-0035484-T01-IM6,P-0035484,breast_msk_2025,AR,NA,NA,-1,NA,NA,-1,NA,,,NA,NA,-1,NA,NA,-1,NA,NA,GRCh37,yes,unk,-1,-1,-1,-1,-1,-1,-1,-1,"DIAGNOSTIC INTERPRETATION: POSITIVE FOR THE FOLLOWING ISOFORM IN THE INVESTIGATIONAL PANEL: AR (NM_000044) Variant 7 (AR V-7) PMID: 26554309, 19117982",NA,NA,AR-intragenic - Archer,NA,-1,Lab Notes Run Number: ArcherV3-CLIN-20180172 Macro-dissection: Unknown,SOMATIC,367.0
UC0wMDMxNjQ3LVQwMi1JTTY6YnJlYXN0X21za18yMDI1,UC0wMDMxNjQ3OmJyZWFzdF9tc2tfMjAyNQ,breast_msk_2025_structural_variants,P-0031647-T02-IM6,P-0031647,breast_msk_2025,AR,NA,NA,-1,NA,NA,-1,NA,,,NA,NA,-1,NA,NA,-1,NA,NA,GRCh37,yes,unk,-1,-1,-1,-1,-1,-1,-1,-1,POSITIVE FOR THE FOLLOWING ISOFORM IN THE INVESTIGATIONAL PANEL:  AR (NM_000044) Variant 7 (AR V-7) PMID: 19117982,NA,NA,AR-intragenic - Archer,NA,-1,Lab Notes Run Number: ArcherV3-CLIN-20200117 Macro-dissection: Not Performed,SOMATIC,367.0
UC0wMDQ0MDQzLVQwMS1JTTY6YnJlYXN0X21za18yMDI1,UC0wMDQ0MDQzOmJyZWFzdF9tc2tfMjAyNQ,breast_msk_2025_structural_variants,P-0044043-T01-IM6,P-0044043,breast_msk_2025,AR,NA,NA,-1,NA,NA,-1,NA,,,NA,NA,-1,NA,NA,-1,NA,NA,GRCh37,yes,unk,-1,-1,-1,-1,-1,-1,-1,-1,POSITIVE FOR THE FOLLOWING INVESTIGATIONAL EVENT:    Androgen Receptor variant 7 transcript (AR-V7). PMID: 19117982,NA,NA,AR-intragenic - Archer,NA,-1,Lab Notes Run Number: Archerv3-CLIN-20190129 Macro-dissection: Not Performed,SOMATIC,367.0
UC0wMDM5NjE4LVQwMS1JTTY6YnJlYXN0X21za18yMDI1,UC0wMDM5NjE4OmJyZWFzdF9tc2tfMjAyNQ,breast_msk_2025_structural_variants,P-0039618-T01-IM6,P-0039618,breast_msk_2025,AR,NA,NA,-1,NA,NA,-1,NA,,,NA,NA,-1,NA,NA,-1,NA,NA,GRCh37,yes,unk,-1,-1,-1,-1,-1,-1,-1,-1,POSITIVE FOR THE FOLLOWING INVESTIGATIONAL EVENT:    Androgen Receptor variant 7 transcript (AR-V7). PMID: 19117982,NA,NA,AR-intragenic - Archer,NA,-1,Lab Notes Run Number: ArcherV3-CLIN-20190053 Macro-dissection: Unknown,SOMATIC,367.0
UC0wMDQ4NTk4LVQwMS1JTTY6YnJlYXN0X21za18yMDI1,UC0wMDQ4NTk4OmJyZWFzdF9tc2tfMjAyNQ,breast_msk_2025_structural_variants,P-0048598-T01-IM6,P-0048598,breast_msk_2025,AR,NA,NA,-1,NA,NA,-1,NA,,,NA,NA,-1,NA,NA,-1,NA,NA,GRCh37,yes,unk,-1,-1,-1,-1,-1,-1,-1,-1,DIAGNOSTIC INTERPRETATION: POSITIVE FOR THE FOLLOWING ISOFORM IN THE INVESTIGATIONAL PANEL:  AR (NM_000044) Variant 7 (AR V-7) PMID: 19117982,NA,NA,AR-intragenic - Archer,NA,-1,Lab Notes Run Number: ArcherV3-CLIN-20190214 Macro-dissection: Not Performed,SOMATIC,367.0
UC0wMDM0OTQ0LVQwMS1JTTY6YnJlYXN0X21za18yMDI1,UC0wMDM0OTQ0OmJyZWFzdF9tc2tfMjAyNQ,breast_msk_2025_structural_variants,P-0034944-T01-IM6,P-0034944,breast_msk_2025,AR,NA,NA,-1,NA,NA,-1,NA,,,NA,NA,-1,NA,NA,-1,NA,NA,GRCh37,yes,unk,-1,-1,-1,-1,-1,-1,-1,-1,DIAGNOSTIC INTERPRETATION: POSITIVE FOR THE FOLLOWING ISOFORM IN THE INVESTIGATIONAL PANEL: AR (NM_000044) Variant 7 (AR V-7) PMID: 19117982,NA,NA,AR-intragenic - Archer,NA,-1,Lab Notes Run Number: ArcherV3-CLIN-20180161 Macro-dissection: Unknown,SOMATIC,367.0
UC0wMDU3MDUwLVQwMS1JTTY6YnJlYXN0X21za18yMDI1,UC0wMDU3MDUwOmJyZWFzdF9tc2tfMjAyNQ,breast_msk_2025_structural_variants,P-0057050-T01-IM6,P-0057050,breast_msk_2025,AR,NA,NA,-1,NA,NA,-1,NA,,,NA,NA,-1,NA,NA,-1,NA,NA,GRCh37,yes,unk,-1,-1,-1,-1,-1,-1,-1,-1,"POSITIVE FOR THE FOLLOWING ISOFORM IN THE INVESTIGATIONAL PANEL:    AR (NM_000044) Variant 7 (AR V-7)  PMID: 26554309, 19117982",NA,NA,AR-intragenic - Archer,NA,-1,Lab Notes Run Number: ArcherV3-CLIN-20200141 Macro-dissection: Performed,SOMATIC,367.0
UC0wMDM5NDMyLVQwMi1JTTY6YnJlYXN0X21za18yMDI1,UC0wMDM5NDMyOmJyZWFzdF9tc2tfMjAyNQ,breast_msk_2025_structural_variants,P-0039432-T02-IM6,P-0039432,breast_msk_2025,AR,NA,NA,-1,NA,NA,-1,NA,,,NA,NA,-1,NA,NA,-1,NA,NA,GRCh37,yes,unk,-1,-1,-1,-1,-1,-1,-1,-1,POSITIVE FOR THE FOLLOWING INVESTIGATIONAL EVENT:    Androgen Receptor variant 7 transcript (AR-V7). PMID: 19117982,NA,NA,AR-intragenic - Archer,NA,-1,Lab Notes Run Number: Archerv3-CLIN-20190065 Macro-dissection: Not Performed,SOMATIC,367.0
UC0wMDM4MTU2LVQwMS1JTTY6YnJlYXN0X21za18yMDI1,UC0wMDM4MTU2OmJyZWFzdF9tc2tfMjAyNQ,breast_msk_2025_structural_variants,P-0038156-T01-IM6,P-0038156,breast_msk_2025,AR,NA,NA,-1,NA,NA,-1,NA,,,NA,NA,-1,NA,NA,-1,NA,NA,GRCh37,yes,unk,-1,-1,-1,-1,-1,-1,-1,-1,"POSITIVE FOR THE FOLLOWING ISOFORM IN THE INVESTIGATIONAL PANEL:   AR (NM_000044) Variant 7 (AR V-7) PMID: 26554309, 19117982",NA,NA,AR-intragenic - Archer,NA,-1,Lab Notes Run Number: ArcherV3-CLIN-20190028 Macro-dissection: Unknown,SOMATIC,367.0
UC0wMDE0MTI5LVQwMy1JTTY6YnJlYXN0X21za18yMDI1,UC0wMDE0MTI5OmJyZWFzdF9tc2tfMjAyNQ,breast_msk_2025_structural_variants,P-0014129-T03-IM6,P-0014129,breast_msk_2025,AR,NA,NA,-1,NA,NA,-1,NA,,,NA,NA,-1,NA,NA,-1,NA,NA,GRCh37,yes,unk,-1,-1,-1,-1,-1,-1,-1,-1,DIAGNOSTIC INTERPRETATION: POSITIVE FOR THE FOLLOWING ISOFORM IN THE INVESTIGATIONAL PANEL: AR (NM_000044) Variant 7 (AR V-7) PMID: 19117982,NA,NA,AR-intragenic - Archer,NA,-1,Lab Notes Run Number: ArcherV3-CLIN-20190010 Macro-dissection: Unknown,SOMATIC,367.0
UC0wMDM4NTg4LVQwMS1JTTY6YnJlYXN0X21za18yMDI1,UC0wMDM4NTg4OmJyZWFzdF9tc2tfMjAyNQ,breast_msk_2025_structural_variants,P-0038588-T01-IM6,P-0038588,breast_msk_2025,AR,NA,NA,-1,NA,NA,-1,NA,,,NA,NA,-1,NA,NA,-1,NA,NA,GRCh37,yes,unk,-1,-1,-1,-1,-1,-1,-1,-1,DIAGNOSTIC INTERPRETATION: POSITIVE FOR THE FOLLOWING ISOFORM IN THE INVESTIGATIONAL PANEL: AR (NM_000044) Variant 7 (AR V-7) PMID: 19117982 POSITIVE FOR GENE FUSIONS IN THE INVESTIGATIONAL PANEL: ATG7-RAF1 fusion. Note: The rearrangement is an in-frame f,NA,NA,AR-intragenic - Archer,NA,-1,Lab Notes Run Number: ArcherV3-CLIN-20190039 Macro-dissection: Unknown,SOMATIC,367.0
UC0wMDQ1ODExLVQwMi1JTTY6YnJlYXN0X21za18yMDI1,UC0wMDQ1ODExOmJyZWFzdF9tc2tfMjAyNQ,breast_msk_2025_structural_variants,P-0045811-T02-IM6,P-0045811,breast_msk_2025,AR,NA,NA,-1,NA,NA,-1,NA,,,NA,NA,-1,NA,NA,-1,NA,NA,GRCh37,yes,unk,-1,-1,-1,-1,-1,-1,-1,-1,POSITIVE FOR THE FOLLOWING ISOFORM IN THE INVESTIGATIONAL PANEL:    AR (NM_000044) Variant 7 (AR V-7) PMID: 19117982,NA,NA,AR-intragenic - Archer,NA,-1,Lab Notes Run Number: ArcherV3-CLIN-20200065 Macro-dissection: Not Performed,SOMATIC,367.0
UC0wMDQ5MTgzLVQwMS1JTTY6YnJlYXN0X21za18yMDI1,UC0wMDQ5MTgzOmJyZWFzdF9tc2tfMjAyNQ,breast_msk_2025_structural_variants,P-0049183-T01-IM6,P-0049183,breast_msk_2025,AR,NA,NA,-1,NA,NA,-1,NA,,,NA,NA,-1,NA,NA,-1,NA,NA,GRCh37,yes,unk,-1,-1,-1,-1,-1,-1,-1,-1,DIAGNOSTIC INTERPRETATION: POSITIVE FOR THE FOLLOWING ISOFORM IN THE INVESTIGATIONAL PANEL:  AR (NM_000044) Variant 7 (AR V-7) PMID: 19117982,NA,NA,AR-intragenic - Archer,NA,-1,Lab Notes Run Number: ArcherV3-CLIN-20190224 Macro-dissection: Not Performed,SOMATIC,367.0
UC0wMDMxNzEwLVQwMi1JTTc6YnJlYXN0X21za18yMDI1,UC0wMDMxNzEwOmJyZWFzdF9tc2tfMjAyNQ,breast_msk_2025_structural_variants,P-0031710-T02-IM7,P-0031710,breast_msk_2025,AR,NA,NA,-1,NA,NA,-1,NA,,,NA,NA,-1,NA,NA,-1,NA,NA,GRCh37,yes,unk,-1,-1,-1,-1,-1,-1,-1,-1,"POSITIVE FOR THE FOLLOWING ISOFORM IN THE INVESTIGATIONAL PANEL:         AR (NM_000044) Variant 7 (AR V-7)     PMID: 26554309, 19117982",NA,NA,AR-intragenic - Archer,NA,-1,Lab Notes Run Number: ArcherV4-CLIN-20200222 Macro-dissection: Performed,SOMATIC,367.0
UC0wMDUxMTgwLVQwMS1JTTY6YnJlYXN0X21za18yMDI1,UC0wMDUxMTgwOmJyZWFzdF9tc2tfMjAyNQ,breast_msk_2025_structural_variants,P-0051180-T01-IM6,P-0051180,breast_msk_2025,AR,NA,NA,-1,NA,NA,-1,NA,,,NA,NA,-1,NA,NA,-1,NA,NA,GRCh37,yes,unk,-1,-1,-1,-1,-1,-1,-1,-1,"DIAGNOSTIC INTERPRETATION: POSITIVE FOR THE FOLLOWING ISOFORM IN THE INVESTIGATIONAL PANEL:  AR (NM_000044) Variant 7 (AR V-7) PMID: 19117982 , 26554309",NA,NA,AR-intragenic - Archer,NA,-1,Lab Notes Run Number: ArcherV3-CLIN-20200020 Macro-dissection: Not Performed,SOMATIC,367.0
UC0wMDUwMDcyLVQwMS1JTTY6YnJlYXN0X21za18yMDI1,UC0wMDUwMDcyOmJyZWFzdF9tc2tfMjAyNQ,breast_msk_2025_structural_variants,P-0050072-T01-IM6,P-0050072,breast_msk_2025,AR,NA,NA,-1,NA,NA,-1,NA,,,NA,NA,-1,NA,NA,-1,NA,NA,GRCh37,yes,unk,-1,-1,-1,-1,-1,-1,-1,-1,"DIAGNOSTIC INTERPRETATION: POSITIVE FOR THE FOLLOWING ISOFORM IN THE INVESTIGATIONAL PANEL:  AR (NM_000044) Variant 7 (AR V-7) PMID: 26554309, 19117982  Note: The isoform was detected with low frequency.",NA,NA,AR-intragenic - Archer,NA,-1,Lab Notes Run Number: ArcherV3-CLIN-20190240 Macro-dissection: Not Performed,SOMATIC,367.0
UC0wMDE2MjQ0LVQwMy1JTTc6YnJlYXN0X21za18yMDI1,UC0wMDE2MjQ0OmJyZWFzdF9tc2tfMjAyNQ,breast_msk_2025_structural_variants,P-0016244-T03-IM7,P-0016244,breast_msk_2025,AR,NA,NA,-1,NA,NA,-1,NA,,,NA,NA,-1,NA,NA,-1,NA,NA,GRCh37,yes,unk,-1,-1,-1,-1,-1,-1,-1,-1,POSITIVE FOR THE FOLLOWING ISOFORM IN THE INVESTIGATIONAL PANEL:  AR (NM_000044) Variant 7 (AR V-7) PMID: 19117982,NA,NA,AR-intragenic - Archer,NA,-1,Lab Notes Run Number: ArcherV4-CLIN-20210002 Macro-dissection: Performed,SOMATIC,367.0
UC0wMDYwMzA0LVQwMS1JTTc6YnJlYXN0X21za18yMDI1,UC0wMDYwMzA0OmJyZWFzdF9tc2tfMjAyNQ,breast_msk_2025_structural_variants,P-0060304-T01-IM7,P-0060304,breast_msk_2025,AR,NA,NA,-1,NA,NA,-1,NA,,,NA,NA,-1,NA,NA,-1,NA,NA,GRCh37,yes,unk,-1,-1,-1,-1,-1,-1,-1,-1,"POSITIVE FOR THE FOLLOWING ISOFORM IN THE INVESTIGATIONAL PANEL:         AR (NM_000044) Variant 7 (AR V-7)     PMID: 26554309, 19117982",NA,NA,AR-intragenic - Archer,NA,-1,Lab Notes Run Number: ArcherV4-CLIN-20200203 Macro-dissection: Performed,SOMATIC,367.0
UC0wMDM1NjE5LVQwMS1JTTY6YnJlYXN0X21za18yMDI1,UC0wMDM1NjE5OmJyZWFzdF9tc2tfMjAyNQ,breast_msk_2025_structural_variants,P-0035619-T01-IM6,P-0035619,breast_msk_2025,AR,NA,NA,-1,NA,NA,-1,NA,,,NA,NA,-1,NA,NA,-1,NA,NA,GRCh37,yes,unk,-1,-1,-1,-1,-1,-1,-1,-1,"DIAGNOSTIC INTERPRETATION: POSITIVE FOR THE FOLLOWING ISOFORM IN THE INVESTIGATIONAL PANEL: AR (NM_000044) Variant 7 (AR V-7) PMID: 26554309, 19117982",NA,NA,AR-intragenic - Archer,NA,-1,Lab Notes Run Number: ArcherV3-CLIN-20180172 Macro-dissection: Unknown,SOMATIC,367.0
UC0wMDUxNzAyLVQwMS1JTTY6YnJlYXN0X21za18yMDI1,UC0wMDUxNzAyOmJyZWFzdF9tc2tfMjAyNQ,breast_msk_2025_structural_variants,P-0051702-T01-IM6,P-0051702,breast_msk_2025,AR,NA,NA,-1,NA,NA,-1,NA,,,NA,NA,-1,NA,NA,-1,NA,NA,GRCh37,yes,unk,-1,-1,-1,-1,-1,-1,-1,-1,POSITIVE FOR THE FOLLOWING ISOFORM IN THE INVESTIGATIONAL PANEL:   AR (NM_000044) Variant 7 (AR V-7) PMID: 19117982,NA,NA,AR-intragenic - Archer,NA,-1,Lab Notes Run Number: ArcherV3-CLIN-20200027 Macro-dissection: Not Performed,SOMATIC,367.0
UC0wMDI5ODMzLVQwMy1JTTY6YnJlYXN0X21za18yMDI1,UC0wMDI5ODMzOmJyZWFzdF9tc2tfMjAyNQ,breast_msk_2025_structural_variants,P-0029833-T03-IM6,P-0029833,breast_msk_2025,AR,NA,NA,-1,NA,NA,-1,NA,,,NA,NA,-1,NA,NA,-1,NA,NA,GRCh37,yes,unk,-1,-1,-1,-1,-1,-1,-1,-1,POSITIVE FOR THE FOLLOWING INVESTIGATIONAL EVENT:    Androgen Receptor variant 7 transcript (AR-V7). PMID: 19117982,NA,NA,AR-intragenic - Archer,NA,-1,Lab Notes Run Number: Archerv3-CLIN-20190114 Macro-dissection: Not Performed,SOMATIC,367.0
UC0wMDU2MTA3LVQwMS1JTTY6YnJlYXN0X21za18yMDI1,UC0wMDU2MTA3OmJyZWFzdF9tc2tfMjAyNQ,breast_msk_2025_structural_variants,P-0056107-T01-IM6,P-0056107,breast_msk_2025,AR,NA,NA,-1,NA,NA,-1,NA,,,NA,NA,-1,NA,NA,-1,NA,NA,GRCh37,yes,unk,-1,-1,-1,-1,-1,-1,-1,-1,POSITIVE FOR THE FOLLOWING ISOFORM IN THE INVESTIGATIONAL PANEL:  AR (NM_000044) Variant 7 (AR V-7) PMID: 19117982,NA,NA,AR-intragenic - Archer,NA,-1,Lab Notes Run Number: ArcherV3-CLIN-20200120 Macro-dissection: Performed,SOMATIC,367.0
UC0wMDM0NjgzLVQwMS1JTTY6YnJlYXN0X21za18yMDI1,UC0wMDM0NjgzOmJyZWFzdF9tc2tfMjAyNQ,breast_msk_2025_structural_variants,P-0034683-T01-IM6,P-0034683,breast_msk_2025,AR,NA,NA,-1,NA,NA,-1,NA,,,NA,NA,-1,NA,NA,-1,NA,NA,GRCh37,yes,unk,-1,-1,-1,-1,-1,-1,-1,-1,DIAGNOSTIC INTERPRETATION: POSITIVE FOR THE FOLLOWING ISOFORM IN THE INVESTIGATIONAL PANEL: AR (NM_000044) Variant 7 (AR V-7) PMID: 19117982,NA,NA,AR-intragenic - Archer,NA,-1,Lab Notes Run Number: ArcherV3-CLIN-20180157 Macro-dissection: Unknown,SOMATIC,367.0
UC0wMDUxNDUwLVQwMS1JTTY6YnJlYXN0X21za18yMDI1,UC0wMDUxNDUwOmJyZWFzdF9tc2tfMjAyNQ,breast_msk_2025_structural_variants,P-0051450-T01-IM6,P-0051450,breast_msk_2025,AR,NA,NA,-1,NA,NA,-1,NA,,,NA,NA,-1,NA,NA,-1,NA,NA,GRCh37,yes,unk,-1,-1,-1,-1,-1,-1,-1,-1,POSITIVE FOR THE FOLLOWING ISOFORM IN THE INVESTIGATIONAL PANEL:   AR (NM_000044) Variant 7 (AR V-7) PMID: 19117982  POSITIVE FOR GENE FUSIONS IN THE INVESTIGATIONAL PANEL: RAB11FIP1-FGFR1 fusion. Note: The rearrangement is an in-frame fusion between gene,NA,NA,AR-intragenic - Archer,NA,-1,Lab Notes Run Number: ArcherV3-CLIN-20200026 Macro-dissection: Performed,SOMATIC,367.0
UC0wMDQ5MTQ2LVQwMS1JTTY6YnJlYXN0X21za18yMDI1,UC0wMDQ5MTQ2OmJyZWFzdF9tc2tfMjAyNQ,breast_msk_2025_structural_variants,P-0049146-T01-IM6,P-0049146,breast_msk_2025,AR,NA,NA,-1,NA,NA,-1,NA,,,NA,NA,-1,NA,NA,-1,NA,NA,GRCh37,yes,unk,-1,-1,-1,-1,-1,-1,-1,-1,"POSITIVE FOR THE FOLLOWING ISOFORM IN THE INVESTIGATIONAL PANEL:    AR (NM_000044) Variant 7 (AR V-7) PMID: 26554309, 19117982 Note: this event was present at low frequency.",NA,NA,AR-intragenic - Archer,NA,-1,Lab Notes Run Number: ArcherV3-CLIN-20190223 Macro-dissection: Unknown,SOMATIC,367.0
UC0wMDI1Mzk2LVQwMy1JTTY6YnJlYXN0X21za18yMDI1,UC0wMDI1Mzk2OmJyZWFzdF9tc2tfMjAyNQ,breast_msk_2025_structural_variants,P-0025396-T03-IM6,P-0025396,breast_msk_2025,AR,NA,NA,-1,NA,NA,-1,NA,,,NA,NA,-1,NA,NA,-1,NA,NA,GRCh37,yes,unk,-1,-1,-1,-1,-1,-1,-1,-1,"POSITIVE FOR THE FOLLOWING ISOFORM IN THE INVESTIGATIONAL PANEL:      AR (NM_000044) Variant 7 (AR V-7)    PMID: 26554309, 19117982  Note: The isoform is detected with low frequency in this material.",NA,NA,AR-intragenic - Archer,NA,-1,Lab Notes Run Number: Archerv3-CLIN-20190107 Macro-dissection: Not Performed,SOMATIC,367.0
UC0wMDMwMjQwLVQwMi1JTTY6YnJlYXN0X21za18yMDI1,UC0wMDMwMjQwOmJyZWFzdF9tc2tfMjAyNQ,breast_msk_2025_structural_variants,P-0030240-T02-IM6,P-0030240,breast_msk_2025,AR,NA,NA,-1,NA,NA,-1,NA,,,NA,NA,-1,NA,NA,-1,NA,NA,GRCh37,yes,unk,-1,-1,-1,-1,-1,-1,-1,-1,"NEGATIVE FOR GENE FUSIONS IN THE CLINICALLY VALIDATED PANEL. POSITIVE FOR THE FOLLOWING ISOFORM IN THE INVESTIGATIONAL PANEL: AR (NM_000044) Variant 7 (AR V-7), PMID: 19117982",NA,NA,AR-intragenic - Archer,NA,-1,Lab Notes Run Number: ArcherV3-CLIN-20190188 Macro-dissection: Not Performed,SOMATIC,367.0
UC0wMDQ4ODg5LVQwMy1JTTc6YnJlYXN0X21za18yMDI1,UC0wMDQ4ODg5OmJyZWFzdF9tc2tfMjAyNQ,breast_msk_2025_structural_variants,P-0048889-T03-IM7,P-0048889,breast_msk_2025,AR,NA,NA,-1,NA,NA,-1,NA,,,NA,NA,-1,NA,NA,-1,NA,NA,GRCh37,yes,unk,-1,-1,-1,-1,-1,-1,-1,-1,"POSITIVE FOR THE FOLLOWING ISOFORM IN THE INVESTIGATIONAL PANEL:         AR (NM_000044) Variant 7 (AR V-7)     PMID: 26554309, 19117982",NA,NA,AR-intragenic - Archer,NA,-1,Lab Notes Run Number: ArcherV4-CLIN-20200211 Macro-dissection: Not Performed,SOMATIC,367.0
UC0wMDUwMjc3LVQwMS1JTTY6YnJlYXN0X21za18yMDI1,UC0wMDUwMjc3OmJyZWFzdF9tc2tfMjAyNQ,breast_msk_2025_structural_variants,P-0050277-T01-IM6,P-0050277,breast_msk_2025,AR,NA,NA,-1,NA,NA,-1,NA,,,NA,NA,-1,NA,NA,-1,NA,NA,GRCh37,yes,unk,-1,-1,-1,-1,-1,-1,-1,-1,POSITIVE FOR THE FOLLOWING ONCOGENIC ISOFORM: AR (NM_000044) Variant 7 (AR V-7) PMID: 19117982,NA,NA,AR-intragenic - Archer,NA,-1,Lab Notes Run Number: ArcherV3-CLIN-20200006 Macro-dissection: Not Performed,SOMATIC,367.0
UC0wMDAzNzg3LVQwMy1JTTY6YnJlYXN0X21za18yMDI1,UC0wMDAzNzg3OmJyZWFzdF9tc2tfMjAyNQ,breast_msk_2025_structural_variants,P-0003787-T03-IM6,P-0003787,breast_msk_2025,ARAF,NA,X,47422458,NA,NA,-1,Exon 2 of ARAF(+),,,NA,X,55572301,NA,NA,-1,IGR: 61Kb before USP51(-),NA,GRCh37,yes,unk,134274,258260,0,288,-1,92,-1,0,ARAF (NM_001654) rearrangement: c.92:ARAF_chrX:g.55572301del,IMPPRECISE,3to5,ARAF-intragenic,DELETION,8149843,Note: The ARAF rearrangement is a deletion of exons 2 - 16. One of the breakpoints is within exon 2. The rearrangement includes the kinase domain of ARAF. Functional significance is undetermined.,SOMATIC,369.0
UC0wMDQ0MzE5LVQwMS1JTTY6YnJlYXN0X21za18yMDI1,UC0wMDQ0MzE5OmJyZWFzdF9tc2tfMjAyNQ,breast_msk_2025_structural_variants,P-0044319-T01-IM6,P-0044319,breast_msk_2025,ARAF,NA,X,47424074,NA,NA,-1,Intron of ARAF(+):121bp before exon 4,,,NA,X,126786845,NA,NA,-1,IGR: 398Kb before ACTRT1(-),NA,GRCh37,NA,NA,380759,619753,0,5,-1,-1,-1,-1,ARAF (NM_001654) rearrangement: c.201-122:ARAF_chrX:g.126786845del,PRECISE,3to5,ARAF-intragenic,DELETION,79362771,Note: The ARAF rearrangement is a deletion of exons 4 - 16. The rearrangement includes the kinase domain of ARAF. Functional significance is undetermined.,SOMATIC,369.0
UC0wMDAzMTA4LVQwMS1JTTU6YnJlYXN0X21za18yMDI1,UC0wMDAzMTA4OmJyZWFzdF9tc2tfMjAyNQ,breast_msk_2025_structural_variants,P-0003108-T01-IM5,P-0003108,breast_msk_2025,ARHGAP45,NA,19,1071286,NA,NA,-1,Intron of HMHA1(+): 2Kb before exon 3,6794.0,STK11,NA,19,1207046,NA,NA,-1,Exon 1 of STK11(+),NA,GRCh37,NA,NA,1634,856,0,28,-1,-1,-1,-1,NA,PRECISE,3to5,Protein fusion: mid-exon (HMHA1-STK11),DELETION,135760,Note: The HMHA1 (NM_012292) - STK11 (NM_000455) rearrangement event is a deletion which results in the fusion of HMHA1 exons 1-2 and STK11 exons 1-9. Breakpoint on STK11 is within exon1. Its functional significance is undetermined.,SOMATIC,23526.0
UC0wMDM4MzE5LVQwMS1JTTY6YnJlYXN0X21za18yMDI1,UC0wMDM4MzE5OmJyZWFzdF9tc2tfMjAyNQ,breast_msk_2025_structural_variants,P-0038319-T01-IM6,P-0038319,breast_msk_2025,ARHGEF17,NA,11,73034925,NA,NA,-1,Intron of ARHGEF17(+):12Kb after exon 1,54904.0,NSD3,NA,8,38187156,NA,NA,-1,Exon 6 of WHSC1L1(-),NA,GRCh37,yes,unk,0,0,0,268,-1,273,-1,10,ARHGEF17 (NM_014786) - WHSC1L1 (NM_023034) rearrangement: t(8;11)(p11.23;q13.4)(chr8:g.38187156::chr11:g.73034925),PRECISE,3to3,Protein Fusion: mid-exon  {ARHGEF17:WHSC1L1},TRANSLOCATION,0,Note: The ARHGEF17 - WHSC1L1 rearrangement is a translocation that results in the fusion of ARHGEF17 exon 1 with WHSC1L1 exons 6-24. The functional significance is undetermined.,SOMATIC,9828.0
UC0wMDEwMTcxLVQwMS1JTTU6YnJlYXN0X21za18yMDI1,UC0wMDEwMTcxOmJyZWFzdF9tc2tfMjAyNQ,breast_msk_2025_structural_variants,P-0010171-T01-IM5,P-0010171,breast_msk_2025,ARID1A,NA,2,210926778,NA,NA,-1,Intron of C2orf67(-): 13Kb after exon 6,,,NA,1,27059158,NA,NA,-1,Intron of ARID1A(+): 9bp before exon 4,NA,GRCh37,NA,NA,0,0,0,24,-1,-1,-1,-1,ARID1A (NM_006015) rearrangement: t(1;2)(p36.11;q34)(chr1:g.27059158::chr2:g.210926778),PRECISE,3to5,ARID1A-intragenic,TRANSLOCATION,0,Note: The ARID1A rearrangement is a translocation that may result in the truncation of ARID1A exons 4-20. The functional significance is undetermined.,SOMATIC,8289.0
UC0wMDA0OTEyLVQwMS1JTTU6YnJlYXN0X21za18yMDI1,UC0wMDA0OTEyOmJyZWFzdF9tc2tfMjAyNQ,breast_msk_2025_structural_variants,P-0004912-T01-IM5,P-0004912,breast_msk_2025,ARID1A,NA,1,27101204,NA,NA,-1,Exon 18 of ARID1A(+),,,NA,1,27552578,NA,NA,-1,IGR: 8Kb before WDTC1(+),NA,GRCh37,NA,NA,17285,13587,0,27,-1,-1,-1,-1,ARID1A(NM_006015) Rearrangement : c.4486:ARID1A_chr1:g.27552578inv,PRECISE,5to5,ARID1A-intragenic,INVERSION,451374,Note: The ARID1A(NM_006015) Rearrangement results in the inversion of exons 18 to 20.The breakpoint is within exon 18.Its functional significance is undetermined.,SOMATIC,8289.0
UC0wMDA0NjcwLVQwMS1JTTU6YnJlYXN0X21za18yMDI1,UC0wMDA0NjcwOmJyZWFzdF9tc2tfMjAyNQ,breast_msk_2025_structural_variants,P-0004670-T01-IM5,P-0004670,breast_msk_2025,ARID1A,NA,1,27066074,NA,NA,-1,Intron of ARID1A(+): 7Kb after exon 4,,,NA,1,27089712,NA,NA,-1,Exon 8 of ARID1A(+),NA,GRCh37,yes,unk,7471,4172,0,5,-1,5,-1,6,ARID1A (NM_006015) rearrangement: c.1920+6791_c.2668del,PRECISE,3to5,Deletion within transcript: mid-exon,DELETION,23638,The ARID1A (NM_006015) rearrangement is an intragenic deletion of exons 5-8 of ARID1A. The functional significance is undetermined.,SOMATIC,8289.0
UC0wMDI3NTQyLVQwMS1JTTY6YnJlYXN0X21za18yMDI1,UC0wMDI3NTQyOmJyZWFzdF9tc2tfMjAyNQ,breast_msk_2025_structural_variants,P-0027542-T01-IM6,P-0027542,breast_msk_2025,ARID1A,NA,1,27037782,NA,NA,-1,Intron of ARID1A(+):14Kb after exon 1,,,NA,1,27099918,NA,NA,-1,Exon 15 of ARID1A(+),NA,GRCh37,yes,unk,19992,11646,0,12,-1,12,-1,10,ARID1A (NM_006015) rearrangement: c.1137+13751_c.3797dup,PRECISE,5to3,Duplication within transcript : mid-exon,DUPLICATION,62136,Note: The ARID1A rearrangement results in the duplication of exons 2-15. One of the breakpoints is within exon 15. The functional significance is undetermined.,SOMATIC,8289.0
UC0wMDE0NzAzLVQwMi1JTTY6YnJlYXN0X21za18yMDI1,UC0wMDE0NzAzOmJyZWFzdF9tc2tfMjAyNQ,breast_msk_2025_structural_variants,P-0014703-T02-IM6,P-0014703,breast_msk_2025,ARID1A,NA,1,26711347,NA,NA,-1,IGR: 23Kb before ZNF683(-),,,NA,1,27092680,NA,NA,-1,Intron of ARID1A(+):31bp before exon 9,NA,GRCh37,NA,NA,14404,24859,0,11,-1,-1,-1,-1,ARID1A (NM_006015) Deletion : g.26711347_c.2733-32del,PRECISE,3to5,ARID1A-intragenic,DELETION,381333,"Note: The ARID1A deletion is a rearrangement that could lead to a truncation after exon 8, with a break point between exons 8 and 9.",SOMATIC,8289.0
UC0wMDMxNTI5LVQwMS1JTTY6YnJlYXN0X21za18yMDI1,UC0wMDMxNTI5OmJyZWFzdF9tc2tfMjAyNQ,breast_msk_2025_structural_variants,P-0031529-T01-IM6,P-0031529,breast_msk_2025,ARID1A,NA,1,27023447,NA,NA,-1,Exon 1 of ARID1A(+),,,NA,1,27046754,NA,NA,-1,Intron of ARID1A(+):9Kb before exon 2,NA,GRCh37,NA,NA,1548,1583,0,33,-1,-1,-1,-1,ARID1A (NM_006015) rearrangement: c.553_c.1138-9388del,PRECISE,3to5,Deletion within transcript : mid-exon,DELETION,23307,Note: The ARID1A rearrangement results in the deletion of exon 1. One of the breakpoints is within exon 1.,SOMATIC,8289.0
UC0wMDE4MDQ4LVQwMi1JTTY6YnJlYXN0X21za18yMDI1,UC0wMDE4MDQ4OmJyZWFzdF9tc2tfMjAyNQ,breast_msk_2025_structural_variants,P-0018048-T02-IM6,P-0018048,breast_msk_2025,ARID1A,NA,1,27099025,NA,NA,-1,Exon 13 of ARID1A(+),,,NA,1,27099625,NA,NA,-1,Intron of ARID1A(+):147bp after exon 14,NA,GRCh37,yes,unk,1872,2627,0,24,-1,23,-1,10,ARID1A (NM_006015) Rearrangement : c.3441_c.3715+147del,PRECISE,5to3,Duplication within transcript : mid-exon,DUPLICATION,600,Note: The ARID1A Rearrangement results in the intragenic deletion of exon13. Its functional significance is undetermined.,SOMATIC,8289.0
UC0wMDM0Njg1LVQwMS1JTTY6YnJlYXN0X21za18yMDI1,UC0wMDM0Njg1OmJyZWFzdF9tc2tfMjAyNQ,breast_msk_2025_structural_variants,P-0034685-T01-IM6,P-0034685,breast_msk_2025,ARID1A,NA,1,27090894,NA,NA,-1,Intron of ARID1A(+):1Kb after exon 8,,,NA,1,27099347,NA,NA,-1,Exon 14 of ARID1A(+),NA,GRCh37,NA,NA,7307,10666,0,33,-1,-1,-1,-1,ARID1A (NM_006015) Rearrangement : c.2732+1118_c.3584dup,PRECISE,5to3,Duplication within transcript : mid-exon,DUPLICATION,8453,Note: The ARID1A Rearrangement results in the intragenic inversion of exons 9-14 of ARID1A. One of the breakpoints is within exon14. Its functional significance is undetermined.,SOMATIC,8289.0
UC0wMDE5MDIyLVQwMi1JTTY6YnJlYXN0X21za18yMDI1,UC0wMDE5MDIyOmJyZWFzdF9tc2tfMjAyNQ,breast_msk_2025_structural_variants,P-0019022-T02-IM6,P-0019022,breast_msk_2025,ARID1A,NA,1,27089483,NA,NA,-1,Exon 8 of ARID1A(+),,,NA,1,27099760,NA,NA,-1,Intron of ARID1A(+):76bp before exon 15,NA,GRCh37,NA,NA,14025,19876,0,66,-1,-1,-1,-1,ARID1A (NM_006015) rearrangement: c.2439_c.3716-77dup,PRECISE,5to3,Duplication within transcript : mid-exon,DUPLICATION,10277,Note: The ARID1A rearrangement results in the duplication of exons 8-14. One of the breakpoints is within exon 8. The functional significance is undetermined.,SOMATIC,8289.0
UC0wMDIxNTczLVQwMS1JTTY6YnJlYXN0X21za18yMDI1,UC0wMDIxNTczOmJyZWFzdF9tc2tfMjAyNQ,breast_msk_2025_structural_variants,P-0021573-T01-IM6,P-0021573,breast_msk_2025,ARID1A,NA,1,27021676,NA,NA,-1,Promoter of ARID1A(+):845bp from tx start,,,NA,1,27023822,NA,NA,-1,Exon 1 of ARID1A(+),NA,GRCh37,NA,NA,4382,4920,0,5,-1,-1,-1,-1,ARID1A (NM_006015) rearrangement: g.27021676_c.928del,PRECISE,3to5,Deletion within transcript : mid-exon,DELETION,2146,Note: The ARID1A rearrangement results in the deletion of exon 1. One of the breakpoints is within exon 1. The functional significance is undetermined.,SOMATIC,8289.0
UC0wMDA5NzQwLVQwMS1JTTU6YnJlYXN0X21za18yMDI1,UC0wMDA5NzQwOmJyZWFzdF9tc2tfMjAyNQ,breast_msk_2025_structural_variants,P-0009740-T01-IM5,P-0009740,breast_msk_2025,ARID1B,NA,6,157222659,NA,NA,-1,Exon 4 of ARID1B(+),,,NA,6,157223463,NA,NA,-1,Intron of ARID1B(+): 804bp after exon 4,NA,GRCh37,yes,unk,78,57,0,63,-1,64,-1,73,ARID1B (NM_020732) rearrangement: c.1926_c.1926+804del,PRECISE,3to5,Deletion within transcript: mid-exon,DELETION,804,Note: The ARID1B (NM_020732) rearrangement is a an intragenic deletion involving exon 4. One of the breakpoints is within exon 4. The functional significance is undetermined.,SOMATIC,57492.0
UC0wMDI0NzgyLVQwMS1JTTY6YnJlYXN0X21za18yMDI1,UC0wMDI0NzgyOmJyZWFzdF9tc2tfMjAyNQ,breast_msk_2025_structural_variants,P-0024782-T01-IM6,P-0024782,breast_msk_2025,ARID1B,NA,6,157519886,NA,NA,-1,Intron of ARID1B(+):58bp before exon 17,,,NA,6,159459431,NA,NA,-1,Intron of TAGAP(-):171bp before exon 8,NA,GRCh37,NA,NA,18021,17871,0,3,-1,-1,-1,-1,ARID1B (NM_020732) Rearrangement : c.4014-59:ARID1B_c.784-171:TAGAPdup,PRECISE,5to3,ARID1B-intragenic,DUPLICATION,1939545,Note: The ARID1B Rearrangement results in the duplication of exons 17-20 of ARID1B. The functional significance is undetermined.,SOMATIC,57492.0
UC0wMDMzNDY2LVQwMy1JTTY6YnJlYXN0X21za18yMDI1,UC0wMDMzNDY2OmJyZWFzdF9tc2tfMjAyNQ,breast_msk_2025_structural_variants,P-0033466-T03-IM6,P-0033466,breast_msk_2025,ARID1B,NA,6,157452943,NA,NA,-1,Intron of ARID1B(+):1Kb before exon 8,,,NA,6,157454228,NA,NA,-1,Exon 8 of ARID1B(+),NA,GRCh37,NA,NA,677,499,0,40,-1,-1,-1,-1,ARID1B (NM_020732) rearrangement: c.2372-1219_c.2438del,PRECISE,3to5,Deletion within transcript : mid-exon,DELETION,1285,Note: The ARID1B rearrangement is an intragenic deletion of exon 8. One of the breakpoints is within exon 8.,SOMATIC,57492.0
UC0wMDE1MjA0LVQwMS1JTTY6YnJlYXN0X21za18yMDI1,UC0wMDE1MjA0OmJyZWFzdF9tc2tfMjAyNQ,breast_msk_2025_structural_variants,P-0015204-T01-IM6,P-0015204,breast_msk_2025,ARID1B,NA,6,157508630,NA,NA,-1,Intron of ARID1B(+): 2Kb before exon 14,,,NA,6,157522644,NA,NA,-1,Intron of ARID1B(+): 22bp after exon 18,NA,GRCh37,NA,NA,11653,12854,0,54,-1,-1,-1,-1,ARID1B (NM_020732) rearrangement: c.3377-2146_c.4720+22,PRECISE,5to3,Duplication of 5 exons: in frame,DUPLICATION,14014,Note: The ARID1B rearrangement is an intragenic duplication of exons 14-18. The functional significance is undetermined.,SOMATIC,57492.0
UC0wMDIyNDc0LVQwMi1JTTY6YnJlYXN0X21za18yMDI1,UC0wMDIyNDc0OmJyZWFzdF9tc2tfMjAyNQ,breast_msk_2025_structural_variants,P-0022474-T02-IM6,P-0022474,breast_msk_2025,ARID1B,NA,6,88437981,NA,NA,-1,IGR: 53Kb before AKIRIN2(-),,,NA,6,157405764,NA,NA,-1,Intron of ARID1B(+):31bp before exon 6,NA,GRCh37,NA,NA,390166,286730,0,17,-1,-1,-1,-1,ARID1B (NM_020732) rearrangement: chr6:g.88437981_c.1864-32:ARID1Bdel,PRECISE,3to5,ARID1B-intragenic,DELETION,68967783,Note: The ARID1B rearrangement is a deletion of exons 1-5. The functional significance is undetermined.,SOMATIC,57492.0
UC0wMDM2MjkzLVQwMS1JTTY6YnJlYXN0X21za18yMDI1,UC0wMDM2MjkzOmJyZWFzdF9tc2tfMjAyNQ,breast_msk_2025_structural_variants,P-0036293-T01-IM6,P-0036293,breast_msk_2025,ARID1B,NA,6,157071585,NA,NA,-1,IGR: 27Kb before ARID1B(+),,,NA,6,157527316,NA,NA,-1,Exon 20 of ARID1B(+),NA,GRCh37,NA,NA,34356,10269,0,131,-1,-1,-1,-1,ARID1B (NM_020732) rearrangement: c.4867:ARID1B_chr6:g.157071585del,PRECISE,3to5,ARID1B-intragenic,DELETION,455731,Note: The ARID1B rearrangement is a deletion of exons 1-19. Its functional significance is undetermined.,SOMATIC,57492.0
UC0wMDE1MDM5LVQwMS1JTTY6YnJlYXN0X21za18yMDI1,UC0wMDE1MDM5OmJyZWFzdF9tc2tfMjAyNQ,breast_msk_2025_structural_variants,P-0015039-T01-IM6,P-0015039,breast_msk_2025,ARID1B,NA,6,157384247,NA,NA,-1,Intron of ARID1B(+): 22Kb before exon 6,,,NA,6,157405941,NA,NA,-1,Exon 6 of ARID1B(+),NA,GRCh37,yes,unk,1407,1124,0,7,-1,7,-1,7,ARID1B (NM_020732) rearrangement: c.2038-21549_c.2183del,PRECISE,3to5,Deletion within transcript: mid-exon,DELETION,21694,Note: The ARID1B rearrangement is an intragenic deletion of exon 6.,SOMATIC,57492.0
UC0wMDQyOTMxLVQwMS1JTTY6YnJlYXN0X21za18yMDI1,UC0wMDQyOTMxOmJyZWFzdF9tc2tfMjAyNQ,breast_msk_2025_structural_variants,P-0042931-T01-IM6,P-0042931,breast_msk_2025,ARID1B,NA,6,157470094,NA,NA,-1,Intron of ARID1B(+):9bp after exon 9,,,NA,6,157494807,NA,NA,-1,Intron of ARID1B(+):334bp before exon 11,NA,GRCh37,yes,unk,2026,669,0,41,-1,40,-1,10,ARID1B (NM_020732) rearrangement: c.2879+9_c.3026-335del,PRECISE,3to5,Deletion of 1 exon : out of frame,DELETION,24713,Note: The ARID1B rearrangement is an intragenic deletion of exon 10.,SOMATIC,57492.0
UC0wMDM5NjAwLVQwMS1JTTY6YnJlYXN0X21za18yMDI1,UC0wMDM5NjAwOmJyZWFzdF9tc2tfMjAyNQ,breast_msk_2025_structural_variants,P-0039600-T01-IM6,P-0039600,breast_msk_2025,ARID1B,NA,6,157521882,NA,NA,-1,Exon 18 of ARID1B(+),,,NA,3,83610636,NA,NA,-1,IGR: 1Mb before LINC00971(-),NA,GRCh37,NA,NA,0,0,0,44,-1,-1,-1,-1,ARID1B (NM_020732) rearrangement: t(3;6)(p12.1;q25.3)(chr3:g.83610636::chr6:g.157521882),PRECISE,5to3,ARID1B-intragenic,TRANSLOCATION,0,Note: The ARID1B rearrangement is a translocation with a breakpoint in exon 18. Functional significance is undetermined.,SOMATIC,57492.0
UC0wMDM5NjAwLVQwMy1JTTY6YnJlYXN0X21za18yMDI1,UC0wMDM5NjAwOmJyZWFzdF9tc2tfMjAyNQ,breast_msk_2025_structural_variants,P-0039600-T03-IM6,P-0039600,breast_msk_2025,ARID1B,NA,6,157521882,NA,NA,-1,Exon 18 of ARID1B(+),,,NA,3,83610636,NA,NA,-1,IGR: 1Mb before LINC00971(-),NA,GRCh37,yes,unk,0,0,0,117,-1,116,-1,10,ARID1B (NM_020732) rearrangement: t(3;6)(p12.1;q25.3)(chr3:g.83610636::chr6:g.157521882),PRECISE,5to3,ARID1B-intragenic,TRANSLOCATION,0,Note: The ARID1B rearrangement is a translocation with a breakpoint in exon 18. Functional significance is undetermined.,SOMATIC,57492.0
UC0wMDA1NzEyLVQwMS1JTTU6YnJlYXN0X21za18yMDI1,UC0wMDA1NzEyOmJyZWFzdF9tc2tfMjAyNQ,breast_msk_2025_structural_variants,P-0005712-T01-IM5,P-0005712,breast_msk_2025,ARID2,NA,12,46246620,NA,NA,-1,Exon 15 of ARID2(+),,,NA,12,46258225,NA,NA,-1,Intron of ARID2(+): 3Kb after exon 16,NA,GRCh37,yes,unk,2006,2484,0,15,-1,15,-1,25,ARID2 (NM_152641) rearrangement: c.4714_c.4922+3493dup,PRECISE,5to3,Duplication within transcript: mid-exon,DUPLICATION,11605,The ARID2 (NM_152641) rearrangement is a duplication of ARID2 exons 15 and 16. One of the breakpoints is within exon 15. The functional significance is undetermined.,SOMATIC,196528.0
UC0wMDAyMzM2LVQwMS1JTTM6YnJlYXN0X21za18yMDI1,UC0wMDAyMzM2OmJyZWFzdF9tc2tfMjAyNQ,breast_msk_2025_structural_variants,P-0002336-T01-IM3,P-0002336,breast_msk_2025,ARID2,NA,12,46231211,NA,NA,-1,Intron of ARID2(+): 11bp after exon 9,,,NA,12,46233681,NA,NA,-1,Intron of ARID2(+): 402bp after exon 11,NA,GRCh37,yes,unk,3609,4518,0,20,-1,16,-1,37,ARID2 (NM_152641) Duplication : c.1120+11_c.1498+402dup,PRECISE,5to3,Duplication of 2 exons: in frame,DUPLICATION,2470,Note: ARID2 duplication is a structural rearrangement in which exons 10 and  11 are duplicated,SOMATIC,196528.0
UC0wMDAxNjM1LVQwMS1JTTM6YnJlYXN0X21za18yMDI1,UC0wMDAxNjM1OmJyZWFzdF9tc2tfMjAyNQ,breast_msk_2025_structural_variants,P-0001635-T01-IM3,P-0001635,breast_msk_2025,ARID2,NA,12,46123743,NA,NA,-1,Intron of ARID2(+): 32bp after exon 1,,,NA,12,46142178,NA,NA,-1,Intron of ARID2(+): 17Kb after exon 3,NA,GRCh37,yes,unk,3678,4338,0,49,-1,44,-1,73,None,PRECISE,3to5,Deletion of 2 exons: in frame,DELETION,18435,NA,SOMATIC,196528.0
UC0wMDA0ODQxLVQwMS1JTTU6YnJlYXN0X21za18yMDI1,UC0wMDA0ODQxOmJyZWFzdF9tc2tfMjAyNQ,breast_msk_2025_structural_variants,P-0004841-T01-IM5,P-0004841,breast_msk_2025,ARID2,NA,12,46125053,NA,NA,-1,Exon 3 of ARID2(+),,,NA,12,46126136,NA,NA,-1,Intron of ARID2(+): 1Kb after exon 3,NA,GRCh37,yes,unk,240,161,0,6,-1,6,-1,9,ARID2(NM_152641) Rearrangement :  c.240_284+1039del,PRECISE,3to5,Deletion within transcript: mid-exon,DELETION,1083,Note: The ARID2(NM_152641)  Rearrangement results in the intragenic deletion of exon 3.The breakpoint is within exon 3 .Its functional significance is undetermined.,SOMATIC,196528.0
UC0wMDQwMDg1LVQwMi1JTTY6YnJlYXN0X21za18yMDI1,UC0wMDQwMDg1OmJyZWFzdF9tc2tfMjAyNQ,breast_msk_2025_structural_variants,P-0040085-T02-IM6,P-0040085,breast_msk_2025,ARID2,NA,12,46243406,NA,NA,-1,Exon 14 of ARID2(+),,,NA,12,46244543,NA,NA,-1,Exon 15 of ARID2(+),NA,GRCh37,yes,unk,3815,2648,0,2,-1,2,-1,7,ARID2 (NM_152641) rearrangement: c.1759_c.2637inv,PRECISE,5to5,ARID2-intragenic,INVERSION,1137,Note: The ARID2 rearrangement is an intragenic inversion of exons 14 - 15. The breakpoints are within exon 14 and exon 15. Functional significance is undetermined.,SOMATIC,196528.0
UC0wMDEyNjc0LVQwMi1JTTY6YnJlYXN0X21za18yMDI1,UC0wMDEyNjc0OmJyZWFzdF9tc2tfMjAyNQ,breast_msk_2025_structural_variants,P-0012674-T02-IM6,P-0012674,breast_msk_2025,ARID2,NA,12,46231055,NA,NA,-1,Intron of ARID2(+):48bp before exon 9,,,NA,12,46245882,NA,NA,-1,Exon 15 of ARID2(+),NA,GRCh37,yes,unk,15109,12274,0,68,-1,10,-1,10,ARID2 (NM_152641) rearrangement: c.1024-49_c.3976dup,PRECISE,5to3,Duplication within transcript : mid-exon,DUPLICATION,14827,Note: The ARID2 rearrangement is an intragenic duplication of exons 9 - 15. One of the breakpoints is within exon 15. Functional significance is undetermined.,SOMATIC,196528.0
UC0wMDE2NDk5LVQwMS1JTTY6YnJlYXN0X21za18yMDI1,UC0wMDE2NDk5OmJyZWFzdF9tc2tfMjAyNQ,breast_msk_2025_structural_variants,P-0016499-T01-IM6,P-0016499,breast_msk_2025,ARID2,NA,12,46215187,NA,NA,-1,Intron of ARID2(+):15bp before exon 6,,,NA,12,46215775,NA,NA,-1,Intron of ARID2(+):505bp after exon 6,NA,GRCh37,yes,unk,529,1074,0,9,-1,9,-1,10,ARID2 (NM_152641) rearrangement: c.638-16_c.705+505inv,PRECISE,5to5,ARID2-intragenic,INVERSION,588,Note: The ARID2 rearrangement is an intragenic inversion of exon 6.,SOMATIC,196528.0
UC0wMDEzNjI1LVQwMS1JTTU6YnJlYXN0X21za18yMDI1,UC0wMDEzNjI1OmJyZWFzdF9tc2tfMjAyNQ,breast_msk_2025_structural_variants,P-0013625-T01-IM5,P-0013625,breast_msk_2025,ARID5B,NA,10,63810358,NA,NA,-1,Intron of ARID5B(+): 289bp before exon 5,,,NA,10,63817020,NA,NA,-1,Exon 6 of ARID5B(+),NA,GRCh37,yes,unk,2537,1667,0,10,-1,10,-1,16,ARID5B (NM_032199) rearrangement: c.734-289_c.991del,PRECISE,3to5,Deletion within transcript: mid-exon,DELETION,6662,Note: The ARID5B rearrangement is an intragenic deletion of exons 5-6. One of the breakpoints is within exon 6. The functional significance is undetermined.,SOMATIC,84159.0
UC0wMDMzNDkyLVQwMS1JTTY6YnJlYXN0X21za18yMDI1,UC0wMDMzNDkyOmJyZWFzdF9tc2tfMjAyNQ,breast_msk_2025_structural_variants,P-0033492-T01-IM6,P-0033492,breast_msk_2025,ARID5B,NA,10,63852117,NA,NA,-1,Exon 10 of ARID5B(+),,,NA,10,63926333,NA,NA,-1,IGR: 27Kb before RTKN2(-),NA,GRCh37,NA,NA,3678,4852,0,4,-1,-1,-1,-1,ARID5B (NM_032199) rearrangement: c.2895:ARID5B_chr10:g.63926333dup,PRECISE,5to3,ARID5B-intragenic,DUPLICATION,74216,Note: The ARID5B rearrangement results in the duplication of exon 10. One of the breakpoints is within exon 10.,SOMATIC,84159.0
UC0wMDU1NTQyLVQwMS1JTTY6YnJlYXN0X21za18yMDI1,UC0wMDU1NTQyOmJyZWFzdF9tc2tfMjAyNQ,breast_msk_2025_structural_variants,P-0055542-T01-IM6,P-0055542,breast_msk_2025,ASXL1,NA,20,31019347,NA,NA,-1,Intron of ASXL1(+):38bp before exon 9,,,NA,18,880444,NA,NA,-1,IGR: 24Kb before ADCYAP1(+),NA,GRCh37,NA,NA,0,0,0,30,-1,-1,-1,-1,ASXL1 (NM_015338) rearrangement: t(18;20)(p11.32;q11.21)(chr18:g.880444::chr20:g.31019347),PRECISE,5to3,ASXL1-intragenic,TRANSLOCATION,0,Note: The ASXL1 rearrangement is a translocation with a breakpoint in intron 8. Functional significance is undetermined. Multiple rearrangements involving ASXL1 were detected in this sample and a more complex rearrangement resulting in a ASXL1 fusion is p,SOMATIC,171023.0
UC0wMDM3MDk5LVQwMS1JTTY6YnJlYXN0X21za18yMDI1,UC0wMDM3MDk5OmJyZWFzdF9tc2tfMjAyNQ,breast_msk_2025_structural_variants,P-0037099-T01-IM6,P-0037099,breast_msk_2025,ASXL1,NA,20,31016203,NA,NA,-1,Exon 5 of ASXL1(+),,,NA,20,31520829,NA,NA,-1,IGR: 51Kb before SUN5(-),NA,GRCh37,yes,unk,63409,116716,0,4,-1,4,-1,5,ASXL1 (NM_015338) rearrangement: c.449:ASXL1_chr20:g.31520829dup,PRECISE,5to3,ASXL1-intragenic,DUPLICATION,504626,Note: The ASXL1 rearrangement results in the duplication of exons 5-12. One of the breakpoints is within exon 5.,SOMATIC,171023.0
UC0wMDI2NzEwLVQwMi1JTTY6YnJlYXN0X21za18yMDI1,UC0wMDI2NzEwOmJyZWFzdF9tc2tfMjAyNQ,breast_msk_2025_structural_variants,P-0026710-T02-IM6,P-0026710,breast_msk_2025,ASXL1,NA,20,31023295,NA,NA,-1,Exon 12 of ASXL1(+),6904.0,TBCD,NA,17,80876983,NA,NA,-1,Intron of TBCD(+):1Kb before exon 24,NA,GRCh37,yes,unk,0,0,0,40,-1,40,-1,10,ASXL1 (NM_015338) - TBCD (NM_005993) rearrangement: t(17;20)(q25.3;q11.21)(chr17:g.80876983::chr20:g.31023295),PRECISE,3to5,Protein Fusion: mid-exon  {ASXL1:TBCD},TRANSLOCATION,0,Note: The ASXL1 - TBCD rearrangement is a translocation that results in a fusion of ASXL1 exons 1 - 12 to TBCD exons 24 - 39. One of the breakpoints is within ASXL1 exon 12. Functional significance is undetermined.,SOMATIC,171023.0
UC0wMDI2NzEwLVQwMS1JTTY6YnJlYXN0X21za18yMDI1,UC0wMDI2NzEwOmJyZWFzdF9tc2tfMjAyNQ,breast_msk_2025_structural_variants,P-0026710-T01-IM6,P-0026710,breast_msk_2025,ASXL1,NA,20,31023295,NA,NA,-1,Exon 12 of ASXL1(+),6904.0,TBCD,NA,17,80876983,NA,NA,-1,Intron of TBCD(+):1Kb before exon 24,NA,GRCh37,yes,unk,0,0,0,22,-1,22,-1,10,ASXL1 (NM_015338) - TBCD (NM_005993) rearrangement: t(17;20)(q25.3;q11.21)(chr17:g.80876983::chr20:g.31023295),PRECISE,3to5,Protein Fusion: mid-exon  {ASXL1:TBCD},TRANSLOCATION,0,Note: The ASXL1 - TBCD rearrangement is a translocation which may result in the fusion of ASXL1 exons 1-12 with TBCD exons 24-39. One of the breakpoints is within ASXL1 exon 12. Its functional significance is undetermined.,SOMATIC,171023.0
UC0wMDIxMjAxLVQwMS1JTTY6YnJlYXN0X21za18yMDI1,UC0wMDIxMjAxOmJyZWFzdF9tc2tfMjAyNQ,breast_msk_2025_structural_variants,P-0021201-T01-IM6,P-0021201,breast_msk_2025,ATM,NA,11,108155126,NA,NA,-1,Exon 26 of ATM(+),,,NA,11,109110999,NA,NA,-1,IGR: 182Kb before C11orf87(+),NA,GRCh37,NA,NA,49931,85282,0,3,-1,-1,-1,-1,ATM (NM_000051) rearrangement: c.3919:ATM_chr11:g.109110999inv,PRECISE,3to3,ATM-intragenic,INVERSION,955873,Note: The ATM rearrangement results in the inversion of ATM exons 26-63. One of the breakpoints is within exon 26. Its significance is undetermined.,SOMATIC,472.0
UC0wMDI0NjMxLVQwMy1JTTY6YnJlYXN0X21za18yMDI1,UC0wMDI0NjMxOmJyZWFzdF9tc2tfMjAyNQ,breast_msk_2025_structural_variants,P-0024631-T03-IM6,P-0024631,breast_msk_2025,ATP1B2,NA,17,7554166,NA,NA,-1,Promoter of ATP1B2(+):87bp from tx start,7157.0,TP53,NA,17,7579903,NA,NA,-1,Exon 2 of TP53(-),NA,GRCh37,yes,unk,16807,14726,0,9,-1,9,-1,10,TP53 (NM_000546) rearrangement: c.10_chr17:g.7554166del,PRECISE,3to5,Antisense Fusion,DELETION,25737,Note: The TP53 rearrangement is a deletion of exons 2-11. One of the breakpoints is within exon 2. The functional significance is undetermined.,SOMATIC,482.0
UC0wMDM0MTg0LVQwMS1JTTY6YnJlYXN0X21za18yMDI1,UC0wMDM0MTg0OmJyZWFzdF9tc2tfMjAyNQ,breast_msk_2025_structural_variants,P-0034184-T01-IM6,P-0034184,breast_msk_2025,ATP8A1,NA,4,42627386,NA,NA,-1,Intron of ATP8A1(-):244bp after exon 3,3791.0,KDR,NA,4,55987391,NA,NA,-1,Intron of KDR(-):34bp before exon 2,NA,GRCh37,NA,NA,125054,237210,0,80,-1,-1,-1,-1,ATP8A1 (NM_006095) - KDR (NM_002253) rearrangement: c.264+245:ATP8A1_c.68-34:KDRdup,IMPPRECISE,5to3,Protein Fusion: out of frame  {ATP8A1:KDR},DUPLICATION,13360005,"Note: The ATP8A1 - KDR rearrangement is an inversion that results in the fusion of ATP8A1 exons 1-3 with KDR exons 2-30, including the kinase domain of KDR.  The functional significance is undetermined.",SOMATIC,10396.0
UC0wMDIzODM1LVQwMS1JTTY6YnJlYXN0X21za18yMDI1,UC0wMDIzODM1OmJyZWFzdF9tc2tfMjAyNQ,breast_msk_2025_structural_variants,P-0023835-T01-IM6,P-0023835,breast_msk_2025,ATR,NA,3,142177842,NA,NA,-1,Exon 44 of ATR(-),,,NA,2,41959144,NA,NA,-1,IGR: 146Kb before LOC388942(+),NA,GRCh37,NA,NA,0,0,0,41,-1,-1,-1,-1,ATR (NM_001184) rearrangement: t(8;13)(p21;q23)(chr2:g.41959144::chr3:g.142177842),PRECISE,5to5,ATR-intragenic,TRANSLOCATION,0,Note: The ATR rearrangement is a translocation with a  breakpoint within exon 44. The functional significance is undetermined.,SOMATIC,545.0
UC0wMDEyOTc2LVQwMS1JTTU6YnJlYXN0X21za18yMDI1,UC0wMDEyOTc2OmJyZWFzdF9tc2tfMjAyNQ,breast_msk_2025_structural_variants,P-0012976-T01-IM5,P-0012976,breast_msk_2025,ATR,NA,17,21429234,NA,NA,-1,IGR: 2Kb before C17orf51(-),,,NA,3,142297572,NA,NA,-1,5-UTR of ATR(-): 26bp before coding start,NA,GRCh37,NA,NA,0,0,0,30,-1,-1,-1,-1,ATR (NM_00118) rearrangement: t(3;17)(q23;p11.2)(chr3:g.142297572::chr17:g.21429234),PRECISE,3to3,ATR-intragenic,TRANSLOCATION,0,Note: The ATR rearrangement is a translocation with a breakpoint within the 5'UTR of ATR. The functional significance is undetermined.,SOMATIC,545.0
UC0wMDQzMjk3LVQwMS1JTTY6YnJlYXN0X21za18yMDI1,UC0wMDQzMjk3OmJyZWFzdF9tc2tfMjAyNQ,breast_msk_2025_structural_variants,P-0043297-T01-IM6,P-0043297,breast_msk_2025,ATRX,NA,X,76940137,NA,NA,-1,Intron of ATRX(-):52bp before exon 9,,,NA,X,95562235,NA,NA,-1,IGR: 30Kb before BRDTP1(-),NA,GRCh37,yes,unk,17389,27523,0,20,-1,19,-1,10,ATRX (NM_000489) rearrangement: c.663-52:ATRX_chrX:g.95562235del,PRECISE,3to5,ATRX-intragenic,DELETION,18622098,Note: The ATRX rearrangement is a deletion of exons 1 - 8.,SOMATIC,546.0
UC0wMDEyMTUzLVQwMS1JTTU6YnJlYXN0X21za18yMDI1,UC0wMDEyMTUzOmJyZWFzdF9tc2tfMjAyNQ,breast_msk_2025_structural_variants,P-0012153-T01-IM5,P-0012153,breast_msk_2025,ATRX,NA,X,72499356,NA,NA,-1,IGR: 67Kb before NAP1L2(-),,,NA,X,76875909,NA,NA,-1,Exon 20 of ATRX(-),NA,GRCh37,NA,NA,65878,36153,0,17,-1,-1,-1,-1,ATRX (NM_000489) rearrangement: chrX:g.72499356_c.5226inv,PRECISE,5to5,ATRX-intragenic,INVERSION,4376553,Note: The ATRX rearrangement is an inversion of exons 20-35. One of the breakpoints is within exon  20.,SOMATIC,546.0
UC0wMDI2NjE1LVQwMS1JTTY6YnJlYXN0X21za18yMDI1,UC0wMDI2NjE1OmJyZWFzdF9tc2tfMjAyNQ,breast_msk_2025_structural_variants,P-0026615-T01-IM6,P-0026615,breast_msk_2025,AXIN2,NA,17,60389491,NA,NA,-1,IGR: 47Kb before TBC1D3P2(-),,,NA,17,63534420,NA,NA,-1,Exon 5 of AXIN2(-),NA,GRCh37,NA,NA,25450,29754,0,37,-1,-1,-1,-1,AXIN2 (NM_004655) rearrangement: c.1101:AXIN2_chr17:g.60389491inv,PRECISE,5to5,AXIN2-intragenic,INVERSION,3144929,Note: The AXIN2 rearrangement is an inversion of exons 5-11. One of the breakpoints is within exon 5. The functional significance is undetermined.,SOMATIC,8313.0
UC0wMDE2OTQ2LVQwMS1JTTY6YnJlYXN0X21za18yMDI1,UC0wMDE2OTQ2OmJyZWFzdF9tc2tfMjAyNQ,breast_msk_2025_structural_variants,P-0016946-T01-IM6,P-0016946,breast_msk_2025,AXIN2,NA,17,63533998,NA,NA,-1,Intron of AXIN2(-):45bp before exon 6,,,NA,17,77075798,NA,NA,-1,Intron of ENGASE(+):79bp after exon 4,NA,GRCh37,NA,NA,54332,27528,0,8,-1,-1,-1,-1,AXIN2 (NM_004655) rearrangement : c.1201-45: AXIN2_g.77075798del,PRECISE,3to5,AXIN2-intragenic,DELETION,13541800,Note: The AXIN2 rearrangement results in the deletion of exons 1-5. The functional significance is undetermined.,SOMATIC,8313.0
UC0wMDU5MTYzLVQwMi1JTTc6YnJlYXN0X21za18yMDI1,UC0wMDU5MTYzOmJyZWFzdF9tc2tfMjAyNQ,breast_msk_2025_structural_variants,P-0059163-T02-IM7,P-0059163,breast_msk_2025,AXIN2,NA,17,63537609,NA,NA,-1,Exon 4 of AXIN2(-),,,NA,17,63552097,NA,NA,-1,Intron of AXIN2(-):2Kb after exon 2,NA,GRCh37,yes,unk,2767,992,0,220,-1,33,-1,0,AXIN2 (NM_004655) rearrangement: c.815+1827_c.1023del,IMPPRECISE,3to5,Deletion within transcript : mid-exon,DELETION,14488,Note: The AXIN2 rearrangement is an intragenic deletion of exons 3 - 4. One of the breakpoints is within exon 4.,SOMATIC,8313.0
UC0wMDAzMTA4LVQwMS1JTTU6YnJlYXN0X21za18yMDI1,UC0wMDAzMTA4OmJyZWFzdF9tc2tfMjAyNQ,breast_msk_2025_structural_variants,P-0003108-T01-IM5,P-0003108,breast_msk_2025,AXL,NA,19,41725235,NA,NA,-1,5-UTR of AXL(+): 63bp before coding start,,,NA,19,41726497,NA,NA,-1,Intron of AXL(+): 44bp before exon 2,NA,GRCh37,NA,NA,1492,1203,0,30,-1,-1,-1,-1,NA,PRECISE,3to5,Deletion within transcript,DELETION,1262,"Note: The AXL (NM_021913) rearrangement event is an intragenic deletion which results in the deletion of exon 1, potentially disabling the function of the gene.",SOMATIC,558.0
UC0wMDM5NjkyLVQwMS1JTTY6YnJlYXN0X21za18yMDI1,UC0wMDM5NjkyOmJyZWFzdF9tc2tfMjAyNQ,breast_msk_2025_structural_variants,P-0039692-T01-IM6,P-0039692,breast_msk_2025,AXL,NA,19,41759410,NA,NA,-1,Intron of AXL(+):93bp before exon 17,,,NA,7,80327250,NA,NA,-1,IGR: 45Kb before SEMA3C(-),NA,GRCh37,yes,unk,0,0,0,12,-1,12,-1,10,AXL (NM_021913) rearrangement: t(7;19)(q21.11;q13.2)(chr7:g.80327250::chr19:g.41759410),PRECISE,5to3,AXL-intragenic,TRANSLOCATION,0,Note: The AXL rearrangement is a translocation with a breakpoint in intron 16. Functional significance is undetermined.,SOMATIC,558.0
UC0wMDI4MTE5LVQwMS1JTTY6YnJlYXN0X21za18yMDI1,UC0wMDI4MTE5OmJyZWFzdF9tc2tfMjAyNQ,breast_msk_2025_structural_variants,P-0028119-T01-IM6,P-0028119,breast_msk_2025,AXL,NA,19,41748655,NA,NA,-1,Intron of AXL(+):132bp before exon 11,,,NA,17,25669096,NA,NA,-1,IGR: 48Kb before WSB1(+),NA,GRCh37,NA,NA,0,0,0,5,-1,-1,-1,-1,AXL (NM_021913) rearrangement: t(17;19)(q11.1;q13.2)(chr17:g.25669096::chr19:g.41748655),PRECISE,5to5,AXL-intragenic,TRANSLOCATION,0,Note: The AXL rearrangement is a translocation with a breakpoint in intron 10. The functional significance is undetermined.,SOMATIC,558.0
UC0wMDIyMzEwLVQwMS1JTTY6YnJlYXN0X21za18yMDI1,UC0wMDIyMzEwOmJyZWFzdF9tc2tfMjAyNQ,breast_msk_2025_structural_variants,P-0022310-T01-IM6,P-0022310,breast_msk_2025,AXL,NA,19,41727868,NA,NA,-1,Exon 4 of AXL(+),6045.0,RNF2,NA,1,185034625,NA,NA,-1,5-UTR of RNF2(+):22Kb before coding start,NA,GRCh37,yes,unk,0,0,0,6,-1,6,-1,10,AXL (NM_021913) - RNF2 (NM_007212) Rearrangement: t(1;19)(q25.3;q13.2)(chr1:g.185034625::chr19:g.41727868),PRECISE,3to5,Protein Fusion: mid-exon  {AXL:RNF2},TRANSLOCATION,0,Note: The AXL - RNF2 Rearrangement results in the fusion of AXL exons 1-4 with RNF2 exons 2-7. Its functional significance is undetermined.,SOMATIC,558.0
UC0wMDA3NzAwLVQwMS1JTTU6YnJlYXN0X21za18yMDI1,UC0wMDA3NzAwOmJyZWFzdF9tc2tfMjAyNQ,breast_msk_2025_structural_variants,P-0007700-T01-IM5,P-0007700,breast_msk_2025,AXL,NA,19,41726711,NA,NA,-1,Exon 2 of AXL(+),170958.0,ZNF525,NA,19,53878345,NA,NA,-1,5-UTR of ZNF525(+): 11Kb before coding start,NA,GRCh37,yes,unk,293564,267209,0,29,-1,31,-1,38,AXL (NM_021913) rearrangement: c.256:AXL_chr19:g.53878345inv,PRECISE,3to3,Antisense fusion,INVERSION,12151634,The AXL (NM_021913) rearrangement is an inversion (12151634 bp) which includes exons 2-20 of AXL. One of the breakpoints is within exon 2 of AXL. The functional significance is undetermined.,SOMATIC,558.0
UC0wMDIwNzMwLVQwMS1JTTY6YnJlYXN0X21za18yMDI1,UC0wMDIwNzMwOmJyZWFzdF9tc2tfMjAyNQ,breast_msk_2025_structural_variants,P-0020730-T01-IM6,P-0020730,breast_msk_2025,BABAM1,NA,19,17334216,NA,NA,-1,Promoter of OCEL1(+):3Kb from tx start,,,NA,19,17384784,NA,NA,-1,Exon 4 of BABAM1(+),NA,GRCh37,NA,NA,7360,7168,0,7,-1,-1,-1,-1,BABAM1 (NM_001033549) rearrangement: g.17334216_c.416inv,PRECISE,5to5,BABAM1-intragenic,INVERSION,50568,Note: The BABAM1 rearrangement results in the inversion of exons 1-4. One of the breakpoints is within exon 4. The functional significance is undetermined.,SOMATIC,29086.0
UC0wMDIyNTMzLVQwMi1JTTY6YnJlYXN0X21za18yMDI1,UC0wMDIyNTMzOmJyZWFzdF9tc2tfMjAyNQ,breast_msk_2025_structural_variants,P-0022533-T02-IM6,P-0022533,breast_msk_2025,BABAM1,NA,19,13693284,NA,NA,-1,IGR: 165Kb before CCDC130(+),,,NA,19,17379749,NA,NA,-1,Exon 2 of BABAM1(+),NA,GRCh37,NA,NA,187245,359401,0,107,-1,-1,-1,-1,BABAM1 (NM_001033549) rearrangement:  chr19:g.13693284_c.134:BABAM1inv,PRECISE,5to5,BABAM1-intragenic,INVERSION,3686465,Note: The BABAM1 rearrangement results in the inversion of exons 1-2. One of the breakpoints is within exon 2. Its functional significance is undetermined.,SOMATIC,29086.0
UC0wMDQ5NDIwLVQwMS1JTTY6YnJlYXN0X21za18yMDI1,UC0wMDQ5NDIwOmJyZWFzdF9tc2tfMjAyNQ,breast_msk_2025_structural_variants,P-0049420-T01-IM6,P-0049420,breast_msk_2025,BABAM1,NA,19,4951357,NA,NA,-1,Intron of UHRF1(+):349bp after exon 12,29128.0,UHRF1,NA,19,17389722,NA,NA,-1,Exon 9 of BABAM1(+),NA,GRCh37,yes,unk,397667,638610,0,46,-1,44,-1,10,BABAM1 (NM_001033549) - UHRF1 (NM_001048201) rearrangement: c.855:BABAM1_c.1818+349:UHRF1dup,PRECISE,5to3,Protein Fusion: mid-exon  {BABAM1:UHRF1},DUPLICATION,12438365,Note: The BABAM1 - UHRF1 rearrangement is a duplication that may result in the fusion of BABAM1 exons 1 - 9 and UHRF1 exons 14 - 17. One of the breakpoints is within BABAM1 exon 9. Functional significance is undetermined.,SOMATIC,29086.0
UC0wMDE0NTA5LVQwMS1JTTY6YnJlYXN0X21za18yMDI1,UC0wMDE0NTA5OmJyZWFzdF9tc2tfMjAyNQ,breast_msk_2025_structural_variants,P-0014509-T01-IM6,P-0014509,breast_msk_2025,BARD1,NA,2,215645321,NA,NA,-1,Exon 4 of BARD1(-),,,NA,2,215647929,NA,NA,-1,Intron of BARD1(-): 2Kb before exon 4,NA,GRCh37,NA,NA,6111,5088,0,16,-1,-1,-1,-1,BARD1 (NM_000465) rearrangement: c.365-1696_c.1277del,PRECISE,3to5,Deletion within transcript: mid-exon,DELETION,2608,Note: The BARD1 rearrangement is an intragenic deletion of exon 4. One of the breakpoints is within exon 4. The functional significance is undetermined.,SOMATIC,580.0
UC0wMDQ2ODQxLVQwMS1JTTY6YnJlYXN0X21za18yMDI1,UC0wMDQ2ODQxOmJyZWFzdF9tc2tfMjAyNQ,breast_msk_2025_structural_variants,P-0046841-T01-IM6,P-0046841,breast_msk_2025,BARD1,NA,2,180229517,NA,NA,-1,IGR: 77Kb before ZNF385B(-),,,NA,2,215645616,NA,NA,-1,Exon 4 of BARD1(-),NA,GRCh37,yes,unk,112214,284261,0,73,-1,60,-1,10,BARD1 (NM_000465) rearrangement: c.982:BARD1_chr2:g.180229517inv,PRECISE,3to3,BARD1-intragenic,INVERSION,35416099,Note: The BARD1 rearrangement is an inversion of exons 4 - 11. One of the breakpoints is within exon 4. Functional significance is undetermined.,SOMATIC,580.0
UC0wMDAyODQxLVQwMS1JTTM6YnJlYXN0X21za18yMDI1,UC0wMDAyODQxOmJyZWFzdF9tc2tfMjAyNQ,breast_msk_2025_structural_variants,P-0002841-T01-IM3,P-0002841,breast_msk_2025,BCAS3,NA,17,58855288,NA,NA,-1,Intron of BCAS3(+): 30Kb before exon 7,83990.0,BRIP1,NA,17,59853693,NA,NA,-1,Intron of BRIP1(-): 69bp after exon 14,NA,GRCh37,yes,unk,27195,35883,0,34,-1,30,-1,41,NA,PRECISE,3to5,Antisense fusion,DELETION,998405,Note: BRIP1 - BCAS3 deletion is a structural rearrangement event in which BCAS3 exon4 and BRIP1 exon15 are fused in an anti-sense manner. The event could lead to reduced expression of BRIP1 via removal of the promoter/enhancer sequences.,SOMATIC,54828.0
UC0wMDAyODQxLVQwNC1JTTY6YnJlYXN0X21za18yMDI1,UC0wMDAyODQxOmJyZWFzdF9tc2tfMjAyNQ,breast_msk_2025_structural_variants,P-0002841-T04-IM6,P-0002841,breast_msk_2025,BCAS3,NA,17,58855288,NA,NA,-1,Intron of BCAS3(+):30Kb before exon 7,83990.0,BRIP1,NA,17,59853694,NA,NA,-1,Intron of BRIP1(-):67bp after exon 14,NA,GRCh37,yes,unk,13204,7646,0,2,-1,2,-1,8,BRIP1 (NM_032043) - BCAS3 (NM_001099432) rearrangement: c.2097+69:BRIP1_c.404-30077:BCAS3del,PRECISE,3to5,Antisense Fusion,DELETION,998406,Note: The BRIP1 - BCAS3 rearrangement is a deletion which results in the antisense fusion of BRIP1 exon 15 to BCAS3  exon 6. The functional significance is undetermined.,SOMATIC,54828.0
UC0wMDAyODQxLVQwMy1JTTY6YnJlYXN0X21za18yMDI1,UC0wMDAyODQxOmJyZWFzdF9tc2tfMjAyNQ,breast_msk_2025_structural_variants,P-0002841-T03-IM6,P-0002841,breast_msk_2025,BCAS3,NA,17,58855288,NA,NA,-1,Intron of BCAS3(+):30Kb before exon 7,83990.0,BRIP1,NA,17,59853694,NA,NA,-1,Intron of BRIP1(-):67bp after exon 14,NA,GRCh37,yes,unk,19092,21655,0,6,-1,6,-1,10,BRIP1 (NM_032043) - BCAS3 (NM_001099432) rearrangement: c.2097+69:BRIP1_c.404-30077:BCAS3del,PRECISE,3to5,Antisense Fusion,DELETION,998406,Note: The BRIP1 - BCAS3 rearrangement is a deletion which results in the antisense fusion of BRIP1 exon 15 to BCAS3  exon 6. The functional significance is undetermined.,SOMATIC,54828.0
UC0wMDAyODQxLVQwMi1JTTY6YnJlYXN0X21za18yMDI1,UC0wMDAyODQxOmJyZWFzdF9tc2tfMjAyNQ,breast_msk_2025_structural_variants,P-0002841-T02-IM6,P-0002841,breast_msk_2025,BCAS3,NA,17,58855288,NA,NA,-1,Intron of BCAS3(+): 30Kb before exon 7,83990.0,BRIP1,NA,17,59853693,NA,NA,-1,Intron of BRIP1(-): 69bp after exon 14,NA,GRCh37,yes,unk,19299,22332,0,11,-1,11,-1,9,BRIP1 (NM_032043) - BCAS3 (NM_001099432) rearrangement: c.2097+69:BRIP1_c.404-30077:BCAS3del,PRECISE,3to5,Antisense fusion,DELETION,998405,Note: The BRIP1 - BCAS3 rearrangement is a deletion which results in the antisense fusion of BRIP1 exon 15 to BCAS3  exon 6. The functional significance is undetermined.,SOMATIC,54828.0
UC0wMDE5MjIyLVQwMS1JTTY6YnJlYXN0X21za18yMDI1,UC0wMDE5MjIyOmJyZWFzdF9tc2tfMjAyNQ,breast_msk_2025_structural_variants,P-0019222-T01-IM6,P-0019222,breast_msk_2025,BCL6,NA,3,187437637,NA,NA,-1,Promoter of BCL6(-):2Kb from tx start,,,NA,3,187446015,NA,NA,-1,Intron of BCL6(-):132bp after exon 6,NA,GRCh37,yes,unk,5022,9943,0,13,-1,13,-1,10,BCL6 (NM_001706) rearrangement: c.1540+133_c.*2609inv,PRECISE,5to5,Antisense Fusion,INVERSION,8378,Note: The BCL6 rearrangement is an inversion (8378 bp) of exons 7-10. The functional significance is undetermined.,SOMATIC,604.0
UC0wMDI3NjM4LVQwMS1JTTY6YnJlYXN0X21za18yMDI1,UC0wMDI3NjM4OmJyZWFzdF9tc2tfMjAyNQ,breast_msk_2025_structural_variants,P-0027638-T01-IM6,P-0027638,breast_msk_2025,BCL6,NA,3,187440526,NA,NA,-1,Intron of BCL6(-):137bp before exon 10,,,NA,3,189039628,NA,NA,-1,3-UTR of TPRG1(+):114Kb after coding stop,NA,GRCh37,NA,NA,18156,34836,0,22,-1,-1,-1,-1,BCL6 (NM_001706) rearrangement: c.1978-137:BCL6_chr3:g.189039628inv,PRECISE,3to3,BCL6-intragenic,INVERSION,1599102,Note: The BCL6 rearrangement results in the inversion of exons 1-9. Its functional significance is undetermined.,SOMATIC,604.0
UC0wMDA0OTYzLVQwMS1JTTU6YnJlYXN0X21za18yMDI1,UC0wMDA0OTYzOmJyZWFzdF9tc2tfMjAyNQ,breast_msk_2025_structural_variants,P-0004963-T01-IM5,P-0004963,breast_msk_2025,BCOR,NA,X,39916405,NA,NA,-1,Intron of BCOR(-): 3bp after exon 10,,,NA,X,39917913,NA,NA,-1,Intron of BCOR(-): 1Kb before exon 10,NA,GRCh37,yes,unk,2065,946,0,14,-1,15,-1,30,BCOR (NM_001123385) rearrangement : c.4429-1339_4595+3del,PRECISE,3to5,Deletion of 1 exon: out of frame,DELETION,1508,Note: The BCOR (NM_001123385) rearrangement event results in the intragenic deletion of BCOR exon 10.,SOMATIC,54880.0
UC0wMDAxMjkwLVQwMS1JTTM6YnJlYXN0X21za18yMDI1,UC0wMDAxMjkwOmJyZWFzdF9tc2tfMjAyNQ,breast_msk_2025_structural_variants,P-0001290-T01-IM3,P-0001290,breast_msk_2025,BLM,NA,15,91301073,NA,NA,-1,Intron of BLM(+): 2Kb before exon 6,,,NA,15,91304368,NA,NA,-1,Exon 7 of BLM(+),NA,GRCh37,yes,unk,8560,7541,0,26,-1,23,-1,33,NA,PRECISE,3to5,Deletion within transcript: mid-exon,DELETION,3295,NA,SOMATIC,641.0
UC0wMDM1NTkxLVQwMS1JTTY6YnJlYXN0X21za18yMDI1,UC0wMDM1NTkxOmJyZWFzdF9tc2tfMjAyNQ,breast_msk_2025_structural_variants,P-0035591-T01-IM6,P-0035591,breast_msk_2025,BLM,NA,15,91358499,NA,NA,-1,Exon 22 of BLM(+),,,NA,15,93055709,NA,NA,-1,IGR: 41Kb before C15orf32(+),NA,GRCh37,NA,NA,1065,728,0,20,-1,-1,-1,-1,BLM (NM_000057) rearrangement: c.4244:BLM_chr15:g.93055709inv,PRECISE,3to3,BLM-intragenic,INVERSION,1697210,Note: The BLM rearrangement is an inversion of exon 22. The functional significance is undetermined.,SOMATIC,641.0
UC0wMDE1NzI0LVQwMS1JTTY6YnJlYXN0X21za18yMDI1,UC0wMDE1NzI0OmJyZWFzdF9tc2tfMjAyNQ,breast_msk_2025_structural_variants,P-0015724-T01-IM6,P-0015724,breast_msk_2025,BORCS5,NA,12,12034428,NA,NA,-1,Intron of ETV6(+): 3Kb before exon 6,2120.0,ETV6,NA,12,12515320,NA,NA,-1,Intron of LOH12CR1(+): 1Kb after exon 2,NA,GRCh37,yes,unk,29700,57513,0,3,-1,3,-1,7,LOH12CR1 (NM_058169) - ETV6 (NM_001987) rearrangement: c.202+1037:LOH12CR1_c.1010-2951:ETV6dup,PRECISE,5to3,Protein fusion: in frame (LOH12CR1-ETV6),DUPLICATION,480892,Note: The LOH12CR1 - ETV6 rearrangement is a duplication which results in the fusion of LOH12CR1 exon 2 to ETV6 exon 6. The functional significance is undetermined.,SOMATIC,118426.0
UC0wMDA0NDc3LVQwMS1JTTU6YnJlYXN0X21za18yMDI1,UC0wMDA0NDc3OmJyZWFzdF9tc2tfMjAyNQ,breast_msk_2025_structural_variants,P-0004477-T01-IM5,P-0004477,breast_msk_2025,BRAF,NA,7,140495405,NA,NA,-1,Intron of BRAF(-): 1Kb before exon 8,55750.0,AGK,NA,7,141265443,NA,NA,-1,Intron of AGK(+): 10Kb after exon 2,NA,GRCh37,yes,unk,34782,46087,0,11,-1,11,-1,12,AGK (NM_018238) - BRAF (NM_004333) fusion ( AGK exons 1 to 2 and  BRAF exons 8 to 18): c.101+10076:AGK_c.981-1138:BRAFinv,PRECISE,3to3,Protein fusion: in frame (AGK-BRAF),INVERSION,770038,The AGK (NM_018238) - BRAF (NM_004333 fusion is a reciprocal inversion (PMID: 23890088),SOMATIC,673.0
UC0wMDIyMjgyLVQwMS1JTTY6YnJlYXN0X21za18yMDI1,UC0wMDIyMjgyOmJyZWFzdF9tc2tfMjAyNQ,breast_msk_2025_structural_variants,P-0022282-T01-IM6,P-0022282,breast_msk_2025,BRAF,NA,7,140454168,NA,NA,-1,Intron of BRAF(-):135bp before exon 14,2823.0,GPM6A,NA,4,176630702,NA,NA,-1,Intron of GPM6A(-):8Kb before exon 3,NA,GRCh37,yes,unk,0,0,0,10,-1,10,-1,10,BRAF (NM_004333) - GPM6A (NM_005277) rearrangement: t(4;7)(q34.2;q34)(chr4:g.176630702::chr7:g.140454168),PRECISE,3to3,GPM6A-BRAF fusion,TRANSLOCATION,0,Note: The BRAF rearrangement is a translocation with breakpoints within BRAF intron 13 and GPM6A intron 2. The functional significance is undetermined.,SOMATIC,673.0
UC0wMDQzMTUwLVQwMS1JTTY6YnJlYXN0X21za18yMDI1,UC0wMDQzMTUwOmJyZWFzdF9tc2tfMjAyNQ,breast_msk_2025_structural_variants,P-0043150-T01-IM6,P-0043150,breast_msk_2025,BRCA1,NA,17,41221747,NA,NA,-1,Intron of BRCA1(-):1Kb after exon 15,,,NA,17,41249124,NA,NA,-1,Intron of BRCA1(-):136bp after exon 8,NA,GRCh37,yes,unk,39780,20651,0,58,-1,55,-1,10,BRCA1 (NM_007294) rearrangement: c.593+137_c.4986+1198del,PRECISE,3to5,Deletion of 7 exons : out of frame,DELETION,27377,Note: The BRCA1 rearrangement is an intragenic deletion of exons 9 - 15.,SOMATIC,672.0
UC0wMDQ2NTYwLVQwMS1JTTY6YnJlYXN0X21za18yMDI1,UC0wMDQ2NTYwOmJyZWFzdF9tc2tfMjAyNQ,breast_msk_2025_structural_variants,P-0046560-T01-IM6,P-0046560,breast_msk_2025,BRCA1,NA,21,16934905,NA,NA,-1,IGR: 167Kb before USP25(+),,,NA,17,41199659,NA,NA,-1,Exon 22 of BRCA1(-),NA,GRCh37,NA,NA,0,0,0,48,-1,-1,-1,-1,BRCA1 (NM_007294) rearrangement: t(17;21)(q21.31;q21.1)(chr17:g.41199659::chr21:g.16934905),PRECISE,5to5,BRCA1-intragenic,TRANSLOCATION,0,Note: The BRCA1 rearrangement is a translocation with a breakpoint in exon 22. Functional significance is undetermined.,SOMATIC,672.0
UC0wMDI1NDc5LVQwMS1JTTY6YnJlYXN0X21za18yMDI1,UC0wMDI1NDc5OmJyZWFzdF9tc2tfMjAyNQ,breast_msk_2025_structural_variants,P-0025479-T01-IM6,P-0025479,breast_msk_2025,BRCA1,NA,17,41223156,NA,NA,-1,Exon 15 of BRCA1(-),,,NA,15,62705905,NA,NA,-1,IGR: 71Kb before MIR6085(+),NA,GRCh37,yes,unk,0,0,0,26,-1,26,-1,10,BRCA1 (NM_007294) rearrangement: t(15;17)(q22.2;q21.31)(chr15:g.62705905::chr17:g.41223156),PRECISE,5to3,BRCA1-intragenic,TRANSLOCATION,0,Note: The BRCA1 rearrangement is a translocation with a breakpoint in exon 15. The functional significance is undetermined.,SOMATIC,672.0
UC0wMDI0NzIyLVQwMS1JTTY6YnJlYXN0X21za18yMDI1,UC0wMDI0NzIyOmJyZWFzdF9tc2tfMjAyNQ,breast_msk_2025_structural_variants,P-0024722-T01-IM6,P-0024722,breast_msk_2025,BRCA1,NA,17,41228583,NA,NA,-1,Exon 13 of BRCA1(-),4804.0,NGFR,NA,17,47572328,NA,NA,-1,Promoter of NGFR(+):326bp from tx start,NA,GRCh37,yes,unk,104923,169953,0,2,-1,2,-1,6,BRCA1 (NM_007294) rearrangement: c.4406:BRCA1_chr17:g.47572328inv,PRECISE,5to5,Protein Fusion: mid-exon  {BRCA1:NGFR},INVERSION,6343745,Note: The BRCA1 rearrangement is an inversion of exons 13-23. One of the breakpoints is within exon 13. The functional significance is undetermined.,SOMATIC,672.0
UC0wMDAzMTA4LVQwMS1JTTU6YnJlYXN0X21za18yMDI1,UC0wMDAzMTA4OmJyZWFzdF9tc2tfMjAyNQ,breast_msk_2025_structural_variants,P-0003108-T01-IM5,P-0003108,breast_msk_2025,BRCA2,NA,13,32913614,NA,NA,-1,Exon 11 of BRCA2(+),,,NA,13,32915532,NA,NA,-1,Intron of BRCA2(+): 199bp after exon 11,NA,GRCh37,NA,NA,25954,10515,1,87,-1,-1,-1,-1,NA,PRECISE,3to5,Deletion within transcript: mid-exon,DELETION,1918,"Note: The BRCA2 (NM_000059) intragenic rearrangement event is a deletion which affects the splice site of exon 11, potentially disabling the function of the gene.",SOMATIC,675.0
UC0wMDA4MDgyLVQwMS1JTTU6YnJlYXN0X21za18yMDI1,UC0wMDA4MDgyOmJyZWFzdF9tc2tfMjAyNQ,breast_msk_2025_structural_variants,P-0008082-T01-IM5,P-0008082,breast_msk_2025,BRCA2,NA,13,32913437,NA,NA,-1,Exon 11 of BRCA2(+),,,NA,13,32915377,NA,NA,-1,Intron of BRCA2(+): 44bp after exon 11,NA,GRCh37,yes,unk,12350,8138,0,19,-1,19,-1,33,BRCA2 (NM_000059) rearrangement: c.4945_c.6841+44del,PRECISE,3to5,Deletion within transcript: mid-exon,DELETION,1940,Note: The BRCA2 (NM_000059) rearrangement event is a deletion which results in the deletion of a part of BRCA2 exon 11. And one of breakpoints is within exon 11. The functional significance is undetermined.,SOMATIC,675.0
UC0wMDI5MTQwLVQwMS1JTTY6YnJlYXN0X21za18yMDI1,UC0wMDI5MTQwOmJyZWFzdF9tc2tfMjAyNQ,breast_msk_2025_structural_variants,P-0029140-T01-IM6,P-0029140,breast_msk_2025,BRCA2,NA,13,32893377,NA,NA,-1,Exon 3 of BRCA2(+),,,NA,13,32894288,NA,NA,-1,Intron of BRCA2(+):826bp after exon 3,NA,GRCh37,NA,NA,482,288,0,2,-1,-1,-1,-1,BRCA2 (NM_000059) rearrangement: c.231_c.316+826del,PRECISE,3to5,Deletion within transcript : mid-exon,DELETION,911,Note: The BRCA2 rearrangement results in the deletion of exon 3. One of the breakpoints is within exon 3.,SOMATIC,675.0
UC0wMDI5MTQwLVQwMy1JTTY6YnJlYXN0X21za18yMDI1,UC0wMDI5MTQwOmJyZWFzdF9tc2tfMjAyNQ,breast_msk_2025_structural_variants,P-0029140-T03-IM6,P-0029140,breast_msk_2025,BRCA2,NA,13,32906067,NA,NA,-1,Intron of BRCA2(+):341bp before exon 10,,,NA,13,32906636,NA,NA,-1,Exon 10 of BRCA2(+),NA,GRCh37,yes,unk,1506,484,0,131,-1,118,-1,0,BRCA2 (NM_000059) rearrangement: c.794-342_c.1021del,IMPPRECISE,3to5,Deletion within transcript : mid-exon,DELETION,569,Note: The BRCA2 rearrangement  is an intragenic deletion of exon 10. One of the breakpoints is within exon.,SOMATIC,675.0
UC0wMDI1NjkwLVQwMS1JTTY6YnJlYXN0X21za18yMDI1,UC0wMDI1NjkwOmJyZWFzdF9tc2tfMjAyNQ,breast_msk_2025_structural_variants,P-0025690-T01-IM6,P-0025690,breast_msk_2025,BRCA2,NA,13,32912551,NA,NA,-1,Exon 11 of BRCA2(+),,,NA,13,32940137,NA,NA,-1,Intron of BRCA2(+):2Kb after exon 18,NA,GRCh37,NA,NA,28084,38577,0,14,-1,-1,-1,-1,BRCA2 (NM_000059) rearrangement: c.4059_c.8331+2467dup,PRECISE,5to3,Duplication within transcript : mid-exon,DUPLICATION,27586,Note: The BRCA2 rearrangement is an intragenic duplication of exons 11-18. One of the breakpoints is within exon 11. The functional significance is undetermined.,SOMATIC,675.0
UC0wMDE3MzE3LVQwMi1JTTY6YnJlYXN0X21za18yMDI1,UC0wMDE3MzE3OmJyZWFzdF9tc2tfMjAyNQ,breast_msk_2025_structural_variants,P-0017317-T02-IM6,P-0017317,breast_msk_2025,BRCA2,NA,13,32914086,NA,NA,-1,Exon 11 of BRCA2(+),,,NA,13,32915541,NA,NA,-1,Intron of BRCA2(+):208bp after exon 11,NA,GRCh37,yes,unk,5440,3081,0,100,-1,68,-1,10,BRCA2 (NM_000059) Rearrangement: c.5594_c.6841+208del,PRECISE,3to5,Deletion within transcript : mid-exon,DELETION,1455,Note: The BRCA2 rearrangement is an intragenic deletion of exon 11. The breakpoints is within exon 11 and its functional significance is undetermined.,SOMATIC,675.0
UC0wMDQxNDA5LVQwMS1JTTY6YnJlYXN0X21za18yMDI1,UC0wMDQxNDA5OmJyZWFzdF9tc2tfMjAyNQ,breast_msk_2025_structural_variants,P-0041409-T01-IM6,P-0041409,breast_msk_2025,BRCA2,NA,13,32969277,NA,NA,-1,Intron of BRCA2(+):207bp after exon 25,,,NA,7,30630720,NA,NA,-1,IGR: 3Kb before GARS(+),NA,GRCh37,yes,unk,0,0,0,12,-1,12,-1,10,BRCA2 (NM_000059) rearrangement: t(7;13)(p14.3;q13.1)(chr7:g.30630720::chr13:g.32969277),PRECISE,3to5,BRCA2-intragenic,TRANSLOCATION,0,Note: The BRCA2 rearrangement is a translocation with a breakpoint in intron 25. Functional significance is undetermined.,SOMATIC,675.0
UC0wMDQwMzI4LVQwMS1JTTY6YnJlYXN0X21za18yMDI1,UC0wMDQwMzI4OmJyZWFzdF9tc2tfMjAyNQ,breast_msk_2025_structural_variants,P-0040328-T01-IM6,P-0040328,breast_msk_2025,BRCA2,NA,13,32879719,NA,NA,-1,Intron of ZAR1L(-):2Kb before exon 4,,,NA,13,32907145,NA,NA,-1,Exon 10 of BRCA2(+),NA,GRCh37,NA,NA,8423,2100,0,37,-1,-1,-1,-1,BRCA2 (NM_000059) rearrangement: c.1530:BRCA2_chr13:g.32879719del,PRECISE,3to5,BRCA2-intragenic,DELETION,27426,Note: The BRCA2 rearrangement is a deletion of exons 1 - 10. One of the breakpoints is within exon 10.,SOMATIC,675.0
UC0wMDIzOTU3LVQwNC1JTTc6YnJlYXN0X21za18yMDI1,UC0wMDIzOTU3OmJyZWFzdF9tc2tfMjAyNQ,breast_msk_2025_structural_variants,P-0023957-T04-IM7,P-0023957,breast_msk_2025,BRCA2,NA,13,32912007,NA,NA,-1,Exon 11 of BRCA2(+),,,NA,13,32916293,NA,NA,-1,Intron of BRCA2(+):960bp after exon 11,NA,GRCh37,yes,unk,21511,3933,0,108,-1,15,-1,0,BRCA2 (NM_000059) rearrangement: c.3515_c.6841+960del,IMPPRECISE,3to5,Deletion within transcript : mid-exon,DELETION,4286,Note: The BRCA2 rearrangement is an intragenic deletion of exon 11. One of the breakpoints is within exon 11.,SOMATIC,675.0
UC0wMDM5Mjc2LVQwMS1JTTY6YnJlYXN0X21za18yMDI1,UC0wMDM5Mjc2OmJyZWFzdF9tc2tfMjAyNQ,breast_msk_2025_structural_variants,P-0039276-T01-IM6,P-0039276,breast_msk_2025,BRCA2,NA,13,32913443,NA,NA,-1,Exon 11 of BRCA2(+),,,NA,13,51613562,NA,NA,-1,3-UTR of GUCY1B2(-):27Kb after coding stop,NA,GRCh37,yes,unk,100854,89944,0,14,-1,13,-1,0,BRCA2 (NM_000059) rearrangement: c.4951:BRCA2_chr13:g.51613562inv,IMPPRECISE,3to3,BRCA2-intragenic,INVERSION,18700119,Note: The BRCA2 rearrangement is an inversion of exons 11 - 27. One of the breakpoints is within exon 11. This event occurs in the background of other structural events involving BRCA2. Its functional significance is undetermined.,SOMATIC,675.0
UC0wMDMxODU3LVQwMS1JTTY6YnJlYXN0X21za18yMDI1,UC0wMDMxODU3OmJyZWFzdF9tc2tfMjAyNQ,breast_msk_2025_structural_variants,P-0031857-T01-IM6,P-0031857,breast_msk_2025,BRCA2,NA,13,32913292,NA,NA,-1,Exon 11 of BRCA2(+),,,NA,13,35121447,NA,NA,-1,3-UTR of LINC00457(-):93Kb after coding stop,NA,GRCh37,NA,NA,37015,5534,0,5,-1,-1,-1,-1,BRCA2 (NM_000059) Rearrangement: c.4800:BRCA2_chr13:g.35121447del,PRECISE,3to5,BRCA2-intragenic,DELETION,2208155,Note: The BRCA2 rearrangement is a deletion of BRCA2 exons 11-27. One of the breakpoints is withn exon 11 of BRCA2. The functional significance is undetermined.,SOMATIC,675.0
UC0wMDE0NTgzLVQwMS1JTTY6YnJlYXN0X21za18yMDI1,UC0wMDE0NTgzOmJyZWFzdF9tc2tfMjAyNQ,breast_msk_2025_structural_variants,P-0014583-T01-IM6,P-0014583,breast_msk_2025,BRCA2,NA,13,32912064,NA,NA,-1,Exon 11 of BRCA2(+),,,NA,2,63335220,NA,NA,-1,IGR: 13Kb before C2orf86(-),NA,GRCh37,NA,NA,0,0,0,35,-1,-1,-1,-1,BRCA2 (NM_000059) rearrangement: t(2;13)(p15;q13.1)(chr2:g.63335220::chr13:g.:32912064),PRECISE,3to3,BRCA2-intragenic,TRANSLOCATION,0,Note: The BRCA2 rearrangement is a translocation with a breakpoint within exon 11 of BRCA2. The functional significance is undetermined.,SOMATIC,675.0
UC0wMDE3MzE3LVQwMi1JTTY6YnJlYXN0X21za18yMDI1,UC0wMDE3MzE3OmJyZWFzdF9tc2tfMjAyNQ,breast_msk_2025_structural_variants,P-0017317-T02-IM6,P-0017317,breast_msk_2025,BRD4,NA,19,15367000,NA,NA,-1,Exon 9 of BRD4(-),,,NA,19,15370127,NA,NA,-1,Intron of BRD4(-):2Kb before exon 8,NA,GRCh37,yes,unk,2527,3294,0,142,-1,129,-1,10,BRD4 (NM_058243) Rearrangement: c.1342-2143_c.1626del,PRECISE,3to5,Deletion within transcript : mid-exon,DELETION,3127,"Note: The BRD4 rearrangement is an intragenic deletion of exons 8 to 9. Its functional significance is undetermined,",SOMATIC,23476.0
UC0wMDQ4Mzc2LVQwMS1JTTY6YnJlYXN0X21za18yMDI1,UC0wMDQ4Mzc2OmJyZWFzdF9tc2tfMjAyNQ,breast_msk_2025_structural_variants,P-0048376-T01-IM6,P-0048376,breast_msk_2025,BRD4,NA,19,15366302,NA,NA,-1,Exon 10 of BRD4(-),,,NA,19,15382989,NA,NA,-1,Intron of BRD4(-):636bp after exon 2,NA,GRCh37,yes,unk,14445,16468,0,42,-1,35,-1,10,BRD4 (NM_058243) rearrangement: c.285+637_c.1853inv,PRECISE,5to5,Antisense Fusion,INVERSION,16687,Note: The BRD4 rearrangement is an intragenic inversion of exons 3 - 10. One of the breakpoints is within exon 10. Functional significance is undetermined.,SOMATIC,23476.0
UC0wMDE2MjQ0LVQwMy1JTTc6YnJlYXN0X21za18yMDI1,UC0wMDE2MjQ0OmJyZWFzdF9tc2tfMjAyNQ,breast_msk_2025_structural_variants,P-0016244-T03-IM7,P-0016244,breast_msk_2025,BRD4,NA,21,25706468,NA,NA,-1,IGR: 30Kb before LOC101927869(-),,,NA,19,15350666,NA,NA,-1,Intron of BRD4(-):34bp before exon 16,NA,GRCh37,NA,NA,0,0,0,50,-1,-1,-1,-1,BRD4 (NM_058243) rearrangement: t(19;21)(p13.12;q21.2)(chr19:g.15350666::chr21:g.25706468),PRECISE,3to3,BRD4-intragenic,TRANSLOCATION,0,Note: The BRD4 rearrangement is a translocation with a breakpoint in intron 15. Functional significance is undetermined.,SOMATIC,23476.0
UC0wMDE0MzEzLVQwMS1JTTY6YnJlYXN0X21za18yMDI1,UC0wMDE0MzEzOmJyZWFzdF9tc2tfMjAyNQ,breast_msk_2025_structural_variants,P-0014313-T01-IM6,P-0014313,breast_msk_2025,BRD4,NA,19,15360020,NA,NA,-1,Intron of BRD4(-): 4Kb before exon 12,,,NA,19,15380111,NA,NA,-1,Intron of BRD4(-): 258bp before exon 3,NA,GRCh37,yes,unk,31487,41901,0,31,-1,32,-1,36,BRD4 (NM_058243) rearrangement: c.286-258_c.2159-4447Gdup,PRECISE,5to3,Duplication of 9 exons: out of frame,DUPLICATION,20091,Note: The BRD4 rearrangement is an intragenic duplication of exons 3-11. The functional significance is undetermined.,SOMATIC,23476.0
UC0wMDE2MjQ0LVQwMi1JTTY6YnJlYXN0X21za18yMDI1,UC0wMDE2MjQ0OmJyZWFzdF9tc2tfMjAyNQ,breast_msk_2025_structural_variants,P-0016244-T02-IM6,P-0016244,breast_msk_2025,BRD4,NA,21,25706468,NA,NA,-1,IGR: 30Kb before LOC101927869(-),,,NA,19,15350666,NA,NA,-1,Intron of BRD4(-):34bp before exon 16,NA,GRCh37,NA,NA,0,0,0,70,-1,-1,-1,-1,BRD4 (NM_058243) Rearrangement : t(19;21)(p13.12;q21.3)(chr19:g.15350666::chr21:g.25706468),PRECISE,3to3,BRD4-intragenic,TRANSLOCATION,0,Note: The BRD4 Rearrangement results in the possible truncation of exons 16-20. Its functional significance is undetermined.,SOMATIC,23476.0
UC0wMDE2MjQ0LVQwMS1JTTY6YnJlYXN0X21za18yMDI1,UC0wMDE2MjQ0OmJyZWFzdF9tc2tfMjAyNQ,breast_msk_2025_structural_variants,P-0016244-T01-IM6,P-0016244,breast_msk_2025,BRD4,NA,21,25706468,NA,NA,-1,IGR: 30Kb before LOC101927869(-),,,NA,19,15350666,NA,NA,-1,Intron of BRD4(-):34bp before exon 16,NA,GRCh37,NA,NA,0,0,0,69,-1,-1,-1,-1,BRD4:NM_058243 Rearrangement : t(19;21)(p13.12;q21.3)(chr19:g.15350666::chr21:g.25706468),PRECISE,3to3,BRD4-intragenic,TRANSLOCATION,0,Note: The BRD4 Rearrangement results in the possible truncation of exons 16-20. Its functional significance is undetermined.,SOMATIC,23476.0
UC0wMDMyMTc0LVQwMi1JTTY6YnJlYXN0X21za18yMDI1,UC0wMDMyMTc0OmJyZWFzdF9tc2tfMjAyNQ,breast_msk_2025_structural_variants,P-0032174-T02-IM6,P-0032174,breast_msk_2025,BRD4,NA,19,15355730,NA,NA,-1,Intron of BRD4(-):157bp before exon 12,,,NA,19,15412763,NA,NA,-1,IGR: 52Kb before AKAP8(-),NA,GRCh37,yes,unk,27885,36413,0,13,-1,8,-1,10,BRD4 (NM_058243) rearrangement: c.2159-157:BRD4_chr19:g.15412763del,PRECISE,3to5,BRD4-intragenic,DELETION,57033,Note: The BRD4 rearrangement is a deletion of exons 1 - 11. Functional significance is undetermined.,SOMATIC,23476.0
UC0wMDAwNjkwLVQwMi1JTTU6YnJlYXN0X21za18yMDI1,UC0wMDAwNjkwOmJyZWFzdF9tc2tfMjAyNQ,breast_msk_2025_structural_variants,P-0000690-T02-IM5,P-0000690,breast_msk_2025,BRD4,NA,19,14061191,NA,NA,-1,Intron of PODNL1(-): 3Kb after exon 1,79883.0,PODNL1,NA,19,15374351,NA,NA,-1,Exon 7 of BRD4(-),NA,GRCh37,NA,NA,127843,174815,0,40,-1,-1,-1,-1,BRD4(NM_058243) - PODNL1(NM_001146254)  Rearangement: c.1221:BRD4_c.18+2740:PODNL1inv,PRECISE,3to3,BRD4-PODNL1 Fusion,INVERSION,1313160,"Note: The BRD4(NM_058243) - PODNL1(NM_001146254)  Rearangement results in inversion of exons 7 to 20 , possibly truncating BRD4.The breakpoint in BRD4 is within exon7. Its functional significance is undetermined.",SOMATIC,23476.0
UC0wMDAyNDM1LVQwMS1JTTM6YnJlYXN0X21za18yMDI1,UC0wMDAyNDM1OmJyZWFzdF9tc2tfMjAyNQ,breast_msk_2025_structural_variants,P-0002435-T01-IM3,P-0002435,breast_msk_2025,BRIP1,NA,17,59853727,NA,NA,-1,Intron of BRIP1(-): 35bp after exon 14,,,NA,17,59861458,NA,NA,-1,Intron of BRIP1(-): 173bp after exon 11,NA,GRCh37,yes,unk,6971,7745,0,49,-1,41,-1,62,NA,PRECISE,5to3,Duplication of 3 exons: out of frame,DUPLICATION,7731,duplication of exons 12-14,SOMATIC,83990.0
UC0wMDIyMzY0LVQwMS1JTTY6YnJlYXN0X21za18yMDI1,UC0wMDIyMzY0OmJyZWFzdF9tc2tfMjAyNQ,breast_msk_2025_structural_variants,P-0022364-T01-IM6,P-0022364,breast_msk_2025,BRIP1,NA,17,59794190,NA,NA,-1,Intron of BRIP1(-):766bp before exon 17,,,NA,17,59854028,NA,NA,-1,Intron of BRIP1(-):105bp before exon 14,NA,GRCh37,NA,NA,4442,13939,0,25,-1,-1,-1,-1,BRIP1 (NM_032043) rearrangement: c.2380-766_c.1936-105inv,PRECISE,3to3,BRIP1-intragenic,INVERSION,59838,Note: The BRIP1 rearrangement results in the inversion of exons 14-16. The functional significance is undetermined.,SOMATIC,83990.0
UC0wMDQ4MTA0LVQwMS1JTTY6YnJlYXN0X21za18yMDI1,UC0wMDQ4MTA0OmJyZWFzdF9tc2tfMjAyNQ,breast_msk_2025_structural_variants,P-0048104-T01-IM6,P-0048104,breast_msk_2025,BRIP1,NA,17,59761242,NA,NA,-1,Exon 20 of BRIP1(-),,,NA,17,60088581,NA,NA,-1,Exon 9 of MED13(-),NA,GRCh37,yes,unk,20255,44950,0,118,-1,118,-1,10,BRIP1 (NM_032043) rearrangement: c.3165:BRIP1_chr17:g.60088581inv,PRECISE,3to3,BRIP1-intragenic,INVERSION,327339,Note: The BRIP1 rearrangement is an inversion of exons 1 - 20. One of the breakpoints is within exon 20. Functional significance is undetermined.,SOMATIC,83990.0
UC0wMDI2ODUyLVQwMS1JTTY6YnJlYXN0X21za18yMDI1,UC0wMDI2ODUyOmJyZWFzdF9tc2tfMjAyNQ,breast_msk_2025_structural_variants,P-0026852-T01-IM6,P-0026852,breast_msk_2025,BRIP1,NA,17,59793483,NA,NA,-1,Intron of BRIP1(-):59bp before exon 17,,,NA,17,76093212,NA,NA,-1,Intron of TNRC6C(+):613bp before exon 18,NA,GRCh37,NA,NA,78939,80006,0,10,-1,-1,-1,-1,BRIP1 (NM_032043) rearrangement: c.2380-59_chr17:g.76093212del,PRECISE,3to5,BRIP1-intragenic,DELETION,16299729,Note: The BRIP1 rearrangement is a deletion that includes exons 1-16 of BRIP1. The functional significance is undetermined.,SOMATIC,83990.0
UC0wMDMxMDA3LVQwMS1JTTY6YnJlYXN0X21za18yMDI1,UC0wMDMxMDA3OmJyZWFzdF9tc2tfMjAyNQ,breast_msk_2025_structural_variants,P-0031007-T01-IM6,P-0031007,breast_msk_2025,BRIP1,NA,17,59886062,NA,NA,-1,Exon 7 of BRIP1(-),,,NA,17,60164321,NA,NA,-1,IGR: 144Kb before MED13(-),NA,GRCh37,NA,NA,7166,9155,0,12,-1,-1,-1,-1,BRIP1 (NM_032043) rearrangement: c.684:BRIP1_chr17:g.60164321inv,PRECISE,3to3,BRIP1-intragenic,INVERSION,278259,Note: The BRIP1 rearrangement is an inversion of exons 1-7. One of the breakpoints is within exon 7. Its functional significance is undetermined.,SOMATIC,83990.0
UC0wMDIwOTUxLVQwMS1JTTY6YnJlYXN0X21za18yMDI1,UC0wMDIwOTUxOmJyZWFzdF9tc2tfMjAyNQ,breast_msk_2025_structural_variants,P-0020951-T01-IM6,P-0020951,breast_msk_2025,BRIP1,NA,17,59588702,NA,NA,-1,IGR: 55Kb before TBX4(+),,,NA,17,59761387,NA,NA,-1,Exon 20 of BRIP1(-),NA,GRCh37,NA,NA,7536,16918,0,99,-1,-1,-1,-1,BRIP1 (NM_032043) rearrangement: g.59588702_c.3020inv,PRECISE,3to3,BRIP1-intragenic,INVERSION,172685,Note: The BRIP1 rearrangement results in the inversion of exon 20. One of the breakpoints is within exon 20. The functional significance is undetermined.,SOMATIC,83990.0
UC0wMDA1NjkxLVQwMS1JTTU6YnJlYXN0X21za18yMDI1,UC0wMDA1NjkxOmJyZWFzdF9tc2tfMjAyNQ,breast_msk_2025_structural_variants,P-0005691-T01-IM5,P-0005691,breast_msk_2025,BRIP1,NA,17,59760662,NA,NA,-1,Exon 20 of BRIP1(-),26207.0,PITPNC1,NA,17,65375550,NA,NA,-1,Intron of PITPNC1(+): 1Kb after exon 1,NA,GRCh37,yes,unk,66420,99807,0,15,-1,15,-1,29,BRIP1 (NM_032043)  -  PITPNC1 (NM_012417)  Rearrangement : c.3745:BRIP1_c.48+1232:PITPNC1inv,PRECISE,5to5,Protein fusion: mid-exon (BRIP1-PITPNC1),INVERSION,5614888,Note: The BRIP1 (NM_032043)  -  PITPNC1 (NM_012417)  Rearrangement  results in the fusion of exons 1 to 20 of BRIP1 with exons 1 to 9 of PITPNC1 .The breakpoint in BRIP1 is within exon 20. Its functional significance is undetermined.,SOMATIC,83990.0
UC0wMDEwMzYxLVQwMS1JTTU6YnJlYXN0X21za18yMDI1,UC0wMDEwMzYxOmJyZWFzdF9tc2tfMjAyNQ,breast_msk_2025_structural_variants,P-0010361-T01-IM5,P-0010361,breast_msk_2025,BTK,NA,X,100605050,NA,NA,-1,Intron of BTK(-): 106bp before exon 19,,,NA,3,149988968,NA,NA,-1,IGR: 138Kb before TSC22D2(+),NA,GRCh37,NA,NA,0,0,0,34,-1,-1,-1,-1,BTK (NM_000061) rearrangement: t(3;X)(q25.1;q22.1)(chr3:g.149988968::chrX:g.100605050),PRECISE,3to5,BTK-intragenic,TRANSLOCATION,0,Note: The BTK rearrangement is a translocation with a breakpoint within intron 18 of BTK. The functional significance is undetermined.,SOMATIC,695.0
UC0wMDEwMzYxLVQwMi1JTTU6YnJlYXN0X21za18yMDI1,UC0wMDEwMzYxOmJyZWFzdF9tc2tfMjAyNQ,breast_msk_2025_structural_variants,P-0010361-T02-IM5,P-0010361,breast_msk_2025,BTK,NA,X,100605050,NA,NA,-1,Intron of BTK(-): 106bp before exon 19,,,NA,3,149988968,NA,NA,-1,IGR: 138Kb before TSC22D2(+),NA,GRCh37,NA,NA,0,0,0,19,-1,-1,-1,-1,BTK (NM_000061) rearrangement: t(3;X)(q25.1;q22.1)(chr3:g.149988968::chrX:g.100605050),PRECISE,3to5,BTK-intragenic,TRANSLOCATION,0,Note: The BTK rearrangement is a translocation with a breakpoint within intron 18 of BTK that may result in a truncation of exon 19. The functional significance is undetermined.,SOMATIC,695.0
UC0wMDYxOTY3LVQwMS1JTTc6YnJlYXN0X21za18yMDI1,UC0wMDYxOTY3OmJyZWFzdF9tc2tfMjAyNQ,breast_msk_2025_structural_variants,P-0061967-T01-IM7,P-0061967,breast_msk_2025,BTK,NA,X,100535302,NA,NA,-1,Intron of TAF7L(-):1Kb before exon 7,,,NA,X,100612538,NA,NA,-1,Exon 13 of BTK(-),NA,GRCh37,yes,unk,9893,12852,0,36,-1,32,-1,0,BTK (NM_000061) rearrangement: c.1136:BTK_chrX:g.100535302inv,IMPPRECISE,5to5,Antisense Fusion,INVERSION,77236,Note: The BTK rearrangement is an inversion of exons 13 - 19. One of the breakpoints is within exon 13. The rearrangement includes the kinase domain of BTK. Functional significance is undetermined.,SOMATIC,695.0
UC0wMDE1MTkxLVQwMS1JTTY6YnJlYXN0X21za18yMDI1,UC0wMDE1MTkxOmJyZWFzdF9tc2tfMjAyNQ,breast_msk_2025_structural_variants,P-0015191-T01-IM6,P-0015191,breast_msk_2025,C1ORF52,NA,1,85724810,NA,NA,-1,Intron of C1orf52(-): 231bp after exon 1,8915.0,BCL10,NA,1,85733565,NA,NA,-1,Exon 3 of BCL10(-),NA,GRCh37,yes,unk,2126,2031,0,7,-1,7,-1,12,BCL10 (NM_003921) - C1orf52 (NM_198077) rearrangement: c.447:BCL10_c.276+231:C1orf52inv,PRECISE,5to5,Antisense fusion,INVERSION,8755,Note: The BCL10 - C1orf52 rearrangement is an inversion with a breakpoint within exon3 of BCL10. The functional significance is undetermined.,SOMATIC,148423.0
UC0wMDQxMzQwLVQwMS1JTTY6YnJlYXN0X21za18yMDI1,UC0wMDQxMzQwOmJyZWFzdF9tc2tfMjAyNQ,breast_msk_2025_structural_variants,P-0041340-T01-IM6,P-0041340,breast_msk_2025,CALCRL,NA,2,188226364,NA,NA,-1,Intron of CALCRL(-):886bp before exon 9,2475.0,MTOR,NA,1,11188552,NA,NA,-1,Exon 42 of MTOR(-),NA,GRCh37,yes,unk,0,0,0,24,-1,24,-1,10,CALCRL (NM_005795) - MTOR (NM_004958) rearrangement: t(1;2)(p36.22;q32.1)(chr1:g.11188552::chr2:g.188226364),PRECISE,5to3,Protein Fusion: mid-exon  {CALCRL:MTOR},TRANSLOCATION,0,Note: The CALCRL - MTOR rearrangement is a translocation that results in a fusion of CALCRL exons 1 - 8 to MTOR exons 42 - 58. One of the breakpoints is within MTOR exon 42. Functional significance is undetermined.,SOMATIC,10203.0
UC0wMDQyNzY2LVQwMS1JTTY6YnJlYXN0X21za18yMDI1,UC0wMDQyNzY2OmJyZWFzdF9tc2tfMjAyNQ,breast_msk_2025_structural_variants,P-0042766-T01-IM6,P-0042766,breast_msk_2025,CALR,NA,19,13054685,NA,NA,-1,Exon 9 of CALR(+),,,NA,5,110677593,NA,NA,-1,Intron of CAMK4(+):2Kb before exon 2,NA,GRCh37,yes,unk,0,0,0,36,-1,36,-1,10,CALR (NM_004343) rearrangement: t(5;19)(q22.1;p13.2)(chr5:g.110677593::chr19:g.13054685),PRECISE,3to3,Antisense Fusion,TRANSLOCATION,0,Note: The CALR rearrangement is a translocation with a breakpoint in exon 9. Functional significance is undetermined.,SOMATIC,811.0
UC0wMDQyNzY2LVQwMi1JTTY6YnJlYXN0X21za18yMDI1,UC0wMDQyNzY2OmJyZWFzdF9tc2tfMjAyNQ,breast_msk_2025_structural_variants,P-0042766-T02-IM6,P-0042766,breast_msk_2025,CALR,NA,19,13054685,NA,NA,-1,Exon 9 of CALR(+),,,NA,5,110677593,NA,NA,-1,Intron of CAMK4(+):2Kb before exon 2,NA,GRCh37,yes,unk,0,0,0,4,-1,6,-1,10,CALR (NM_004343) rearrangement: t(5;19)(q22.1;p13.2)(chr5:g.110677593::chr19:g.13054685),PRECISE,3to3,Antisense Fusion,TRANSLOCATION,0,Note: The CALR rearrangement is a translocation with a breakpoint in exon 9. Functional significance is undetermined.,SOMATIC,811.0
UC0wMDEzMTU0LVQwMS1JTTU6YnJlYXN0X21za18yMDI1,UC0wMDEzMTU0OmJyZWFzdF9tc2tfMjAyNQ,breast_msk_2025_structural_variants,P-0013154-T01-IM5,P-0013154,breast_msk_2025,CALR,NA,19,13039909,NA,NA,-1,Intron of FARSA(-): 248bp before exon 5,2193.0,FARSA,NA,19,13050078,NA,NA,-1,Intron of CALR(+): 29bp after exon 2,NA,GRCh37,NA,NA,3870,2812,0,53,-1,-1,-1,-1,CALR (NM_004343) - FARSA (NM_004461) Rearrangement : c.193+29:CALR_c.504-248:FARSAinv,PRECISE,3to3,Protein fusion: out of frame (CALR-FARSA),INVERSION,10169,Note: The CALR - FARSA Rearrangement results in the fusion of exons 1-2 of CALR with exons 5-13 of FARSA. Its functional significance is undetermined.,SOMATIC,811.0
UC0wMDE0NjI0LVQwMi1JTTY6YnJlYXN0X21za18yMDI1,UC0wMDE0NjI0OmJyZWFzdF9tc2tfMjAyNQ,breast_msk_2025_structural_variants,P-0014624-T02-IM6,P-0014624,breast_msk_2025,CALR,NA,19,13051812,NA,NA,-1,Intron of CALR(+): 111bp after exon 7,5886.0,RAD23A,NA,19,13058313,NA,NA,-1,Intron of RAD23A(+): 349bp before exon 2,NA,GRCh37,yes,unk,3882,3838,0,17,-1,17,-1,15,CALR (NM_004343) - RAD23A (NM_005053) Rearrangement : c.960+111:CALR_c.73-349:RAD23Adel,PRECISE,3to5,Protein fusion: in frame (CALR-RAD23A),DELETION,6501,Note: The CALR - RAD23A Rearrangement results in the fusion of exons 1-7 of CALR with exons 2-9 of RAD23A. Its functional significance is undetermined.,SOMATIC,811.0
UC0wMDE0NjI0LVQwMS1JTTY6YnJlYXN0X21za18yMDI1,UC0wMDE0NjI0OmJyZWFzdF9tc2tfMjAyNQ,breast_msk_2025_structural_variants,P-0014624-T01-IM6,P-0014624,breast_msk_2025,CALR,NA,19,13051812,NA,NA,-1,Intron of CALR(+): 111bp after exon 7,5886.0,RAD23A,NA,19,13058313,NA,NA,-1,Intron of RAD23A(+): 349bp before exon 2,NA,GRCh37,yes,unk,2900,2902,0,5,-1,6,-1,10,CALR (NM_004343)  - RAD23A (NM_005053) rearrangement: c.960+111:CALR_c.73-349:RAD23Adel,PRECISE,3to5,Protein fusion: in frame (CALR-RAD23A),DELETION,6501,Note: The CALR - RAD23A rearrangement is a deletion which results in the fusion of CALR exon 7 to RAD23A exon2. The functional significance is undetermined.,SOMATIC,811.0
UC0wMDM1Mjg5LVQwMy1JTTY6YnJlYXN0X21za18yMDI1,UC0wMDM1Mjg5OmJyZWFzdF9tc2tfMjAyNQ,breast_msk_2025_structural_variants,P-0035289-T03-IM6,P-0035289,breast_msk_2025,CAMSAP1,NA,9,138782419,NA,NA,-1,Intron of CAMSAP1(-):7Kb before exon 2,4851.0,NOTCH1,NA,9,139397392,NA,NA,-1,Intron of NOTCH1(-):241bp after exon 27,NA,GRCh37,yes,unk,24215,270105,0,269,-1,228,-1,10,CAMSAP1 (NM_015447) - NOTCH1 (NM_017617) rearrangement: c.161-7495:CAMSAP1_c.5167+242:NOTCH1dup,PRECISE,5to3,Protein Fusion: in frame  {CAMSAP1:NOTCH1},DUPLICATION,614973,Note: The CAMSAP1 - NOTCH1 rearrangement is a duplication that results in a fusion of CAMSAP1 exon 1 to NOTCH1 exons 28 - 34. The fusion is predicted to be in frame. Functional significance is undetermined.,SOMATIC,157922.0
UC0wMDM1Mjg5LVQwMS1JTTY6YnJlYXN0X21za18yMDI1,UC0wMDM1Mjg5OmJyZWFzdF9tc2tfMjAyNQ,breast_msk_2025_structural_variants,P-0035289-T01-IM6,P-0035289,breast_msk_2025,CAMSAP1,NA,NA,-1,NA,NA,-1,NA,4851.0,NOTCH1,NA,NA,-1,NA,NA,-1,NA,NA,GRCh37,yes,unk,-1,-1,-1,-1,-1,-1,-1,-1,POSITIVE FOR GENE FUSIONS IN THE INVESTIGATIONAL PANEL: CAMSAP1-NOTCH1 fusion. Note: The rearrangement is an in frame fusion between genes CAMSAP1 Exon1 (XM_005263396) and NOTCH1 Exon28 (NM_017617).,NA,NA,CAMSAP1-NOTCH1 Fusion - Archer,NA,-1,Lab Notes Run Number: ArcherV3-CLIN-20180165 Macro-dissection: Unknown,SOMATIC,157922.0
UC0wMDM1Mjg5LVQwMS1JTTY6YnJlYXN0X21za18yMDI1,UC0wMDM1Mjg5OmJyZWFzdF9tc2tfMjAyNQ,breast_msk_2025_structural_variants,P-0035289-T01-IM6,P-0035289,breast_msk_2025,CAMSAP1,NA,9,138782419,NA,NA,-1,Intron of CAMSAP1(-):7Kb before exon 2,4851.0,NOTCH1,NA,9,139397392,NA,NA,-1,Intron of NOTCH1(-):241bp after exon 27,NA,GRCh37,yes,unk,28922,375084,0,289,-1,231,-1,10,CAMSAP1 (NM_015447) - NOTCH1 (NM_017617) rearrangement: c.161-7495:CAMSAP1_c.5167+242:NOTCH1dup,PRECISE,5to3,Protein Fusion: in frame  {CAMSAP1:NOTCH1},DUPLICATION,614973,Note: The CAMSAP1 - NOTCH1 rearrangement is a duplication that results in the in-frame fusion of CAMSAP1 exon 1 with NOTCH1 exons 28-34. The functional significance is undetermined.,SOMATIC,157922.0
UC0wMDE3NjIzLVQwMi1JTTY6YnJlYXN0X21za18yMDI1,UC0wMDE3NjIzOmJyZWFzdF9tc2tfMjAyNQ,breast_msk_2025_structural_variants,P-0017623-T02-IM6,P-0017623,breast_msk_2025,CAPZB,NA,1,19793042,NA,NA,-1,Intron of CAPZB(-):18Kb after exon 1,8289.0,ARID1A,NA,1,27089695,NA,NA,-1,Exon 8 of ARID1A(+),NA,GRCh37,yes,unk,30139,30683,0,30,-1,31,-1,10,ARID1A (NM_006015) - CAPZB(NM_004930) Rearrangement: c.2651:ARID1A_c.3+18888:CAPZBinv,PRECISE,3to3,Protein Fusion: mid-exon  {ARID1A:CAPZB},INVERSION,7296653,Note: The ARID1A - CAPZB Rearrangement results in the fusion of exons 1-8 of ARID1A with exons 2-9 of CAPZB. Its functional significance is undetermined.,SOMATIC,832.0
UC0wMDA2OTQ4LVQwMS1JTTU6YnJlYXN0X21za18yMDI1,UC0wMDA2OTQ4OmJyZWFzdF9tc2tfMjAyNQ,breast_msk_2025_structural_variants,P-0006948-T01-IM5,P-0006948,breast_msk_2025,CARD11,NA,7,2946387,NA,NA,-1,Exon 25 of CARD11(-),,,NA,7,2952224,NA,NA,-1,Intron of CARD11(-): 294bp before exon 23,NA,GRCh37,yes,unk,5423,6947,0,46,-1,47,-1,53,CARD11 (NM_032415) rearrangement: c.3020-294_c.3350dup,PRECISE,5to3,Duplication within transcript: mid-exon,DUPLICATION,5837,The CARD11 (NM_032415) rearrangement is an intragenic duplication of  exons 23-25. One of the breakpoints is within exon 25 of CARD11. The functional significance is undetermined.,SOMATIC,84433.0
UC0wMDE2OTQ2LVQwMS1JTTY6YnJlYXN0X21za18yMDI1,UC0wMDE2OTQ2OmJyZWFzdF9tc2tfMjAyNQ,breast_msk_2025_structural_variants,P-0016946-T01-IM6,P-0016946,breast_msk_2025,CARD11,NA,7,2974229,NA,NA,-1,Exon 10 of CARD11(-),,,NA,7,3011314,NA,NA,-1,5-UTR of CARD11(-):65Kb before coding start,NA,GRCh37,NA,NA,15478,3026,0,6,-1,-1,-1,-1,CARD11 (NM_032415) rearrangement : c.1376_c.-125-13049del,PRECISE,3to5,Deletion within transcript : mid-exon,DELETION,37085,Note: The CARD11 rearrangement results in the deletion of exons 1-10. The functional significance is undetermined.,SOMATIC,84433.0
UC0wMDQyNDE0LVQwMS1JTTY6YnJlYXN0X21za18yMDI1,UC0wMDQyNDE0OmJyZWFzdF9tc2tfMjAyNQ,breast_msk_2025_structural_variants,P-0042414-T01-IM6,P-0042414,breast_msk_2025,CARD11,NA,7,2966879,NA,NA,-1,Intron of CARD11(-):454bp before exon 14,,,NA,7,2974435,NA,NA,-1,Intron of CARD11(-):172bp before exon 10,NA,GRCh37,yes,unk,3684,8717,0,8,-1,8,-1,10,CARD11 (NM_032415) rearrangement: c.1342-172_c.1755-454dup,PRECISE,5to3,Duplication of 4 exons : out of frame,DUPLICATION,7556,Note: The CARD11 rearrangement is an intragenic duplication of exons 10 - 13. Functional significance is undetermined.,SOMATIC,84433.0
UC0wMDM3MDQ0LVQwMS1JTTY6YnJlYXN0X21za18yMDI1,UC0wMDM3MDQ0OmJyZWFzdF9tc2tfMjAyNQ,breast_msk_2025_structural_variants,P-0037044-T01-IM6,P-0037044,breast_msk_2025,CARD11,NA,15,95532040,NA,NA,-1,IGR: 133Kb before LOC440311(+),,,NA,7,2983615,NA,NA,-1,Intron of CARD11(-):230bp after exon 5,NA,GRCh37,NA,NA,0,0,0,22,-1,-1,-1,-1,CARD11 (NM_032415) rearrangement: t(7;15)(p22.2;q26.2)(chr7:g.2983615::chr15:g.95532040),PRECISE,3to5,CARD11-intragenic,TRANSLOCATION,0,Note: The CARD11 rearrangement is a translocation with a breakpoint in intron 5. The functional significance is undetermined.,SOMATIC,84433.0
UC0wMDM3MDQ0LVQwNS1JTTc6YnJlYXN0X21za18yMDI1,UC0wMDM3MDQ0OmJyZWFzdF9tc2tfMjAyNQ,breast_msk_2025_structural_variants,P-0037044-T05-IM7,P-0037044,breast_msk_2025,CARD11,NA,15,95532045,NA,NA,-1,IGR: 133Kb before LOC440311(+),,,NA,7,2983757,NA,NA,-1,Intron of CARD11(-):88bp after exon 5,NA,GRCh37,NA,NA,0,0,0,23,-1,-1,-1,-1,CARD11 (NM_032415) rearrangement: t(7;15)(p22.2;q26.2)(chr7:g.2983757::chr15:g.95532045),IMPPRECISE,3to5,CARD11-intragenic,TRANSLOCATION,0,Note: The CARD11 rearrangement is a translocation with a breakpoint in intron 5. Functional significance is undetermined.,SOMATIC,84433.0
UC0wMDUwNzkzLVQwMS1JTTY6YnJlYXN0X21za18yMDI1,UC0wMDUwNzkzOmJyZWFzdF9tc2tfMjAyNQ,breast_msk_2025_structural_variants,P-0050793-T01-IM6,P-0050793,breast_msk_2025,CARD11,NA,7,2985550,NA,NA,-1,Exon 4 of CARD11(-),,,NA,7,2989468,NA,NA,-1,Intron of CARD11(-):2Kb before exon 3,NA,GRCh37,yes,unk,2503,3057,0,20,-1,17,-1,10,CARD11 (NM_032415) rearrangement: c.8-2047_c.261inv,PRECISE,5to5,Antisense Fusion,INVERSION,3918,Note: The CARD11 rearrangement is an intragenic inversion of exons 3 - 4. One of the breakpoints is within exon 4. Functional significance is undetermined.,SOMATIC,84433.0
UC0wMDM0Njg1LVQwMS1JTTY6YnJlYXN0X21za18yMDI1,UC0wMDM0Njg1OmJyZWFzdF9tc2tfMjAyNQ,breast_msk_2025_structural_variants,P-0034685-T01-IM6,P-0034685,breast_msk_2025,CARM1,NA,19,11023541,NA,NA,-1,Intron of CARM1(+):571bp after exon 5,,,NA,19,11027453,NA,NA,-1,Exon 8 of CARM1(+),NA,GRCh37,NA,NA,4437,7362,0,11,-1,-1,-1,-1,CARM1 (NM_199141) Rearrangement: c.669+571_c.1020inv,PRECISE,5to5,CARM1-intragenic,INVERSION,3912,Note: The CARM1 Rearrangement results in the inversion of exons 6-8 of CARM1. One of the breakpoints is within exon8. Its functional significance is undetermined.,SOMATIC,10498.0
UC0wMDQ1ODY1LVQwMS1JTTY6YnJlYXN0X21za18yMDI1,UC0wMDQ1ODY1OmJyZWFzdF9tc2tfMjAyNQ,breast_msk_2025_structural_variants,P-0045865-T01-IM6,P-0045865,breast_msk_2025,CARM1,NA,19,10044605,NA,NA,-1,Intron of OLFM2(-):2Kb after exon 1,,,NA,19,11018782,NA,NA,-1,Exon 3 of CARM1(+),NA,GRCh37,yes,unk,55679,71627,0,53,-1,49,-1,10,CARM1 (NM_199141) rearrangement: c.414:CARM1_chr19:g.10044605del,PRECISE,3to5,CARM1-intragenic,DELETION,974177,Note: The CARM1 rearrangement is a deletion of exons 1 - 3. One of the breakpoints is within exon 3. Functional significance is undetermined.,SOMATIC,10498.0
UC0wMDI4OTg5LVQwMS1JTTY6YnJlYXN0X21za18yMDI1,UC0wMDI4OTg5OmJyZWFzdF9tc2tfMjAyNQ,breast_msk_2025_structural_variants,P-0028989-T01-IM6,P-0028989,breast_msk_2025,CASP8,NA,15,80780567,NA,NA,-1,Intron of ARNT2(+):13Kb after exon 5,,,NA,2,202134423,NA,NA,-1,Intron of CASP8(+):2Kb before exon 3,NA,GRCh37,NA,NA,0,0,0,35,-1,-1,-1,-1,CASP8 (c.483-1816) - ARNT2 (NM_014862) rearrangement: t(2;15)(q33.1;q25.1)(chr2:g.202134423::chr15:g.80780567).,PRECISE,5to3,Protein Fusion: out of frame  {CASP8:ARNT2},TRANSLOCATION,0,Note: The CASP8 - ARNT2 rearrangement results in the fusion of CASP8 exons 1 to 2 with ARNT2 exons 6 to 19. The functional significance is undetermined.,SOMATIC,841.0
UC0wMDAzOTU4LVQwMy1JTTY6YnJlYXN0X21za18yMDI1,UC0wMDAzOTU4OmJyZWFzdF9tc2tfMjAyNQ,breast_msk_2025_structural_variants,P-0003958-T03-IM6,P-0003958,breast_msk_2025,CASP8,NA,NA,-1,NA,NA,-1,NA,2120.0,ETV6,NA,NA,-1,NA,NA,-1,NA,NA,GRCh37,yes,unk,-1,-1,-1,-1,-1,-1,-1,-1,POSITIVE FOR GENE FUSIONS IN THE INVESTIGATIONAL PANEL: CASP8-ETV6 fusion. Note: The rearrangement is an in-frame fusion between genes CASP8 Exon9 (NM_001080125) and ETV6 Exon6 (NM_001987).,NA,NA,CASP8-ETV6 Fusion - Archer,NA,-1,Lab Notes Run Number: ArcherV2-CLIN-20180082 Macro-dissection: Unknown,SOMATIC,841.0
UC0wMDEwNDY1LVQwMS1JTTU6YnJlYXN0X21za18yMDI1,UC0wMDEwNDY1OmJyZWFzdF9tc2tfMjAyNQ,breast_msk_2025_structural_variants,P-0010465-T01-IM5,P-0010465,breast_msk_2025,CASP8,NA,NA,-1,NA,NA,-1,NA,2120.0,ETV6,NA,NA,-1,NA,NA,-1,NA,NA,GRCh37,yes,unk,-1,-1,-1,-1,-1,-1,-1,-1,POSITIVE FOR GENE FUSIONS IN THE INVESTIGATIONAL PANEL: CASP8-ETV6 fusion. Note: The rearrangement is an in-frame fusion between genes CASP8 Exon9 (NM_001080125) and ETV6 Exon6 (NM_001987).,NA,NA,CASP8-ETV6 Fusion - Archer,NA,-1,Lab Notes Run Number: ArcherV2-CLIN-20170027 Macro-dissection: Performed,SOMATIC,841.0
UC0wMDYxNzMxLVQwMS1JTTc6YnJlYXN0X21za18yMDI1,UC0wMDYxNzMxOmJyZWFzdF9tc2tfMjAyNQ,breast_msk_2025_structural_variants,P-0061731-T01-IM7,P-0061731,breast_msk_2025,CATSPERG,NA,19,6270649,NA,NA,-1,Exon 2 of MLLT1(-),4298.0,MLLT1,NA,19,38852333,NA,NA,-1,Exon 17 of CATSPERG(+),NA,GRCh37,yes,unk,836328,974063,0,25,-1,25,-1,0,CATSPERG (NM_021185) - MLLT1 (NM_005934) rearrangement: c.1926:CATSPERG_c.134:MLLT1inv,IMPPRECISE,3to3,Protein Fusion: mid-exon  {CATSPERG:MLLT1},INVERSION,32581684,Note: The CATSPERG-MLLT1 rearrangement is an inversion that results in a fusion of CATSPERG exons 1-17 to MLLT1 exons 2 - 12. Breakpoints are located within CATSPERG exon 17 and MLLT1 exon 2. Multiple rearrangements involving MLLT1 were detected in this s,SOMATIC,57828.0
UC0wMDAzMjk0LVQwMi1JTTU6YnJlYXN0X21za18yMDI1,UC0wMDAzMjk0OmJyZWFzdF9tc2tfMjAyNQ,breast_msk_2025_structural_variants,P-0003294-T02-IM5,P-0003294,breast_msk_2025,CBFB,NA,16,63947171,NA,NA,-1,IGR: 1Mb before CDH11(-),,,NA,16,67100773,NA,NA,-1,Intron of CBFB(+): 72bp after exon 4,NA,GRCh37,NA,NA,5973,5352,0,13,-1,-1,-1,-1,CBFB (NM_022845) rearrangement : chr16:g.63947171_c.399+72:CBFBinv,PRECISE,3to3,CBFB-intragenic,INVERSION,3153602,Note: The CBFB (NM_022845) rearrangement results in the inversion of CBFB exons 1-4.,SOMATIC,865.0
UC0wMDM0MjY4LVQwMS1JTTY6YnJlYXN0X21za18yMDI1,UC0wMDM0MjY4OmJyZWFzdF9tc2tfMjAyNQ,breast_msk_2025_structural_variants,P-0034268-T01-IM6,P-0034268,breast_msk_2025,CBL,NA,11,104728227,NA,NA,-1,IGR: 28Kb before CASP12(-),,,NA,11,119103375,NA,NA,-1,Exon 2 of CBL(+),NA,GRCh37,yes,unk,120225,192982,0,13,-1,13,-1,10,CBL (NM_005188) rearrangement: c.413:CBL_chr11:g.104728227del,PRECISE,3to5,CBL-intragenic,DELETION,14375148,Note: The CBL rearrangement is a deletion of exons 1-2. One of the breakpoints is within exon 2. Its functional significance is undetermined.,SOMATIC,867.0
UC0wMDI1MzQ5LVQwMy1JTTY6YnJlYXN0X21za18yMDI1,UC0wMDI1MzQ5OmJyZWFzdF9tc2tfMjAyNQ,breast_msk_2025_structural_variants,P-0025349-T03-IM6,P-0025349,breast_msk_2025,CCDC6,NA,NA,-1,NA,NA,-1,NA,5979.0,RET,NA,NA,-1,NA,NA,-1,NA,NA,GRCh37,yes,unk,-1,-1,-1,-1,-1,-1,-1,-1,POSITIVE FOR THE FOLLOWING GENE FUSION IN THE CLINICALLY VALIDATED PANEL: CCDC6-RET fusion. Note: The rearrangement is an in-frame fusion between genes CCDC6 Exon1 (NM_005436) and RET Exon12 (NM_020975).,NA,NA,CCDC6-RET Fusion - Archer,NA,-1,Lab Notes Run Number: ArcherV2-CLIN-20180063 Macro-dissection: Performed,SOMATIC,8030.0
UC0wMDI1MzQ5LVQwMy1JTTY6YnJlYXN0X21za18yMDI1,UC0wMDI1MzQ5OmJyZWFzdF9tc2tfMjAyNQ,breast_msk_2025_structural_variants,P-0025349-T03-IM6,P-0025349,breast_msk_2025,CCDC6,NA,10,43611986,NA,NA,-1,Intron of RET(+):45bp before exon 12,5979.0,RET,NA,10,61622498,NA,NA,-1,Intron of CCDC6(-):10Kb before exon 2,NA,GRCh37,NA,NA,26294,35873,0,2,-1,-1,-1,-1,CCDC6 (NM_005436) - RET (NM_020975) fusion ( CCDC6 exon 1 fused to RET exons 12-20): c.304-10038:CCDC6_c.2137-46:RETinv,PRECISE,5to5,Protein Fusion: in frame  {CCDC6:RET},INVERSION,18010512,Note: The CCDC6 - RET fusion is predicted to be in frame and includes the kinase domain of RET. The low read support for this rearrangement suggests that it may be a subclonal event. This sample has been nominated for further analysis using the Archer tar,SOMATIC,8030.0
UC0wMDQ3MTQ0LVQwMS1JTTY6YnJlYXN0X21za18yMDI1,UC0wMDQ3MTQ0OmJyZWFzdF9tc2tfMjAyNQ,breast_msk_2025_structural_variants,P-0047144-T01-IM6,P-0047144,breast_msk_2025,CCDC6,NA,10,43611888,NA,NA,-1,Intron of RET(+):143bp before exon 12,5979.0,RET,NA,10,61657033,NA,NA,-1,Intron of CCDC6(-):9Kb after exon 1,NA,GRCh37,yes,unk,30381,29411,1,49,-1,20,-1,10,CCDC6 (NM_005436) - RET (NM_020975) fusion: c.303+8847:CCDC6_c.2137-144:RETinv,PRECISE,5to5,Protein Fusion: in frame  {CCDC6:RET},INVERSION,18045145,Note: The CCDC6 - RET fusion involves CCDC6 exon 1 and RET exons 12 - 20. The fusion is predicted to be in frame and includes the kinase domain of RET.,SOMATIC,8030.0
UC0wMDMyMjMzLVQwMS1JTTY6YnJlYXN0X21za18yMDI1,UC0wMDMyMjMzOmJyZWFzdF9tc2tfMjAyNQ,breast_msk_2025_structural_variants,P-0032233-T01-IM6,P-0032233,breast_msk_2025,CCNE1,NA,19,1441479,NA,NA,-1,Promoter of RPS15(+):3Kb from tx start,,,NA,19,30313195,NA,NA,-1,Exon 10 of CCNE1(+),NA,GRCh37,NA,NA,676529,781097,0,18,-1,-1,-1,-1,CCNE1 (NM_001238) rearrangement: c.889:CCNE1_chr19:g.1441479inv,IMPPRECISE,5to5,CCNE1-intragenic,INVERSION,28871716,Note: The CCNE1 rearrangement results in the inversion of exons 1-10. One of the breakpoints is within exon 10. The functional significance is undetermined.,SOMATIC,898.0
UC0wMDI0Njg3LVQwMS1JTTY6YnJlYXN0X21za18yMDI1,UC0wMDI0Njg3OmJyZWFzdF9tc2tfMjAyNQ,breast_msk_2025_structural_variants,P-0024687-T01-IM6,P-0024687,breast_msk_2025,CCNE1,NA,19,30313488,NA,NA,-1,Exon 11 of CCNE1(+),8725.0,URI1,NA,19,30433580,NA,NA,-1,Intron of URI1(+):9bp after exon 1,NA,GRCh37,yes,unk,2779,1495,0,10,-1,11,-1,10,CCNE1 (NM_001238) rearrangement: c.1088:CCNE1_chr19:g.30433580inv,PRECISE,3to3,Antisense Fusion,INVERSION,120092,Note: The CCNE1 rearrangement is an inversion of exons 11-12. One of the breakpoints is within exon 11. Its functional significance is undetermined.,SOMATIC,898.0
UC0wMDA4ODU2LVQwMS1JTTU6YnJlYXN0X21za18yMDI1,UC0wMDA4ODU2OmJyZWFzdF9tc2tfMjAyNQ,breast_msk_2025_structural_variants,P-0008856-T01-IM5,P-0008856,breast_msk_2025,CD79B,NA,17,32525586,NA,NA,-1,IGR: 57Kb before CCL2(+),,,NA,17,62007420,NA,NA,-1,Intron of CD79B(-): 14bp after exon 3,NA,GRCh37,NA,NA,827216,1027149,0,62,-1,-1,-1,-1,CD79B (NM_001039933) rearrangement: chr17:g.32525586_c.433+14:CD79Bdel,PRECISE,3to5,CD79B-intragenic,DELETION,29481834,Note: The CD79B (NM_001039933) rearrangement results in the deletion of CD79B exons 4-6. The functional significance of this rearrangement is undetermined.,SOMATIC,974.0
UC0wMDUzMzE2LVQwMS1JTTY6YnJlYXN0X21za18yMDI1,UC0wMDUzMzE2OmJyZWFzdF9tc2tfMjAyNQ,breast_msk_2025_structural_variants,P-0053316-T01-IM6,P-0053316,breast_msk_2025,CD79B,NA,21,26466834,NA,NA,-1,IGR: 254Kb before LOC339622(+),,,NA,17,62009518,NA,NA,-1,Intron of CD79B(-):36bp after exon 1,NA,GRCh37,yes,unk,0,0,0,27,-1,26,-1,10,CD79B (NM_001039933) rearrangement: t(17;21)(q23.3;q21.2)(chr17:g.62009518::chr21:g.26466834),PRECISE,5to5,CD79B-intragenic,TRANSLOCATION,0,Note: The CD79B rearrangement is a translocation with a breakpoint in intron 1. Functional significance is undetermined.,SOMATIC,974.0
UC0wMDIyMTY2LVQwMi1JTTY6YnJlYXN0X21za18yMDI1,UC0wMDIyMTY2OmJyZWFzdF9tc2tfMjAyNQ,breast_msk_2025_structural_variants,P-0022166-T02-IM6,P-0022166,breast_msk_2025,CDC73,NA,1,193093008,NA,NA,-1,Intron of CDC73(+):1Kb before exon 2,,,NA,1,193107426,NA,NA,-1,Intron of CDC73(+):123bp after exon 6,NA,GRCh37,yes,unk,4161,9391,0,12,-1,12,-1,10,CDC73 (NM_024529) rearrangement: c.132-1234_c.512+123dup,PRECISE,5to3,Duplication of 5 exons : in frame,DUPLICATION,14418,Note: The CDC73 rearrangement results in the intragenic duplication of exons 2-6. The functional significance is undetermined.,SOMATIC,79577.0
UC0wMDQ4NzExLVQwMi1JTTY6YnJlYXN0X21za18yMDI1,UC0wMDQ4NzExOmJyZWFzdF9tc2tfMjAyNQ,breast_msk_2025_structural_variants,P-0048711-T02-IM6,P-0048711,breast_msk_2025,CDC73,NA,1,192791467,NA,NA,-1,IGR: 13Kb before RGS2(+),,,NA,1,193119396,NA,NA,-1,Intron of CDC73(+):37bp before exon 9,NA,GRCh37,yes,unk,5957,9180,0,65,-1,64,-1,10,CDC73 (NM_024529) rearrangement: c.829-38:CDC73_chr1:g.192791467del,PRECISE,3to5,CDC73-intragenic,DELETION,327929,Note: The CDC73 rearrangement is a deletion of exons 1 - 8.,SOMATIC,79577.0
UC0wMDA4OTk0LVQwMS1JTTU6YnJlYXN0X21za18yMDI1,UC0wMDA4OTk0OmJyZWFzdF9tc2tfMjAyNQ,breast_msk_2025_structural_variants,P-0008994-T01-IM5,P-0008994,breast_msk_2025,CDH1,NA,16,68843158,NA,NA,-1,Intron of CDH1(+): 407bp after exon 5,,,NA,16,68849660,NA,NA,-1,Exon 10 of CDH1(+),NA,GRCh37,yes,unk,16182,17317,0,9,-1,10,-1,25,CDH1 (NM_004360) rearrangement : c.687+407_1563dup,PRECISE,5to3,Duplication within transcript: mid-exon,DUPLICATION,6502,Note: The CDH1 (NM_004360) rearrangement events results in the intragenic duplication of CDH1 exons 6-10. One of the breakpoints is within CDH1 exon10.,SOMATIC,999.0
UC0wMDE1MDM0LVQwMS1JTTY6YnJlYXN0X21za18yMDI1,UC0wMDE1MDM0OmJyZWFzdF9tc2tfMjAyNQ,breast_msk_2025_structural_variants,P-0015034-T01-IM6,P-0015034,breast_msk_2025,CDH1,NA,16,68857495,NA,NA,-1,Exon 13 of CDH1(+),,,NA,16,68861543,NA,NA,-1,Intron of CDH1(+): 534bp before exon 14,NA,GRCh37,yes,unk,192,189,0,115,-1,102,-1,79,CDH1 (NM_004360) rearrangement: c.2130_c.2165-534del,PRECISE,3to5,Deletion within transcript: mid-exon,DELETION,4048,Note: The CDH1 rearrangement is an intragenic deletion of exon 13. One of the breakpoints is within exon 13.,SOMATIC,999.0
UC0wMDMzNDkwLVQwMi1JTTY6YnJlYXN0X21za18yMDI1,UC0wMDMzNDkwOmJyZWFzdF9tc2tfMjAyNQ,breast_msk_2025_structural_variants,P-0033490-T02-IM6,P-0033490,breast_msk_2025,CDH1,NA,16,68772218,NA,NA,-1,Exon 2 of CDH1(+),,,NA,16,68772870,NA,NA,-1,Intron of CDH1(+):556bp after exon 2,NA,GRCh37,yes,unk,1755,328,0,11,-1,10,-1,10,CDH1 (NM_004360) Rearrangement : c.67_c.163+556del,PRECISE,3to5,Deletion within transcript : mid-exon,DELETION,652,Note: The CDH1 Rearrangement results in the intragenic deletion of exon2 of CDH1. One of the breakpoints is within exon2. Its functional significance is undetermined.,SOMATIC,999.0
UC0wMDM0NjgzLVQwMS1JTTY6YnJlYXN0X21za18yMDI1,UC0wMDM0NjgzOmJyZWFzdF9tc2tfMjAyNQ,breast_msk_2025_structural_variants,P-0034683-T01-IM6,P-0034683,breast_msk_2025,CDH1,NA,16,68772243,NA,NA,-1,Exon 2 of CDH1(+),,,NA,16,68816731,NA,NA,-1,Intron of CDH1(+):19Kb before exon 3,NA,GRCh37,NA,NA,1270,1381,0,111,-1,-1,-1,-1,CDH1 (NM_004360) Rearrangement : c.92_c.164-18842del,PRECISE,3to5,Deletion within transcript : mid-exon,DELETION,44488,Note: The CDH1  Rearrangement results in the intragenic deletion of exon2. One of the breakpoints is within exon2 . Its functional significance is undetermined.,SOMATIC,999.0
UC0wMDEzMTU0LVQwMS1JTTU6YnJlYXN0X21za18yMDI1,UC0wMDEzMTU0OmJyZWFzdF9tc2tfMjAyNQ,breast_msk_2025_structural_variants,P-0013154-T01-IM5,P-0013154,breast_msk_2025,CDH1,NA,16,68846999,NA,NA,-1,Intron of CDH1(+): 217bp before exon 9,,,NA,16,68849283,NA,NA,-1,Intron of CDH1(+): 135bp before exon 10,NA,GRCh37,NA,NA,2070,998,0,8,-1,-1,-1,-1,CDH1 (NM_004360)  Rearrangement : c.1138-217_1321-135del,PRECISE,3to5,Deletion of 1 exon: in frame,DELETION,2284,Note: The CDH1 Rearrangement results in the deletion of exon9 of CDH1. Its functional significance is undetermined.,SOMATIC,999.0
UC0wMDM3OTUzLVQwMS1JTTY6YnJlYXN0X21za18yMDI1,UC0wMDM3OTUzOmJyZWFzdF9tc2tfMjAyNQ,breast_msk_2025_structural_variants,P-0037953-T01-IM6,P-0037953,breast_msk_2025,CDH1,NA,16,68848903,NA,NA,-1,Intron of CDH1(+):514bp before exon 10,,,NA,16,68855972,NA,NA,-1,Exon 12 of CDH1(+),NA,GRCh37,yes,unk,6097,6757,0,60,-1,44,-1,10,CDH1 (NM_004360) rearrangement: c.1321-515_c.1780dup,PRECISE,5to3,Duplication within transcript : mid-exon,DUPLICATION,7069,Note: The CDH1 rearrangement is an intragenic duplication of exons 10 - 12. One of the breakpoints is within exon 12. The functional significance is undetermined.,SOMATIC,999.0
UC0wMDEwODIyLVQwMS1JTTU6YnJlYXN0X21za18yMDI1,UC0wMDEwODIyOmJyZWFzdF9tc2tfMjAyNQ,breast_msk_2025_structural_variants,P-0010822-T01-IM5,P-0010822,breast_msk_2025,CDK12,NA,17,37673757,NA,NA,-1,Exon 10 of CDK12(+),,,NA,17,37674854,NA,NA,-1,Intron of CDK12(+): 1Kb after exon 10,NA,GRCh37,yes,unk,529,683,0,43,-1,43,-1,55,CDK12 (NM_016507) Rearrangement :  c.2911_c.2963+1045dup,PRECISE,5to3,Duplication within transcript: mid-exon,DUPLICATION,1097,Note: The CDK12 Rearrangement results in the duplication of exon 10. One of the breakpoints is within exon10. Its functional significance is undetermined.,SOMATIC,51755.0
UC0wMDQyODU3LVQwMi1JTTc6YnJlYXN0X21za18yMDI1,UC0wMDQyODU3OmJyZWFzdF9tc2tfMjAyNQ,breast_msk_2025_structural_variants,P-0042857-T02-IM7,P-0042857,breast_msk_2025,CDK12,NA,17,37649074,NA,NA,-1,Exon 4 of CDK12(+),,,NA,6,19614941,NA,NA,-1,IGR: 223Kb before ID4(+),NA,GRCh37,NA,NA,0,0,0,20,-1,-1,-1,-1,CDK12 (NM_016507) rearrangement: t(6;17)(p22.3;q12)(chr6:g.19614941::chr17:g.37649074),PRECISE,5to5,CDK12-intragenic,TRANSLOCATION,0,Note: The CDK12 rearrangement is a translocation with a breakpoint in exon 4. Functional significance is undetermined.,SOMATIC,51755.0
UC0wMDE3NjU2LVQwMS1JTTU6YnJlYXN0X21za18yMDI1,UC0wMDE3NjU2OmJyZWFzdF9tc2tfMjAyNQ,breast_msk_2025_structural_variants,P-0017656-T01-IM5,P-0017656,breast_msk_2025,CDK12,NA,17,30096337,NA,NA,-1,IGR: 83Kb before COPRS(-),,,NA,17,37619078,NA,NA,-1,Exon 1 of CDK12(+),NA,GRCh37,NA,NA,42021,63899,0,11,-1,-1,-1,-1,CDK12 (NM_016507) rearrangement : g.30096337_c.754:CDK12inv,PRECISE,5to5,CDK12-intragenic,INVERSION,7522741,Note: The CDK12 rearrangement results in an inversion of exon 1. One of the breakpoint is also within exon 1. The functional significance is undetermined.,SOMATIC,51755.0
UC0wMDI0NzQxLVQwMS1JTTY6YnJlYXN0X21za18yMDI1,UC0wMDI0NzQxOmJyZWFzdF9tc2tfMjAyNQ,breast_msk_2025_structural_variants,P-0024741-T01-IM6,P-0024741,breast_msk_2025,CDK12,NA,17,37627932,NA,NA,-1,Exon 2 of CDK12(+),,,NA,8,78247787,NA,NA,-1,IGR: 115Kb before LOC102724874(+),NA,GRCh37,NA,NA,0,0,0,84,-1,-1,-1,-1,CDK12 (NM_016507) rearrangement: t(8;17)(q21.11;q12)(chr8:g.78247787::chr17:g.37627932),PRECISE,3to5,CDK12-intragenic,TRANSLOCATION,0,Note: The CDK12 rearrangement is a translocation with a breakpoint in exon 2. This event occurs in the background of CDK12 amplification. The functional significance is undetermined.,SOMATIC,51755.0
UC0wMDQyNzY2LVQwMy1JTTY6YnJlYXN0X21za18yMDI1,UC0wMDQyNzY2OmJyZWFzdF9tc2tfMjAyNQ,breast_msk_2025_structural_variants,P-0042766-T03-IM6,P-0042766,breast_msk_2025,CDK12,NA,17,37665974,NA,NA,-1,Exon 7 of CDK12(+),,,NA,17,52590815,NA,NA,-1,IGR: 387Kb before TOM1L1(+),NA,GRCh37,yes,unk,385952,189816,1,163,-1,6,-1,0,CDK12 (NM_016507) rearrangement: c.2626:CDK12_chr17:g.52590815del,IMPPRECISE,3to5,CDK12-intragenic,DELETION,14924841,Note: The CDK12 rearrangement is a deletion of exons 7 - 14. One of the breakpoints is within exon 7. The rearrangement includes a part of the kinase domain of CDK12.,SOMATIC,51755.0
UC0wMDAzNzYyLVQwMS1JTTU6YnJlYXN0X21za18yMDI1,UC0wMDAzNzYyOmJyZWFzdF9tc2tfMjAyNQ,breast_msk_2025_structural_variants,P-0003762-T01-IM5,P-0003762,breast_msk_2025,CDK12,NA,17,37646665,NA,NA,-1,Intron of CDK12(+): 145bp before exon 3,115.0,ADCY9,NA,16,4033430,NA,NA,-1,Exon 7 of ADCY9(-),NA,GRCh37,yes,unk,0,0,0,8,-1,8,-1,18,t(16;17)(p13.3;q12)(chr16:g.4033430::chr17:g.37646665),PRECISE,5to5,Protein fusion: mid-exon (ADCY9-CDK12),TRANSLOCATION,0,Note: ADCY9 (NM_001116) - CDK12 (NM_016507) rearrangement is a translocation event which results in the fusion of ADCY9 exons 1-7 and CDK12 exons 3-14. Its functional significance is undetermined. The breakpoint on ADCY9 is within exon7.,SOMATIC,51755.0
UC0wMDAzNzYyLVQwMi1JTTU6YnJlYXN0X21za18yMDI1,UC0wMDAzNzYyOmJyZWFzdF9tc2tfMjAyNQ,breast_msk_2025_structural_variants,P-0003762-T02-IM5,P-0003762,breast_msk_2025,CDK12,NA,17,37646665,NA,NA,-1,Intron of CDK12(+): 145bp before exon 3,115.0,ADCY9,NA,16,4033430,NA,NA,-1,Exon 7 of ADCY9(-),NA,GRCh37,yes,unk,0,0,0,20,-1,21,-1,10,ADCY9 (NM_001116) - CDK12 (NM_016507) rearrangement: t(16;17)(p13.3;q12)(chr16:g.4033430::chr17:g.37646665),PRECISE,5to5,Protein fusion: mid-exon (ADCY9-CDK12),TRANSLOCATION,0,"The ADCY9 (NM_001116) - CDK12 (NM_016507) rearrangement is a translocation which results in the fusion of ADCY9 exons 1-7  with CDK12 exons 3-14,  including the kinase domain of CDK12. One of the breakpoints is within exon 7 of ADCY9. The functional signi",SOMATIC,51755.0
UC0wMDQxMzcxLVQwMS1JTTY6YnJlYXN0X21za18yMDI1,UC0wMDQxMzcxOmJyZWFzdF9tc2tfMjAyNQ,breast_msk_2025_structural_variants,P-0041371-T01-IM6,P-0041371,breast_msk_2025,CDK12,NA,17,37673680,NA,NA,-1,Intron of CDK12(+):12bp before exon 10,8631.0,SKAP1,NA,17,46356712,NA,NA,-1,Intron of SKAP1(-):67Kb after exon 4,NA,GRCh37,yes,unk,317744,354221,0,5,-1,5,-1,8,CDK12 (NM_016507) - SKAP1 (NM_003726) rearrangement: c.2847-13:CDK12_c.280+66555:SKAP1inv,PRECISE,3to3,Protein Fusion: out of frame  {CDK12:SKAP1},INVERSION,8683032,Note: The CDK12 - SKAP1 rearrangement is an inversion that results in a fusion of CDK12 exons 1 - 9 to SKAP1 exons 5 - 12. The fusion includes a part of the kinase domain of CDK12. Functional significance is undetermined.,SOMATIC,51755.0
UC0wMDQzMzI2LVQwMS1JTTY6YnJlYXN0X21za18yMDI1,UC0wMDQzMzI2OmJyZWFzdF9tc2tfMjAyNQ,breast_msk_2025_structural_variants,P-0043326-T01-IM6,P-0043326,breast_msk_2025,CDK12,NA,17,37683411,NA,NA,-1,Intron of CDK12(+):842bp after exon 13,11267.0,SNF8,NA,17,47012127,NA,NA,-1,Intron of SNF8(-):1Kb after exon 5,NA,GRCh37,yes,unk,416305,662686,0,4,-1,4,-1,6,CDK12 (NM_016507) - SNF8 (NM_007241) rearrangement: c.3760+842:CDK12_c.422+1405:SNF8inv,PRECISE,3to3,Protein Fusion: out of frame  {CDK12:SNF8},INVERSION,9328716,Note: The CDK12 - SNF8 rearrangement is an inversion that results in a fusion of CDK12 exons 1 - 13 to SNF8 exons 6 - 8. The fusion includes the kinase domain of CDK12. Functional significance is undetermined.,SOMATIC,51755.0
UC0wMDQ3NzU2LVQwMi1JTTY6YnJlYXN0X21za18yMDI1,UC0wMDQ3NzU2OmJyZWFzdF9tc2tfMjAyNQ,breast_msk_2025_structural_variants,P-0047756-T02-IM6,P-0047756,breast_msk_2025,CDK4,NA,12,57774589,NA,NA,-1,IGR: 54Kb before INHBC(+),,,NA,12,58144535,NA,NA,-1,Exon 5 of CDK4(-),NA,GRCh37,NA,NA,37479,50419,0,84,-1,-1,-1,-1,CDK4 (NM_000075) rearrangement: c.536:CDK4_chr12:g.57774589del,PRECISE,3to5,CDK4-intragenic,DELETION,369946,Note: The CDK4 rearrangement is a deletion of exons 5 - 8. One of the breakpoints is within exon 5. The rearrangement includes a part of the kinase domain of CDK4. Functional significance is undetermined.,SOMATIC,1019.0
UC0wMDIxNTczLVQwMS1JTTY6YnJlYXN0X21za18yMDI1,UC0wMDIxNTczOmJyZWFzdF9tc2tfMjAyNQ,breast_msk_2025_structural_variants,P-0021573-T01-IM6,P-0021573,breast_msk_2025,CDK6,NA,8,38736050,NA,NA,-1,IGR: 23Kb before PLEKHA2(+),,,NA,7,92392894,NA,NA,-1,Intron of CDK6(-):11Kb after exon 3,NA,GRCh37,NA,NA,0,0,0,7,-1,-1,-1,-1,CDK6 (NM_001145306) rearrangement: t(7;8)(q21.2;p11.22)(chr7:g.92392894::chr8:g.38736050),PRECISE,5to5,CDK6-intragenic,TRANSLOCATION,0,Note: The CDK6 rearrangement is a translocation that may result in a truncation of exons 4-8. The functional significance is undetermined.,SOMATIC,1021.0
UC0wMDE5NzgzLVQwMi1JTTY6YnJlYXN0X21za18yMDI1,UC0wMDE5NzgzOmJyZWFzdF9tc2tfMjAyNQ,breast_msk_2025_structural_variants,P-0019783-T02-IM6,P-0019783,breast_msk_2025,CDK8,NA,13,26974766,NA,NA,-1,Intron of CDK8(+):79bp after exon 10,,,NA,13,30676512,NA,NA,-1,IGR: 100Kb before KATNAL1(-),NA,GRCh37,NA,NA,56524,173211,0,33,-1,-1,-1,-1,CDK8 (NM_001260) rearrangement: c.1031+79:CDK8_chr13:g.30676512del,PRECISE,3to5,CDK8-intragenic,DELETION,3701746,Note: The CDK8 rearrangement is a deletion of exons 11 - 13. The rearrangement does not include the kinase domain of CDK8. Functional significance is undetermined.,SOMATIC,1024.0
UC0wMDA0MDUyLVQwMS1JTTU6YnJlYXN0X21za18yMDI1,UC0wMDA0MDUyOmJyZWFzdF9tc2tfMjAyNQ,breast_msk_2025_structural_variants,P-0004052-T01-IM5,P-0004052,breast_msk_2025,CDKN1B,NA,12,12871300,NA,NA,-1,Intron of CDKN1B(+): 52bp after exon 1,,,NA,12,12874270,NA,NA,-1,3-UTR of CDKN1B(+): 2Kb after coding stop,NA,GRCh37,yes,unk,1238,2482,0,37,-1,27,-1,93,CDKN1B (NM_004064) rearrangement: c.475+52C_c.*309del,PRECISE,3to5,CDKN1B-intragenic,DELETION,2970,The CDKN1B (NM_004064) rearrangement is an intragenic deletion of exon 2. The functional significance is undetermined.,SOMATIC,1027.0
UC0wMDI1OTI0LVQwMS1JTTY6YnJlYXN0X21za18yMDI1,UC0wMDI1OTI0OmJyZWFzdF9tc2tfMjAyNQ,breast_msk_2025_structural_variants,P-0025924-T01-IM6,P-0025924,breast_msk_2025,CDKN1B,NA,12,12869737,NA,NA,-1,Promoter of CDKN1B(+):466bp from tx start,,,NA,12,12871174,NA,NA,-1,Exon 1 of CDKN1B(+),NA,GRCh37,yes,unk,1549,1715,0,4,-1,4,-1,6,CDKN1B (NM_004064) rearrangement: c.-1037_c.401del,PRECISE,3to5,Deletion within transcript : mid-exon,DELETION,1437,Note: The CDKN1B rearrangement results in the intragenic deletion of exon 1. One of the breakpoint is within exon 1. Its functional significance is undetermined.,SOMATIC,1027.0
UC0wMDA2NjAxLVQwMy1JTTY6YnJlYXN0X21za18yMDI1,UC0wMDA2NjAxOmJyZWFzdF9tc2tfMjAyNQ,breast_msk_2025_structural_variants,P-0006601-T03-IM6,P-0006601,breast_msk_2025,CDKN1B,NA,12,12870880,NA,NA,-1,Exon 1 of CDKN1B(+),121512.0,FGD4,NA,12,32787868,NA,NA,-1,Intron of FGD4(+):1Kb after exon 15,NA,GRCh37,yes,unk,73703,104974,0,3,-1,3,-1,6,CDKN1B (NM_004064) - FGD4 (NM_139241): c.107:CDKN1B_c.1902+1245:FGD4del,PRECISE,3to5,Protein Fusion: mid-exon  {CDKN1B:FGD4},DELETION,19916988,Note: The CDKN1B -FGD4 Fusion results in the fusion of exon1 of CDKN1B with exon16-17 of FGD4. Its functional significance is undetermined.,SOMATIC,1027.0
UC0wMDU4NjQzLVQwMS1JTTc6YnJlYXN0X21za18yMDI1,UC0wMDU4NjQzOmJyZWFzdF9tc2tfMjAyNQ,breast_msk_2025_structural_variants,P-0058643-T01-IM7,P-0058643,breast_msk_2025,CDKN2B,NA,9,22008800,NA,NA,-1,Exon 1 of CDKN2B(-),,,NA,3,100468469,NA,NA,-1,3-UTR of ABI3BP(-):869bp after coding stop,NA,GRCh37,yes,unk,0,0,0,14,-1,14,-1,10,CDKN2B (NM_004936) rearrangement: t(3;9)(q12.2;p21.3)(chr3:g.100468469::chr9:g.22008800),PRECISE,5to3,CDKN2B-intragenic,TRANSLOCATION,0,Note: The CDKN2B rearrangement is a translocation with a breakpoint in exon 1. Functional significance is undetermined.,SOMATIC,1030.0
UC0wMDU1NTAwLVQwMS1JTTY6YnJlYXN0X21za18yMDI1,UC0wMDU1NTAwOmJyZWFzdF9tc2tfMjAyNQ,breast_msk_2025_structural_variants,P-0055500-T01-IM6,P-0055500,breast_msk_2025,CDKN2B,NA,9,21967327,NA,NA,-1,5-UTR of CDKN2A-AS1(+):426bp before coding start,,,NA,9,22006232,NA,NA,-1,Exon 2 of CDKN2B(-),NA,GRCh37,yes,unk,14229,18840,0,70,-1,67,-1,10,CDKN2B (NM_004936) rearrangement: c.171:CDKN2B_chr9:g.21967327del,PRECISE,3to5,Antisense Fusion,DELETION,38905,Note: The CDKN2B rearrangement is a deletion of exon 2. One of the breakpoints is within exon 2.,SOMATIC,1030.0
UC0wMDEyMjYwLVQwMS1JTTU6YnJlYXN0X21za18yMDI1,UC0wMDEyMjYwOmJyZWFzdF9tc2tfMjAyNQ,breast_msk_2025_structural_variants,P-0012260-T01-IM5,P-0012260,breast_msk_2025,CEBPB,NA,20,48808548,NA,NA,-1,Exon 1 of CEBPB(+),,,NA,20,48840052,NA,NA,-1,IGR: 33Kb before CEBPB(+),NA,GRCh37,yes,unk,30,79,0,14,-1,14,-1,0,CEBPB (NM_005194) rearrangement: c.978:CEBPB_chr20:g.48840052inv,IMPRECISE,3to3,CEBPB-intragenic,INVERSION,31504,Note: The CEBPB rearrangement in an inversion of a part of exon 1. The breakpoint is within exon 1.,SOMATIC,1051.0
UC0wMDA1OTAwLVQwMi1JTTY6YnJlYXN0X21za18yMDI1,UC0wMDA1OTAwOmJyZWFzdF9tc2tfMjAyNQ,breast_msk_2025_structural_variants,P-0005900-T02-IM6,P-0005900,breast_msk_2025,CENPA,NA,17,46665305,NA,NA,-1,Promoter of HOXB-AS3(+):2Kb from tx start,,,NA,2,27009023,NA,NA,-1,5-UTR of CENPA(+):41bp before coding start,NA,GRCh37,yes,unk,0,0,0,61,-1,35,-1,10,"CENPA (NM_001809) rearrangement: t(2,17)(p23.2,q21.32)(chr2:g.27009023::chr17:g.46665305)",PRECISE,5to5,CENPA-intragenic,TRANSLOCATION,0,Note: The CENPA rearrangement is a translocation with a breakpoint in the CENPA promoter region. The functional significance is undetermined.,SOMATIC,1058.0
UC0wMDQ0NzY0LVQwMS1JTTY6YnJlYXN0X21za18yMDI1,UC0wMDQ0NzY0OmJyZWFzdF9tc2tfMjAyNQ,breast_msk_2025_structural_variants,P-0044764-T01-IM6,P-0044764,breast_msk_2025,CENPE,NA,15,99467155,NA,NA,-1,Exon 12 of IGF1R(+),3480.0,IGF1R,NA,4,104084685,NA,NA,-1,Exon 17 of CENPE(-),NA,GRCh37,yes,unk,0,0,0,21,-1,21,-1,10,CENPE (NM_001813) - IGF1R (NM_000875) rearrangement: t(4;15)(q24;q26.3)(chr4:g.104084685::chr15:g.99467155),PRECISE,5to5,Protein Fusion: mid-exon  {CENPE:IGF1R},TRANSLOCATION,0,Note: The CENPE - IGF1R rearrangement is a translocation that results in a fusion of CENPE exons 1 - 17 to IGF1R exons 12 - 21. The breakpoints are within CENPE exon 17 and IGF1R exon 12. The fusion includes the kinase domain of IGF1R. Functional signific,SOMATIC,1062.0
UC0wMDQ3Mzc2LVQwMS1JTTY6YnJlYXN0X21za18yMDI1,UC0wMDQ3Mzc2OmJyZWFzdF9tc2tfMjAyNQ,breast_msk_2025_structural_variants,P-0047376-T01-IM6,P-0047376,breast_msk_2025,CHCT1,NA,17,58507838,NA,NA,-1,Intron of C17orf64(+):703bp before exon 6,4792.0,NFKBIA,NA,14,35873738,NA,NA,-1,Exon 1 of NFKBIA(-),NA,GRCh37,yes,unk,0,0,0,45,-1,45,-1,10,C17orf64 (NM_181707) - NFKBIA (NM_020529) rearrangement: t(14;17)(q13.2;q23.2)(chr14:g.35873738::chr17:g.58507838),PRECISE,3to3,Protein Fusion: mid-exon  {C17orf64:NFKBIA},TRANSLOCATION,0,Note: The C17orf64 - NFKBIA rearrangement is a translocation that results in a fusion of C17orf64 exons 1 - 5 to NFKBIA exons 1 - 6. One of the breakpoints is within NFKBIA exon 1. Functional significance is undetermined.,SOMATIC,124773.0
UC0wMDEzMDUwLVQwMS1JTTU6YnJlYXN0X21za18yMDI1,UC0wMDEzMDUwOmJyZWFzdF9tc2tfMjAyNQ,breast_msk_2025_structural_variants,P-0013050-T01-IM5,P-0013050,breast_msk_2025,CHEK2,NA,22,29093021,NA,NA,-1,Intron of CHEK2(-): 46bp before exon 10,,,NA,10,49868405,NA,NA,-1,IGR: 25Kb before WDFY4(+),NA,GRCh37,NA,NA,0,0,0,23,-1,-1,-1,-1,CHEK2 (NM_007194) rearrangement: t(10;22)(q11.22;q12.1)(chr10:g.49868405::chr22:g.29093021),PRECISE,3to3,CHEK2-intragenic,TRANSLOCATION,0,Note: The CHEK2 rearrangement is a translocation with a breakpoint within intron 9 of CHEK2. The functional significance is undetermined.,SOMATIC,11200.0
UC0wMDIzNzcxLVQwMi1JTTY6YnJlYXN0X21za18yMDI1,UC0wMDIzNzcxOmJyZWFzdF9tc2tfMjAyNQ,breast_msk_2025_structural_variants,P-0023771-T02-IM6,P-0023771,breast_msk_2025,CIC,NA,19,4293516,NA,NA,-1,Intron of TMIGD2(-):634bp before exon 5,,,NA,19,42790931,NA,NA,-1,Exon 2 of CIC(+),NA,GRCh37,NA,NA,640700,1178101,0,73,-1,-1,-1,-1,CIC (NM_015125) rearrangement: chr19:g.4293516_c.76del,PRECISE,3to5,CIC-intragenic,DELETION,38497415,Note: The CIC rearrangement results in the deletion of exons 1-2. One of the breakpoints is within exon 2. The functional significance is undetermined.,SOMATIC,23152.0
UC0wMDI5MDY5LVQwMS1JTTY6YnJlYXN0X21za18yMDI1,UC0wMDI5MDY5OmJyZWFzdF9tc2tfMjAyNQ,breast_msk_2025_structural_variants,P-0029069-T01-IM6,P-0029069,breast_msk_2025,CIC,NA,19,42790557,NA,NA,-1,Intron of CIC(+):365bp before exon 2,,,NA,19,42795137,NA,NA,-1,Exon 10 of CIC(+),NA,GRCh37,yes,unk,18177,28853,0,36,-1,34,-1,10,CIC (NM_015125) rearrangement: c.68-366_c.2217dup,PRECISE,5to3,Duplication within transcript : mid-exon,DUPLICATION,4580,Note: The CIC rearrangement is an intregenic duplication of exons 2-10. One of the breakpoints is within exon 10. The functional significance is undetermined.,SOMATIC,23152.0
UC0wMDIzNzcxLVQwMS1JTTY6YnJlYXN0X21za18yMDI1,UC0wMDIzNzcxOmJyZWFzdF9tc2tfMjAyNQ,breast_msk_2025_structural_variants,P-0023771-T01-IM6,P-0023771,breast_msk_2025,CIC,NA,19,4293516,NA,NA,-1,Intron of TMIGD2(-):634bp before exon 5,,,NA,19,42790931,NA,NA,-1,Exon 2 of CIC(+),NA,GRCh37,NA,NA,624054,677064,0,28,-1,-1,-1,-1,CIC (NM_015125) rearrangement: chr19:g.4293516_c.76del,PRECISE,3to5,CIC-intragenic,DELETION,38497415,Note: The CIC rearrangement results in the deletion of exons 1-2. One of the breakpoints is within exon 2. The functional significance is undetermined.,SOMATIC,23152.0
UC0wMDI5MDY5LVQwMi1JTTY6YnJlYXN0X21za18yMDI1,UC0wMDI5MDY5OmJyZWFzdF9tc2tfMjAyNQ,breast_msk_2025_structural_variants,P-0029069-T02-IM6,P-0029069,breast_msk_2025,CIC,NA,19,42790557,NA,NA,-1,Intron of CIC(+):365bp before exon 2,,,NA,19,42795137,NA,NA,-1,Exon 10 of CIC(+),NA,GRCh37,yes,unk,22882,48428,0,207,-1,184,-1,10,CIC (NM_015125) rearrangement: c.68-366_c.2217dup,PRECISE,5to3,Duplication within transcript : mid-exon,DUPLICATION,4580,Note: The CIC rearrangement is an intergenic duplication of exons 2-10. One of the breakpoints is within exon 10. The functional significance is undetermined.,SOMATIC,23152.0
UC0wMDIzNzcxLVQwMS1JTTY6YnJlYXN0X21za18yMDI1,UC0wMDIzNzcxOmJyZWFzdF9tc2tfMjAyNQ,breast_msk_2025_structural_variants,P-0023771-T01-IM6,P-0023771,breast_msk_2025,CIC,NA,19,36054198,NA,NA,-1,Intron of ATP4A(-):28bp before exon 3,495.0,ATP4A,NA,19,42794647,NA,NA,-1,Exon 10 of CIC(+),NA,GRCh37,NA,NA,145344,166035,0,22,-1,-1,-1,-1,CIC (NM_015125) - ATP4A (NM_000704) rearrangement: c.1727_c.157-28inv,PRECISE,3to3,Protein Fusion: mid-exon  {CIC:ATP4A},INVERSION,6740449,Note: The CIC - ATP4A rearrangement is an inversion that results in the fusion of CIC exons 1-10 with ATP4A exons 3-22. One of the breakpoints is within CIC exon 10. The functional significance is undetermined.,SOMATIC,23152.0
UC0wMDIzNzcxLVQwMi1JTTY6YnJlYXN0X21za18yMDI1,UC0wMDIzNzcxOmJyZWFzdF9tc2tfMjAyNQ,breast_msk_2025_structural_variants,P-0023771-T02-IM6,P-0023771,breast_msk_2025,CIC,NA,19,36054198,NA,NA,-1,Intron of ATP4A(-):28bp before exon 3,495.0,ATP4A,NA,19,42794647,NA,NA,-1,Exon 10 of CIC(+),NA,GRCh37,NA,NA,163106,307055,0,44,-1,-1,-1,-1,CIC (NM_015125) - ATP4A (NM_000704) rearrangement: c.1727_c.157-28inv,PRECISE,3to3,Protein Fusion: mid-exon  {CIC:ATP4A},INVERSION,6740449,Note: The CIC - ATP4A rearrangement is an inversion that results in the fusion of CIC exons 1-10 with ATP4A exons 3-22. One of the breakpoints is within CIC exon 10. The functional significance is undetermined.,SOMATIC,23152.0
UC0wMDQwNzgxLVQwMS1JTTY6YnJlYXN0X21za18yMDI1,UC0wMDQwNzgxOmJyZWFzdF9tc2tfMjAyNQ,breast_msk_2025_structural_variants,P-0040781-T01-IM6,P-0040781,breast_msk_2025,CLEC3B,NA,3,41274835,NA,NA,-1,Exon 8 of CTNNB1(+),1499.0,CTNNB1,NA,3,45074212,NA,NA,-1,Intron of CLEC3B(+):2Kb after exon 2,NA,GRCh37,yes,unk,10251,11945,0,52,-1,53,-1,10,CLEC3B (NM_003278) - CTNNB1 (NM_001904) rearrangement: c.208+1795:CLEC3B_c.1085:CTNNB1dup,PRECISE,5to3,Protein Fusion: mid-exon  {CLEC3B:CTNNB1},DUPLICATION,3799377,Note: The CLEC3B - CTNNB1 rearrangement is a duplication that results in a fusion of CLEC3B exons 1 - 2 to CTNNB1 exons 8 - 15. One of the breakpoints is within CTNNB1 exon 8. Functional significance is undetermined.,SOMATIC,7123.0
UC0wMDExNTQyLVQwMS1JTTU6YnJlYXN0X21za18yMDI1,UC0wMDExNTQyOmJyZWFzdF9tc2tfMjAyNQ,breast_msk_2025_structural_variants,P-0011542-T01-IM5,P-0011542,breast_msk_2025,CNTN1,NA,12,41389365,NA,NA,-1,Intron of CNTN1(+): 2Kb after exon 17,8085.0,KMT2D,NA,12,49437578,NA,NA,-1,Intron of MLL2(-): 13bp before exon 23,NA,GRCh37,yes,unk,196820,286586,0,43,-1,47,-1,44,MLL2 (NM_003482) - CNTN1 (NM_001843) rearrangement: c.5320-13:MLL2_c.2113+2294:CNTN1inv,PRECISE,5to5,Protein fusion: out of frame (MLL2-CNTN1),INVERSION,8048213,Note: The MLL2 - CNTN1 rearrangement is an inversion that results int the fusion of MLL2 exons 1-22 with CNTN1 exons 18-24. The functional significance is undetermined.,SOMATIC,1272.0
UC0wMDM1MTAyLVQwMS1JTTY6YnJlYXN0X21za18yMDI1,UC0wMDM1MTAyOmJyZWFzdF9tc2tfMjAyNQ,breast_msk_2025_structural_variants,P-0035102-T01-IM6,P-0035102,breast_msk_2025,CNTN5,NA,11,99683622,NA,NA,-1,Intron of CNTN5(+):7Kb before exon 4,5241.0,PGR,NA,11,100933118,NA,NA,-1,Intron of PGR(-):59bp after exon 4,NA,GRCh37,yes,unk,6462,8283,0,16,-1,16,-1,0,PGR (NM_00092) - CNTN5 (NM_001243270) rearrangement: c.2212+60:PGR_c.56-6653:CNTN5inv,IMPPRECISE,5to5,Protein Fusion: in frame  {PGR:CNTN5},INVERSION,1249496,Note: The PGR - CNTN5 rearrangement is an inversion that results in a fusion of PGR exons 1-4 to CNTN5 exons 5-24. The functional significance is undetermined.,SOMATIC,53942.0
UC0wMDEzNDg2LVQwMi1JTTY6YnJlYXN0X21za18yMDI1,UC0wMDEzNDg2OmJyZWFzdF9tc2tfMjAyNQ,breast_msk_2025_structural_variants,P-0013486-T02-IM6,P-0013486,breast_msk_2025,COLEC12,NA,18,474407,NA,NA,-1,Intron of COLEC12(-):6Kb after exon 2,7525.0,YES1,NA,18,756784,NA,NA,-1,Exon 2 of YES1(-),NA,GRCh37,yes,unk,14503,48418,0,46,-1,44,-1,10,COLEC12 (NM_130386) - YES1 (NM_005433) rearrangement: c.58+6300:COLEC12_c.44:YES1dup,PRECISE,5to3,Protein Fusion: mid-exon  {COLEC12:YES1},DUPLICATION,282377,Note: The COLEC12 - YES1 rearrangement is a duplication that results in the fusion of COLEC12 exons 1-2 with YES1 exons 2-12. One of the breakpoints is within YES1 exon 2. The functional significance is undetermined.,SOMATIC,81035.0
UC0wMDE1Njg5LVQwMS1JTTY6YnJlYXN0X21za18yMDI1,UC0wMDE1Njg5OmJyZWFzdF9tc2tfMjAyNQ,breast_msk_2025_structural_variants,P-0015689-T01-IM6,P-0015689,breast_msk_2025,COP1,NA,1,176105709,NA,NA,-1,Intron of RFWD2(-): 26bp before exon 7,,,NA,1,180459257,NA,NA,-1,Intron of ACBD6(-): 2Kb after exon 3,NA,GRCh37,NA,NA,14048,18505,0,15,-1,-1,-1,-1,RFWD2 (NM_022457) rearrangement : c.832-26:RFWD2_g.180459257inv,PRECISE,3to3,RFWD2-intragenic,INVERSION,4353548,Note: The RFWD2 rearrangement results in an inversion of RFWD2 exons 1-6. The functional significance is undetermined.,SOMATIC,64326.0
UC0wMDMzNTgyLVQwMS1JTTY6YnJlYXN0X21za18yMDI1,UC0wMDMzNTgyOmJyZWFzdF9tc2tfMjAyNQ,breast_msk_2025_structural_variants,P-0033582-T01-IM6,P-0033582,breast_msk_2025,CPA6,NA,8,68464813,NA,NA,-1,Intron of CPA6(-):35Kb before exon 3,80243.0,PREX2,NA,8,69020555,NA,NA,-1,Exon 24 of PREX2(+),NA,GRCh37,yes,unk,40151,73340,0,70,-1,56,-1,10,PREX2 (NM_024870) - CPA6 (NM_020361) Rearrangement : c.2927:PREX2_c.193-34531:CPA6inv,PRECISE,3to3,Protein Fusion: mid-exon  {PREX2:CPA6},INVERSION,555742,Note: The PREX2 - CPA6 Rearrangement results in the fusion of exons 1-24 of PREX2 with exons 3-11 of CPA6. The breakpoint in PREX2 is within exon24. Its functional significance is undetermined.,SOMATIC,57094.0
UC0wMDM1OTIwLVQwMS1JTTY6YnJlYXN0X21za18yMDI1,UC0wMDM1OTIwOmJyZWFzdF9tc2tfMjAyNQ,breast_msk_2025_structural_variants,P-0035920-T01-IM6,P-0035920,breast_msk_2025,CPSF1,NA,8,145626035,NA,NA,-1,Intron of CPSF1(-):29bp after exon 7,9401.0,RECQL4,NA,8,145737616,NA,NA,-1,Exon 19 of RECQL4(-),NA,GRCh37,yes,unk,4826,8999,0,56,-1,54,-1,10,RECQL4 (NM_004260) - CPSF1 (NM_013291) rearrangement: c.3148:RECQL4_c.686+30:CPSF1del,PRECISE,3to5,Protein Fusion: mid-exon  {RECQL4:CPSF1},DELETION,111581,Note: The RECQL4 - CPSF1 rearrangement is a deletion that results in the fusion of RECQL4 exons 1-19 with CPSF1 exons 8-38. One of the breakpoints is within RECQL4 exon 19. Multiple rearrangements involving RECQL4 were detected in this sample and a more c,SOMATIC,29894.0
UC0wMDEzNzA3LVQwMS1JTTU6YnJlYXN0X21za18yMDI1,UC0wMDEzNzA3OmJyZWFzdF9tc2tfMjAyNQ,breast_msk_2025_structural_variants,P-0013707-T01-IM5,P-0013707,breast_msk_2025,CPT1A,NA,11,68525657,NA,NA,-1,Intron of CPT1A(-): 459bp before exon 19,2249.0,FGF4,NA,11,69591926,NA,NA,-1,Promoter of FGF4(-): 2Kb from tx start,NA,GRCh37,yes,unk,22016,34833,0,8,-1,8,-1,13,CPT1A (NM_001876) - FGF4 (NM_002007) rearrangement: c.2236-459:CPT1A_c.-2074:FGF4dup,PRECISE,5to3,Transcript fusion (CPT1A-FGF4),DUPLICATION,1066269,Note: The CPT1A - FGF4 rearrangement is a duplication which results in the fusion of CPT1A exon 18 to the promoter region of FGF4. The functional significance is undetermined.,SOMATIC,1374.0
UC0wMDIzODM1LVQwMS1JTTY6YnJlYXN0X21za18yMDI1,UC0wMDIzODM1OmJyZWFzdF9tc2tfMjAyNQ,breast_msk_2025_structural_variants,P-0023835-T01-IM6,P-0023835,breast_msk_2025,CRACDL,NA,2,99519316,NA,NA,-1,5-UTR of KIAA1211L(-):108Kb before coding start,2071.0,ERCC3,NA,2,128036795,NA,NA,-1,Exon 10 of ERCC3(-),NA,GRCh37,NA,NA,163954,211006,0,49,-1,-1,-1,-1,KIAA1211L (NM_207362) - ERCC3 (NM_000122) rearrangement: c.-11+33085:KIAA1211L_c.1684:ERCC3dup,PRECISE,5to3,Protein Fusion: mid-exon  {KIAA1211L:ERCC3},DUPLICATION,28517479,Note: The KIAA1211L - ERCC3 rearrangement is a duplication that results in the fusion of KIAA1211L exon 1 with ERCC3 exons 10-15. One of the breakpoints is within ERCC3 exon 10. The functional significance is undetermined.,SOMATIC,343990.0
UC0wMDM1NDg5LVQwMS1JTTY6YnJlYXN0X21za18yMDI1,UC0wMDM1NDg5OmJyZWFzdF9tc2tfMjAyNQ,breast_msk_2025_structural_variants,P-0035489-T01-IM6,P-0035489,breast_msk_2025,CRAMP1,NA,16,1723293,NA,NA,-1,Intron of CRAMP1L(+):588bp before exon 20,7249.0,TSC2,NA,16,2134268,NA,NA,-1,Exon 34 of TSC2(+),NA,GRCh37,yes,unk,77757,100108,0,22,-1,19,-1,10,TSC2 (NM_000548) - CRAMP1L (NM_020825) Rearrangement : c.4045:TSC2_c.3646-589:CRAMP1Ldup,PRECISE,5to3,Protein Fusion: mid-exon  {TSC2:CRAMP1L},DUPLICATION,410975,Note: The TSC2 - CRAMP1L Rearrangement is a duplication results in the fusion of exons 1-34 of TSC2 with exon 20 of CRAMP1L. The breakpoint in TSC2 is within exon34. Its functional significance is undetermined.,SOMATIC,57585.0
UC0wMDAxNDQwLVQwMS1JTTM6YnJlYXN0X21za18yMDI1,UC0wMDAxNDQwOmJyZWFzdF9tc2tfMjAyNQ,breast_msk_2025_structural_variants,P-0001440-T01-IM3,P-0001440,breast_msk_2025,CREBBP,NA,16,3817857,NA,NA,-1,Exon 16 of CREBBP(-),,,NA,16,3836919,NA,NA,-1,Intron of CREBBP(-): 4Kb before exon 6,NA,GRCh37,yes,unk,17002,19180,0,25,-1,30,-1,50,None,PRECISE,5to3,Duplication within transcript: mid-exon,DUPLICATION,19062,NA,SOMATIC,1387.0
UC0wMDI1NjAzLVQwMS1JTTY6YnJlYXN0X21za18yMDI1,UC0wMDI1NjAzOmJyZWFzdF9tc2tfMjAyNQ,breast_msk_2025_structural_variants,P-0025603-T01-IM6,P-0025603,breast_msk_2025,CREBBP,NA,16,3779544,NA,NA,-1,Exon 31 of CREBBP(-),,,NA,16,3819270,NA,NA,-1,Exon 15 of CREBBP(-),NA,GRCh37,yes,unk,31962,30438,0,73,-1,63,-1,10,CREBBP (NM_004380) rearrangement: c.2965_c.5504del,PRECISE,3to5,Deletion within transcript : mid-exon,DELETION,39726,Note: The CREBBP rearrangement is an intragenic deletion of exons 15-31. Both breakpoints are within exon. The functional significance is undetermined.,SOMATIC,1387.0
UC0wMDM1MDAzLVQwMS1JTTY6YnJlYXN0X21za18yMDI1,UC0wMDM1MDAzOmJyZWFzdF9tc2tfMjAyNQ,breast_msk_2025_structural_variants,P-0035003-T01-IM6,P-0035003,breast_msk_2025,CREBBP,NA,16,3830767,NA,NA,-1,Exon 8 of CREBBP(-),,,NA,1,13983280,NA,NA,-1,IGR: 43Kb before PRDM2(+),NA,GRCh37,NA,NA,0,0,0,42,-1,-1,-1,-1,CREBBP (NM_004380) rearrangement: t(1;16)(p36.21;p13.3)(chr1:g.13983280::chr16:g.3830767),PRECISE,5to3,CREBBP-intragenic,TRANSLOCATION,0,Note: The CREBBP rearrangement is a translocation with a breakpoint within exon 8.  The functional significance is undetermined.,SOMATIC,1387.0
UC0wMDM0MzUwLVQwMS1JTTY6YnJlYXN0X21za18yMDI1,UC0wMDM0MzUwOmJyZWFzdF9tc2tfMjAyNQ,breast_msk_2025_structural_variants,P-0034350-T01-IM6,P-0034350,breast_msk_2025,CREBBP,NA,16,3900336,NA,NA,-1,Exon 2 of CREBBP(-),,,NA,16,3903815,NA,NA,-1,Intron of CREBBP(-):3Kb before exon 2,NA,GRCh37,yes,unk,5588,754,0,19,-1,16,-1,10,CREBBP (NM_004380) rearrangement: c.86-2805_c.760del,PRECISE,3to5,Deletion within transcript : mid-exon,DELETION,3479,Note: The CREBBP rearrangement results in the deletion of exon 2. One of the breakpoints is within exon 2. The functional significance is undetermined.,SOMATIC,1387.0
UC0wMDM0Njg1LVQwMS1JTTY6YnJlYXN0X21za18yMDI1,UC0wMDM0Njg1OmJyZWFzdF9tc2tfMjAyNQ,breast_msk_2025_structural_variants,P-0034685-T01-IM6,P-0034685,breast_msk_2025,CREBBP,NA,19,30941833,NA,NA,-1,Intron of ZNF536(+):5Kb after exon 2,,,NA,16,3843332,NA,NA,-1,Intron of CREBBP(-):54bp after exon 4,NA,GRCh37,NA,NA,0,0,0,63,-1,-1,-1,-1,CREBBP (NM_004380) Rearrangement: t(16;19)(p13.3;q12)(chr16:g.3843332::chr19:g.30941833),PRECISE,3to5,Antisense Fusion,TRANSLOCATION,0,Note: The CREBBP Rearrangement is a translocation event with a breakpoint in intron4. Its functional significance is undetermined.,SOMATIC,1387.0
UC0wMDE3NDYyLVQwMS1JTTY6YnJlYXN0X21za18yMDI1,UC0wMDE3NDYyOmJyZWFzdF9tc2tfMjAyNQ,breast_msk_2025_structural_variants,P-0017462-T01-IM6,P-0017462,breast_msk_2025,CREBBP,NA,16,3823128,NA,NA,-1,Intron of CREBBP(-):623bp after exon 13,,,NA,16,3828120,NA,NA,-1,Exon 10 of CREBBP(-),NA,GRCh37,yes,unk,4230,19476,0,143,-1,120,-1,10,CREBBP (NM_004380) Rearrangement : c.2005_c.2463+624dup,PRECISE,5to3,Duplication within transcript : mid-exon,DUPLICATION,4992,Note: The CREBBP  Rearrangement results in the duplication of exons 10-13. Its functional significance is undetermined.,SOMATIC,1387.0
UC0wMDM3ODE4LVQwMS1JTTY6YnJlYXN0X21za18yMDI1,UC0wMDM3ODE4OmJyZWFzdF9tc2tfMjAyNQ,breast_msk_2025_structural_variants,P-0037818-T01-IM6,P-0037818,breast_msk_2025,CREBBP,NA,16,3644966,NA,NA,-1,Intron of SLX4(-):366bp before exon 10,84464.0,SLX4,NA,16,3823744,NA,NA,-1,Intron of CREBBP(-):7bp after exon 13,NA,GRCh37,yes,unk,92312,107265,0,383,-1,85,-1,10,CREBBP (NM_004380) - SLX4 (NM_032444) rearrangement: c.2463+8:CREBBP_c.2014-366:SLX4del,PRECISE,3to5,Protein Fusion: in frame  {CREBBP:SLX4},DELETION,178778,Note: The CREBBP - SLX4 rearrangement is a deletion which results in the fusion of CREBBP exons 1-13 with SLX4 exons 10-15. Its functional significance is undetermined. Multiple rearrangements involving CREBBP were detected in this sample and a more compl,SOMATIC,1387.0
UC0wMDM3ODE4LVQwMi1JTTY6YnJlYXN0X21za18yMDI1,UC0wMDM3ODE4OmJyZWFzdF9tc2tfMjAyNQ,breast_msk_2025_structural_variants,P-0037818-T02-IM6,P-0037818,breast_msk_2025,CREBBP,NA,16,3644966,NA,NA,-1,Intron of SLX4(-):366bp before exon 10,84464.0,SLX4,NA,16,3823744,NA,NA,-1,Intron of CREBBP(-):7bp after exon 13,NA,GRCh37,yes,unk,74250,138882,0,220,-1,213,-1,10,CREBBP (NM_004380) - SLX4 (NM_032444) rearrangement: c.2463+8:CREBBP_c.2014-366:SLX4del,PRECISE,3to5,Protein Fusion: in frame  {CREBBP:SLX4},DELETION,178778,Note: The CREBBP - SLX4 rearrangement is a deletion that results in a fusion of CREBBP exons 1 - 13 to SLX4 exons 10 - 15. The fusion is predicted to be in frame. Multiple rearrangements involving CREBBP were detected in this sample and a more complex rea,SOMATIC,1387.0
UC0wMDE5MDk0LVQwMS1JTTY6YnJlYXN0X21za18yMDI1,UC0wMDE5MDk0OmJyZWFzdF9tc2tfMjAyNQ,breast_msk_2025_structural_variants,P-0019094-T01-IM6,P-0019094,breast_msk_2025,CSDE1,NA,1,115267044,NA,NA,-1,Intron of CSDE1(-):421bp before exon 17,,,NA,1,115268934,NA,NA,-1,Exon 15 of CSDE1(-),NA,GRCh37,yes,unk,4215,3880,0,20,-1,18,-1,10,CSDE1 (NM_001242891) Rearrangement : c.1676_c.1892-421del,PRECISE,3to5,Deletion within transcript : mid-exon,DELETION,1890,Note: The CSDE1 Rearrangement results in the deletion of exons 15-16 of CDSE1. One of the breakpoints is within exon 15. Its functional significance is undetermined.,SOMATIC,7812.0
UC0wMDM3NDUwLVQwMS1JTTY6YnJlYXN0X21za18yMDI1,UC0wMDM3NDUwOmJyZWFzdF9tc2tfMjAyNQ,breast_msk_2025_structural_variants,P-0037450-T01-IM6,P-0037450,breast_msk_2025,CSDE1,NA,1,37745433,NA,NA,-1,IGR: 118Kb before MIR4255(+),,,NA,1,115260807,NA,NA,-1,Exon 21 of CSDE1(-),NA,GRCh37,yes,unk,245299,258904,0,3,-1,3,-1,10,CSDE1 (NM_001242891) rearrangement: c.2518:CSDE1_chr1:g.37745433inv,PRECISE,5to5,CSDE1-intragenic,INVERSION,77515374,Note: The CSDE1 rearrangement is an inversion with a breakpoint in exon 21. The functional significance is undetermined.,SOMATIC,7812.0
UC0wMDIxMzE0LVQwMS1JTTY6YnJlYXN0X21za18yMDI1,UC0wMDIxMzE0OmJyZWFzdF9tc2tfMjAyNQ,breast_msk_2025_structural_variants,P-0021314-T01-IM6,P-0021314,breast_msk_2025,CSF1R,NA,5,149435126,NA,NA,-1,Intron of CSF1R(-):227bp before exon 20,,,NA,5,149437070,NA,NA,-1,Exon 16 of CSF1R(-),NA,GRCh37,NA,NA,5820,990,0,57,-1,-1,-1,-1,CSF1R (NM_005211) rearrangement: c.2555-227_c.2218del,PRECISE,3to5,Deletion within transcript : mid-exon,DELETION,1944,Note: The CSF1R rearrangement is an intragenic deletion of exons 16-19. One of the breakpoints is in exon 16. Its significance is undetermined.,SOMATIC,1436.0
UC0wMDM5NjkyLVQwMS1JTTY6YnJlYXN0X21za18yMDI1,UC0wMDM5NjkyOmJyZWFzdF9tc2tfMjAyNQ,breast_msk_2025_structural_variants,P-0039692-T01-IM6,P-0039692,breast_msk_2025,CSF1R,NA,11,126825443,NA,NA,-1,Intron of KIRREL3(-):45Kb after exon 1,,,NA,5,149452835,NA,NA,-1,Intron of CSF1R(-):28bp after exon 7,NA,GRCh37,yes,unk,0,0,0,24,-1,18,-1,10,CSF1R (NM_005211) rearrangement: t(5;11)(q32;q24.2)(chr5:g.149452835::chr11:g.126825443),PRECISE,5to5,Antisense Fusion,TRANSLOCATION,0,Note: The CSF1R rearrangement is a translocation with a breakpoint in intron 7. Functional significance is undetermined.,SOMATIC,1436.0
UC0wMDM3MzQ0LVQwMS1JTTY6YnJlYXN0X21za18yMDI1,UC0wMDM3MzQ0OmJyZWFzdF9tc2tfMjAyNQ,breast_msk_2025_structural_variants,P-0037344-T01-IM6,P-0037344,breast_msk_2025,CSF1R,NA,12,57323670,NA,NA,-1,Intron of SDR9C7(-):333bp before exon 3,121214.0,SDR9C7,NA,5,149460302,NA,NA,-1,Intron of CSF1R(-):27bp after exon 3,NA,GRCh37,yes,unk,0,0,0,53,-1,52,-1,10,CSF1R (NM_005211) - SDR9C7 (NM_148897) rearrangement: t(5;12)(q32;q13.3)(chr5:g.149460302::chr12:g.57323670),PRECISE,3to5,Protein Fusion: out of frame  {CSF1R:SDR9C7},TRANSLOCATION,0,Note: The CSF1R - SDR9C7 rearrangement is a translocation which may result in the fusion of CSF1R exons 1-3 with SDR9C7 exons 3-4. Its functional significance is undetermined.,SOMATIC,1436.0
UC0wMDQ4NzExLVQwMS1JTTY6YnJlYXN0X21za18yMDI1,UC0wMDQ4NzExOmJyZWFzdF9tc2tfMjAyNQ,breast_msk_2025_structural_variants,P-0048711-T01-IM6,P-0048711,breast_msk_2025,CSF3R,NA,1,8438526,NA,NA,-1,Intron of RERE(-):12Kb before exon 13,,,NA,1,36939232,NA,NA,-1,Intron of CSF3R(-):9bp before exon 6,NA,GRCh37,yes,unk,391530,273947,0,8,-1,8,-1,10,CSF3R (NM_000760) rearrangement: c.486-9:CSF3R_chr1:g.8438526inv,PRECISE,5to5,Antisense Fusion,INVERSION,28500706,Note: The CSF3R rearrangement is an inversion of exons 6 - 17. Functional significance is undetermined.,SOMATIC,1441.0
UC0wMDE2ODQyLVQwMS1JTTY6YnJlYXN0X21za18yMDI1,UC0wMDE2ODQyOmJyZWFzdF9tc2tfMjAyNQ,breast_msk_2025_structural_variants,P-0016842-T01-IM6,P-0016842,breast_msk_2025,CSF3R,NA,1,25041917,NA,NA,-1,IGR: 30Kb before CLIC4(+),,,NA,1,36933611,NA,NA,-1,Intron of CSF3R(-):48bp before exon 14,NA,GRCh37,NA,NA,75028,92040,0,15,-1,-1,-1,-1,CSF3R (NM_000760) rearrangement: c.1724-48_chr1:g.25041917del,PRECISE,3to5,CSF3R-intragenic,DELETION,11891694,Note: The CSF3R rearrangement is a deletion which includes exons 14-17 of CSF3R. The functional significance is undetermined.,SOMATIC,1441.0
UC0wMDAwMTIwLVQwMi1JTTY6YnJlYXN0X21za18yMDI1,UC0wMDAwMTIwOmJyZWFzdF9tc2tfMjAyNQ,breast_msk_2025_structural_variants,P-0000120-T02-IM6,P-0000120,breast_msk_2025,CSMD3,NA,8,114388613,NA,NA,-1,Intron of CSMD3(-):60Kb after exon 1,4194.0,MDM4,NA,1,204507560,NA,NA,-1,Intron of MDM4(+):124bp after exon 7,NA,GRCh37,yes,unk,0,0,0,18,-1,18,-1,10,MDM4 (NM_002393) rearrangement: t(1;8)(q32.1;q23.3)(chr1:g.204507560::chr8:g.114388613),PRECISE,5to3,Antisense Fusion,TRANSLOCATION,0,Note: The MDM4 rearrangement is a translocation with a breakpoint in intron 7. The functional significance is undetermined.,SOMATIC,114788.0
UC0wMDA0NTg5LVQwMS1JTTU6YnJlYXN0X21za18yMDI1,UC0wMDA0NTg5OmJyZWFzdF9tc2tfMjAyNQ,breast_msk_2025_structural_variants,P-0004589-T01-IM5,P-0004589,breast_msk_2025,CTCF,NA,16,67641976,NA,NA,-1,5-UTR of CTCF(+): 3Kb before coding start,,,NA,16,67645823,NA,NA,-1,Intron of CTCF(+): 31bp before exon 4,NA,GRCh37,yes,unk,6053,4785,0,15,-1,18,-1,22,CTCF (NM_006565) rearrangement : c.-9-2751_782-31del,PRECISE,3to5,Deletion within transcript,DELETION,3847,Note: The CTCF (NM_006565) rearrangement event results in the intragenic deletion of CTCF exon3.,SOMATIC,10664.0
UC0wMDM2MTA5LVQwMS1JTTY6YnJlYXN0X21za18yMDI1,UC0wMDM2MTA5OmJyZWFzdF9tc2tfMjAyNQ,breast_msk_2025_structural_variants,P-0036109-T01-IM6,P-0036109,breast_msk_2025,CTCF,NA,16,67645070,NA,NA,-1,Exon 3 of CTCF(+),,,NA,16,67660203,NA,NA,-1,Intron of CTCF(+):254bp before exon 8,NA,GRCh37,yes,unk,8457,15117,0,65,-1,64,-1,10,CTCF (NM_006565) rearrangement: c.335_c.1358-255dup,PRECISE,5to3,Duplication within transcript : mid-exon,DUPLICATION,15133,Note: The CTCF rearrangement is an intragenic duplication of exons 3-7. One of the breakpoints is within exon 3.,SOMATIC,10664.0
UC0wMDEzMTgyLVQwMi1JTTY6YnJlYXN0X21za18yMDI1,UC0wMDEzMTgyOmJyZWFzdF9tc2tfMjAyNQ,breast_msk_2025_structural_variants,P-0013182-T02-IM6,P-0013182,breast_msk_2025,CTCF,NA,16,67649540,NA,NA,-1,Intron of CTCF(+): 1Kb before exon 5,,,NA,16,67654670,NA,NA,-1,Exon 6 of CTCF(+),NA,GRCh37,yes,unk,3733,4491,0,9,-1,9,-1,15,CTCF (NM_006565) rearrangement: c.953-1108_c.1157dup,PRECISE,5to3,Duplication within transcript: mid-exon,DUPLICATION,5130,Note: The CTCF rearrangement is an intragenic duplication of exons 5-6. One of the breakpoints is within exon6. The functional significance is undetermined.,SOMATIC,10664.0
UC0wMDEzMTgyLVQwMS1JTTU6YnJlYXN0X21za18yMDI1,UC0wMDEzMTgyOmJyZWFzdF9tc2tfMjAyNQ,breast_msk_2025_structural_variants,P-0013182-T01-IM5,P-0013182,breast_msk_2025,CTCF,NA,16,67649540,NA,NA,-1,Intron of CTCF(+): 1Kb before exon 5,,,NA,16,67654670,NA,NA,-1,Exon 6 of CTCF(+),NA,GRCh37,yes,unk,4820,6063,0,23,-1,23,-1,29,CTCF (NM_006565) rearrangement: c.953-1108_c.1157dup,PRECISE,5to3,Duplication within transcript: mid-exon,DUPLICATION,5130,Note: The CTCF rearrangement is a duplication of exons 5-6. One of the breakpoints is within exon 6. The functional significance is undetermined.,SOMATIC,10664.0
UC0wMDE5MTg5LVQwMS1JTTY6YnJlYXN0X21za18yMDI1,UC0wMDE5MTg5OmJyZWFzdF9tc2tfMjAyNQ,breast_msk_2025_structural_variants,P-0019189-T01-IM6,P-0019189,breast_msk_2025,CTCF,NA,16,67660575,NA,NA,-1,Exon 8 of CTCF(+),146206.0,CARMIL2,NA,16,67682957,NA,NA,-1,Intron of RLTPR(+):21bp before exon 18,NA,GRCh37,yes,unk,8423,6524,0,8,-1,8,-1,10,CTCF (NM_006565) rearrangement: c.1475:CTCF_chr16:g.67682957del,PRECISE,3to5,Protein Fusion: mid-exon  {CTCF:RLTPR},DELETION,22382,Note: The CTCF rearrangement is a deletion of exons 8 - 12. One of the breakpoints is within exon 8.,SOMATIC,10664.0
UC0wMDEzNjI1LVQwMS1JTTU6YnJlYXN0X21za18yMDI1,UC0wMDEzNjI1OmJyZWFzdF9tc2tfMjAyNQ,breast_msk_2025_structural_variants,P-0013625-T01-IM5,P-0013625,breast_msk_2025,CTNNB1,NA,3,41263436,NA,NA,-1,5-UTR of CTNNB1(+): 2Kb before coding start,,,NA,3,41267260,NA,NA,-1,Exon 6 of CTNNB1(+),NA,GRCh37,yes,unk,9114,10974,0,42,-1,42,-1,46,CTNNB1 (NM_001904) rearrangement: c.-48-2076_c.844del,PRECISE,3to5,Deletion within transcript: mid-exon,DELETION,3824,Note: The CTNNB1 rearrangement is an intragenic deletion of exons 1-6. One of the breakpoints is within exon 6. The functional significance is undetermined.,SOMATIC,1499.0
UC0wMDMxNTI5LVQwMS1JTTY6YnJlYXN0X21za18yMDI1,UC0wMDMxNTI5OmJyZWFzdF9tc2tfMjAyNQ,breast_msk_2025_structural_variants,P-0031529-T01-IM6,P-0031529,breast_msk_2025,CTNNB1,NA,3,41277908,NA,NA,-1,Exon 12 of CTNNB1(+),,,NA,3,41286230,NA,NA,-1,Promoter of ULK4(-):2Kb from tx start,NA,GRCh37,NA,NA,4265,8272,0,37,-1,-1,-1,-1,CTNNB1 (NM_001904) rearrangement: c.1872: CTNNB1_chr3:g.41286230dup,PRECISE,5to3,CTNNB1-intragenic,DUPLICATION,8322,Note: The CTNNB1 rearrangement results in the duplication of exons 12-15. One of the breakpoints is within exon 12. The functional significance is undetermined.,SOMATIC,1499.0
UC0wMDE0NDYwLVQwMS1JTTY6YnJlYXN0X21za18yMDI1,UC0wMDE0NDYwOmJyZWFzdF9tc2tfMjAyNQ,breast_msk_2025_structural_variants,P-0014460-T01-IM6,P-0014460,breast_msk_2025,CTNNB1,NA,3,41274795,NA,NA,-1,Intron of CTNNB1(+): 37bp before exon 8,,,NA,3,43056219,NA,NA,-1,Intron of FAM198A(+): 18Kb before exon 2,NA,GRCh37,NA,NA,14809,21231,0,21,-1,-1,-1,-1,CTNNB1 (NM_001904) Rearrangement : c.1082-37:CTNNB1_c.4-17540:FAM198inv,PRECISE,5to5,CTNNB1-intragenic,INVERSION,1781424,Note: The CTNNB1 Rearrangement results in the inversion of exons 8-15 of CTNNB1. Its functional significance is undetermined.,SOMATIC,1499.0
UC0wMDEyMjA0LVQwMS1JTTU6YnJlYXN0X21za18yMDI1,UC0wMDEyMjA0OmJyZWFzdF9tc2tfMjAyNQ,breast_msk_2025_structural_variants,P-0012204-T01-IM5,P-0012204,breast_msk_2025,CUL3,NA,2,225177488,NA,NA,-1,IGR: 66Kb before FAM124B(-),,,NA,2,225365168,NA,NA,-1,Exon 11 of CUL3(-),NA,GRCh37,NA,NA,10004,4448,0,22,-1,-1,-1,-1,CUL3 (NM_003590) rearrangement: chr2:g.225177488_c.1522:CUL3del,PRECISE,3to5,CUL3-intragenic,DELETION,187680,Note: The CUL3 rearrangement is a deletion of exons 11-16. One of the breakpoints is within exon 11.,SOMATIC,8452.0
UC0wMDA0Mzg2LVQwMS1JTTU6YnJlYXN0X21za18yMDI1,UC0wMDA0Mzg2OmJyZWFzdF9tc2tfMjAyNQ,breast_msk_2025_structural_variants,P-0004386-T01-IM5,P-0004386,breast_msk_2025,CUL5,NA,11,107944759,NA,NA,-1,Intron of CUL5(+): 535bp after exon 10,4851.0,NOTCH1,NA,9,139390931,NA,NA,-1,Exon 34 of NOTCH1(-),NA,GRCh37,yes,unk,0,0,0,17,-1,17,-1,8,NOTCH1 (NM_017617) - CUL5 (NM_003478) rearrangement : t(9;11)(9q34.3;11q22.3)(chr9:g.139390931::chr11:g.107944759),PRECISE,5to5,Protein fusion: mid-exon (NOTCH1-CUL5),TRANSLOCATION,0,Note: NOTCH1 (NM_017617) - CUL5 (NM_003478) rearrangement event is a translocation which results in the fusion of NOTCH1 exons 1-34 with CUL5 exons 11-19 . The breakpoint on NOTCH1 is within exon34. Its functional significance is undetermined.,SOMATIC,8065.0
UC0wMDM4ODA2LVQwMS1JTTY6YnJlYXN0X21za18yMDI1,UC0wMDM4ODA2OmJyZWFzdF9tc2tfMjAyNQ,breast_msk_2025_structural_variants,P-0038806-T01-IM6,P-0038806,breast_msk_2025,CUX2,NA,12,12008261,NA,NA,-1,Intron of ETV6(+):2Kb after exon 4,2120.0,ETV6,NA,12,111518506,NA,NA,-1,Intron of CUX2(+):46Kb after exon 1,NA,GRCh37,yes,unk,596416,331286,0,0,-1,2,-1,3,CUX2 (NM_015267) - ETV6 (NM_001987) Rearrangement:.c.63+46462:CUX2_c.463+1766:ETV6,PRECISE,5to3,Protein Fusion: out of frame  {CUX2:ETV6},DUPLICATION,99510245,Note: The CUX2- ETV6 Rearrangement results in the fusion of exon1 of CUX2 with exons 5-8 of ETV6.,SOMATIC,23316.0
UC0wMDM2NzEwLVQwMi1JTTY6YnJlYXN0X21za18yMDI1,UC0wMDM2NzEwOmJyZWFzdF9tc2tfMjAyNQ,breast_msk_2025_structural_variants,P-0036710-T02-IM6,P-0036710,breast_msk_2025,CYLD,NA,16,49348764,NA,NA,-1,IGR: 37Kb before CBLN1(-),,,NA,16,50815366,NA,NA,-1,Intron of CYLD(+):44bp after exon 9,NA,GRCh37,NA,NA,13274,26743,0,5,-1,-1,-1,-1,CYLD (NM_001042355) rearrangement: c.1675+44:CYLD_chr16:g.49348764inv,IMPPRECISE,3to3,CYLD-intragenic,INVERSION,1466602,Note: The CYLD rearrangement is an inversion of exons 10-18. The functional significance is undetermined.,SOMATIC,1540.0
UC0wMDE2Nzk1LVQwMS1JTTY6YnJlYXN0X21za18yMDI1,UC0wMDE2Nzk1OmJyZWFzdF9tc2tfMjAyNQ,breast_msk_2025_structural_variants,P-0016795-T01-IM6,P-0016795,breast_msk_2025,DDC,NA,7,50601499,NA,NA,-1,Intron of DDC(-):4Kb after exon 4,1956.0,EGFR,NA,7,55222204,NA,NA,-1,Intron of EGFR(+):359bp after exon 7,NA,GRCh37,NA,NA,12348,45256,0,112,-1,-1,-1,-1,DDC (NM_000790) - EGFR (NM_005228) Rearrangement : c.435+4059:DDC_c.889+359:EGFRinv,PRECISE,5to5,Protein Fusion: out of frame  {DDC:EGFR},INVERSION,4620705,Note: The DDC - EGFR  Rearrangement results in the fusion of exons 1-4 of DDC with exons 8-28 of EGFR. This includes the protein kinase domain of EGFR. This rearrangement is observed in the background of copy number gain of EGFR. Its functional significan,SOMATIC,1644.0
UC0wMDE3NDc4LVQwMS1JTTY6YnJlYXN0X21za18yMDI1,UC0wMDE3NDc4OmJyZWFzdF9tc2tfMjAyNQ,breast_msk_2025_structural_variants,P-0017478-T01-IM6,P-0017478,breast_msk_2025,DDR2,NA,1,162729024,NA,NA,-1,Intron of DDR2(+):561bp before exon 8,,,NA,1,162749790,NA,NA,-1,Intron of DDR2(+):111bp before exon 18,NA,GRCh37,yes,unk,10150,20143,0,6,-1,6,-1,10,DDR2 (NM_006182) Rearrangement : c.672-562_c.2434-112inv,PRECISE,5to5,DDR2-intragenic,INVERSION,20766,Note: The DDR2 Rearrangement results in the inversion of exons 8-17. Its functional significance is undetermined.,SOMATIC,4921.0
UC0wMDE5MTUzLVQwMS1JTTY6YnJlYXN0X21za18yMDI1,UC0wMDE5MTUzOmJyZWFzdF9tc2tfMjAyNQ,breast_msk_2025_structural_variants,P-0019153-T01-IM6,P-0019153,breast_msk_2025,DDR2,NA,6,112896512,NA,NA,-1,IGR: 228Kb before RFPL4B(+),,,NA,1,162730897,NA,NA,-1,Intron of DDR2(+):103bp before exon 9,NA,GRCh37,NA,NA,0,0,0,7,-1,-1,-1,-1,DDR2 (NM_006182)  rearrangement: t(1;6)(q23.3;q21)(chr1:g.162730897::chr6:g.112896512),PRECISE,5to5,DDR2-intragenic,TRANSLOCATION,0,Note: The DDR2 rearrangement is a translocation that may result in the truncation of exons 9-18. The functional significance is undetermined.,SOMATIC,4921.0
UC0wMDE2NDg0LVQwMi1JTTY6YnJlYXN0X21za18yMDI1,UC0wMDE2NDg0OmJyZWFzdF9tc2tfMjAyNQ,breast_msk_2025_structural_variants,P-0016484-T02-IM6,P-0016484,breast_msk_2025,DELE1,NA,5,141311745,NA,NA,-1,Intron of KIAA0141(+):1Kb before exon 8,1436.0,CSF1R,NA,5,149449605,NA,NA,-1,Exon 10 of CSF1R(-),NA,GRCh37,yes,unk,21961,39035,0,3,-1,3,-1,9,KIAA0141 (NM_014773) - CSF1R (NM_005211) rearrangement: c.755-1079:KIAA0141_c.1341:CSF1Rinv,PRECISE,3to3,Protein Fusion: mid-exon  {KIAA0141:CSF1R},INVERSION,8137860,Note: The KIAA0141 - CSF1R rearrangement is an inversion that may result in the fusion of KIAA0141 exons 1-7 with CSF1R exons 10-22. The functional significance is undetermined.,SOMATIC,9812.0
UC0wMDA5MzY0LVQwMS1JTTU6YnJlYXN0X21za18yMDI1,UC0wMDA5MzY0OmJyZWFzdF9tc2tfMjAyNQ,breast_msk_2025_structural_variants,P-0009364-T01-IM5,P-0009364,breast_msk_2025,DEPTOR,NA,8,120994493,NA,NA,-1,Intron of DEPDC6(+): 17Kb after exon 4,7373.0,COL14A1,NA,8,121195626,NA,NA,-1,Intron of COL14A1(+): 13Kb before exon 6,NA,GRCh37,yes,unk,94,133,0,159,-1,102,-1,81,DEPTOR (NM_022783) - COL14A1(NM_021110) rearrangement: c.604+16843:DEPTOR_c.437-13404:COL14A1del,PRECISE,3to5,Protein fusion: in frame (DEPDC6-COL14A1),DELETION,201133,Note: The DEPTOR (NM_022783) - COL14A1(NM_021110) rearrangement is a deletion that results in an in-frame fusion of DEPTOR exons 1-4 with COL14A1 exons 6-48. The functional significance of this rearrangement is undetermined.,SOMATIC,64798.0
UC0wMDAxMzM4LVQwMi1JTTM6YnJlYXN0X21za18yMDI1,UC0wMDAxMzM4OmJyZWFzdF9tc2tfMjAyNQ,breast_msk_2025_structural_variants,P-0001338-T02-IM3,P-0001338,breast_msk_2025,DHX35,NA,20,37658302,NA,NA,-1,Intron of DHX35(+): 1Kb before exon 20,7150.0,TOP1,NA,20,39726899,NA,NA,-1,Exon 11 of TOP1(+),NA,GRCh37,yes,unk,20761,32967,0,130,-1,89,-1,94,NA,PRECISE,3to5,Protein fusion: mid-exon (DHX35-TOP1),DELETION,2068597,NA,SOMATIC,60625.0
UC0wMDAxMzM4LVQwMS1JTTM6YnJlYXN0X21za18yMDI1,UC0wMDAxMzM4OmJyZWFzdF9tc2tfMjAyNQ,breast_msk_2025_structural_variants,P-0001338-T01-IM3,P-0001338,breast_msk_2025,DHX35,NA,20,37658302,NA,NA,-1,Intron of DHX35(+): 1Kb before exon 20,7150.0,TOP1,NA,20,39726899,NA,NA,-1,Exon 11 of TOP1(+),NA,GRCh37,yes,unk,14544,22303,0,94,-1,89,-1,89,NA,PRECISE,3to5,Protein fusion: mid-exon (DHX35-TOP1),DELETION,2068597,NA,SOMATIC,60625.0
UC0wMDAxNzg0LVQwMS1JTTM6YnJlYXN0X21za18yMDI1,UC0wMDAxNzg0OmJyZWFzdF9tc2tfMjAyNQ,breast_msk_2025_structural_variants,P-0001784-T01-IM3,P-0001784,breast_msk_2025,DIP2B,NA,12,50969571,NA,NA,-1,Intron of DIP2B(+): 50Kb before exon 2,4855.0,NOTCH4,NA,6,32163293,NA,NA,-1,Exon 30 of NOTCH4(-),NA,GRCh37,yes,unk,0,0,0,67,-1,69,-1,95,DIP2B (NM_173602) - NOTCH4 (NM_004557) Translocation :  t(12;6)(q13.12;p21.32)(chr12:g.50969571::chr6:32163293),PRECISE,3to3,Protein fusion: mid-exon (DIP2B-NOTCH4),TRANSLOCATION,0,NA,SOMATIC,57609.0
UC0wMDE4MTIwLVQwMS1JTTY6YnJlYXN0X21za18yMDI1,UC0wMDE4MTIwOmJyZWFzdF9tc2tfMjAyNQ,breast_msk_2025_structural_variants,P-0018120-T01-IM6,P-0018120,breast_msk_2025,DISC1FP1,NA,11,90538845,NA,NA,-1,5-UTR of DISC1FP1(+):109Kb before coding start,4361.0,MRE11,NA,11,94180372,NA,NA,-1,Intron of MRE11A(-):12bp after exon 15,NA,GRCh37,yes,unk,7084,6789,0,7,-1,7,-1,10,MRE11A (NM_005591) Rearrangement: c.1783+13:MRE11A_chr11g.:90538845del,PRECISE,3to5,Antisense Fusion,DELETION,3641527,Note: The MRE11A Rearrangement results in the deletion of exons 16-20.Its functional significance is undetermined.,SOMATIC,101929222.0
UC0wMDA5NDgyLVQwMS1JTTU6YnJlYXN0X21za18yMDI1,UC0wMDA5NDgyOmJyZWFzdF9tc2tfMjAyNQ,breast_msk_2025_structural_variants,P-0009482-T01-IM5,P-0009482,breast_msk_2025,DLAT,NA,16,89350623,NA,NA,-1,Exon 9 of ANKRD11(-),29123.0,ANKRD11,NA,11,111905299,NA,NA,-1,Intron of DLAT(+): 1Kb after exon 5,NA,GRCh37,NA,NA,0,0,0,42,-1,-1,-1,-1,DLAT (NM_001931) - ANKRD11 (NM_013275) rearrangement: t(11;16)(q23.1;q24.3)(chr11:g.111905299::chr16:g.89350623),PRECISE,3to5,DLAT-ANKRD11 Fusion,TRANSLOCATION,0,Note: The DLAT (NM_001931) - ANKRD11 (NM_013275) rearrangement is a translocation which may result in the truncation of ANKRD11 exons 9-13. One of the breakpoints is within ANKRD11 exon 9. The functional significance of this rearrangement is undetermined.,SOMATIC,1737.0
UC0wMDI5MjkxLVQwMS1JTTY6YnJlYXN0X21za18yMDI1,UC0wMDI5MjkxOmJyZWFzdF9tc2tfMjAyNQ,breast_msk_2025_structural_variants,P-0029291-T01-IM6,P-0029291,breast_msk_2025,DLL4,NA,15,41022117,NA,NA,-1,Exon 9 of RAD51(+),5888.0,RAD51,NA,15,41222991,NA,NA,-1,Intron of DLL4(+):111bp after exon 3,NA,GRCh37,NA,NA,2148,3276,0,26,-1,-1,-1,-1,DLL4 (NM_019074) - RAD51 (NM_002875) Rearrangement: c.394+111:DLL4_c.841:RAD51dup,PRECISE,5to3,Protein Fusion: mid-exon  {DLL4:RAD51},DUPLICATION,200874,Note: The DLL4 - RAD51 rearrangement is a duplication which results in the fusion of DLL4 exons 1-3 with RAD51 exons 9-10. One of the breakpoints is within RAD51 exon 9. The functional significance is undetermined.,SOMATIC,54567.0
UC0wMDAyMjQ1LVQwMS1JTTM6YnJlYXN0X21za18yMDI1,UC0wMDAyMjQ1OmJyZWFzdF9tc2tfMjAyNQ,breast_msk_2025_structural_variants,P-0002245-T01-IM3,P-0002245,breast_msk_2025,DNAAF5,NA,7,798921,NA,NA,-1,Intron of HEATR2(+): 2Kb after exon 6,84433.0,CARD11,NA,7,2987321,NA,NA,-1,Exon 3 of CARD11(-),NA,GRCh37,yes,unk,41023,38158,0,28,-1,7,-1,58,NA,PRECISE,3to5,Antisense fusion,DELETION,2188400,NA,SOMATIC,54919.0
UC0wMDE0NTc2LVQwMS1JTTY6YnJlYXN0X21za18yMDI1,UC0wMDE0NTc2OmJyZWFzdF9tc2tfMjAyNQ,breast_msk_2025_structural_variants,P-0014576-T01-IM6,P-0014576,breast_msk_2025,DNAH9,NA,17,11611081,NA,NA,-1,Intron of DNAH9(+): 3Kb after exon 26,6416.0,MAP2K4,NA,17,12044545,NA,NA,-1,Exon 11 of MAP2K4(+),NA,GRCh37,yes,unk,12610,2598,0,58,-1,58,-1,75,DNAH9 (NM_001372) - MAP2K4 (NM_003010) rearrangement: c.5552+2579:DNAH9_c.1168:MAP2K4inv,PRECISE,3to3,Antisense fusion,INVERSION,433464,Note: The DNAH9 - MAP2K4 rearrangement is an inversions which that results in the antisense fusion of DNAH9 exon 26 to MAP2K4 exon 11. One of the breakpoints is within exon 11 of MAP2K4. The functional significance is undetermined.,SOMATIC,1770.0
UC0wMDE0NTc2LVQwMi1JTTY6YnJlYXN0X21za18yMDI1,UC0wMDE0NTc2OmJyZWFzdF9tc2tfMjAyNQ,breast_msk_2025_structural_variants,P-0014576-T02-IM6,P-0014576,breast_msk_2025,DNAH9,NA,17,11611081,NA,NA,-1,Intron of DNAH9(+):3Kb after exon 26,6416.0,MAP2K4,NA,17,12044545,NA,NA,-1,Exon 11 of MAP2K4(+),NA,GRCh37,yes,unk,11704,4708,0,39,-1,39,-1,10,DNAH9 (NM_001372) - MAP2K4 (NM_003010) rearrangement: c.5552+2579:DNAH9_c.1168:MAP2K4inv,PRECISE,3to3,Antisense Fusion,INVERSION,433464,The DNAH9 - MAP2K4 rearrangement is an inversion which results in the antisense fusion of DNAH9 exon 26 to MAP2K4 exon 11. One of the breakpoints is within exon 11 of MAP2K4. The functional significance is undetermined.,SOMATIC,1770.0
UC0wMDI1NTkzLVQwMS1JTTY6YnJlYXN0X21za18yMDI1,UC0wMDI1NTkzOmJyZWFzdF9tc2tfMjAyNQ,breast_msk_2025_structural_variants,P-0025593-T01-IM6,P-0025593,breast_msk_2025,DNMT1,NA,19,10246817,NA,NA,-1,Exon 37 of DNMT1(-),,,NA,19,10249310,NA,NA,-1,Intron of DNMT1(-):29bp before exon 34,NA,GRCh37,yes,unk,6653,12434,0,10,-1,10,-1,10,DNMT1 (NM_001379) rearrangement: c.4588_c.3901-29del,PRECISE,3to5,Deletion within transcript : mid-exon,DELETION,2493,Note: The DNMT1 rearrangement results in the deletion of exons 34-37. One of the breakpoints is within exon 37. The functional significance is undetermined.,SOMATIC,1786.0
UC0wMDA2ODQyLVQwMS1JTTU6YnJlYXN0X21za18yMDI1,UC0wMDA2ODQyOmJyZWFzdF9tc2tfMjAyNQ,breast_msk_2025_structural_variants,P-0006842-T01-IM5,P-0006842,breast_msk_2025,DNMT1,NA,19,10270699,NA,NA,-1,Exon 15 of DNMT1(-),10053.0,AP1M2,NA,19,10700122,NA,NA,-1,Promoter of AP1M2(-): 2Kb from tx start,NA,GRCh37,yes,unk,53777,50591,0,9,-1,19,-1,16,DNMT1 (NM_001379) - AP1M2 (NM_005498) rearrangement :  c.1036:DNMT1_c.-2215:AP1M2dup,PRECISE,5to3,Protein fusion: mid-exon (DNMT1-AP1M2),DUPLICATION,429423,The DNMT1 (NM_001379) - AP1M2 (NM_005498) rearrangement is a duplication that results in the fusion of DNMT1 exons 1-15 with AP1M2 exons 1-12. One of the breakpoints is within exon15 of DNMT1 and the other breakpoint is 2kb before transcription start of A,SOMATIC,1786.0
UC0wMDEyMjE0LVQwMi1JTTY6YnJlYXN0X21za18yMDI1,UC0wMDEyMjE0OmJyZWFzdF9tc2tfMjAyNQ,breast_msk_2025_structural_variants,P-0012214-T02-IM6,P-0012214,breast_msk_2025,DNMT1,NA,19,10297742,NA,NA,-1,Intron of DNMT1(-):5Kb before exon 2,9817.0,KEAP1,NA,19,10599856,NA,NA,-1,Intron of KEAP1(-):11bp after exon 5,NA,GRCh37,yes,unk,5659,11564,0,125,-1,90,-1,10,DNMT1 (NM_001379) - KEAP1 (NM_203500) rearrangement: c.81-4989:DNMT1_c.1708+12:KEAP1inv,PRECISE,5to5,Antisense Fusion,INVERSION,302114,Note: The DNMT1 - KEAP1 rearrangement is an inversion of DNMT1 exon 1 and KEAP 1 exon 6. The functional significance is undetermined.,SOMATIC,1786.0
UC0wMDE2MjE1LVQwMi1JTTY6YnJlYXN0X21za18yMDI1,UC0wMDE2MjE1OmJyZWFzdF9tc2tfMjAyNQ,breast_msk_2025_structural_variants,P-0016215-T02-IM6,P-0016215,breast_msk_2025,DNMT1,NA,19,10247683,NA,NA,-1,Intron of DNMT1(-):77bp after exon 36,125950.0,RAVER1,NA,19,10444054,NA,NA,-1,Exon 1 of RAVER1(-),NA,GRCh37,yes,unk,46562,103443,0,5,-1,5,-1,0,DNMT1 (NM_001379) - RAVER1 (NM_133452) rearrangement: c.4441+78:DNMT1_c.181:RAVER1dup,IMPPRECISE,5to3,Protein Fusion: mid-exon  {DNMT1:RAVER1},DUPLICATION,196371,Note: The DNMT1 - RAVER1 rearrangement is a duplication that results in the fusion of DNMT1 exons 1-36 with RAVER1 exons 1-13. One of the breakpoints is within RAVER1 exon 1. The functional significance is undetermined.,SOMATIC,1786.0
UC0wMDE2MjE1LVQwMS1JTTY6YnJlYXN0X21za18yMDI1,UC0wMDE2MjE1OmJyZWFzdF9tc2tfMjAyNQ,breast_msk_2025_structural_variants,P-0016215-T01-IM6,P-0016215,breast_msk_2025,DNMT1,NA,19,10247646,NA,NA,-1,Intron of DNMT1(-):114bp after exon 36,125950.0,RAVER1,NA,19,10444054,NA,NA,-1,Exon 1 of RAVER1(-),NA,GRCh37,yes,unk,40716,104790,0,9,-1,9,-1,0,DNMT1 (NM_001379) - RAVER1 (NM_133452) rearrangement: c.4441+115:DNMT1_c.181:RAVER1dup,IMPPRECISE,5to3,Protein Fusion: mid-exon  {DNMT1:RAVER1},DUPLICATION,196408,Note: The DNMT1 - RAVER1 rearrangement is a duplication that results in the fusion of DNMT1 exons 1-36 with RAVER1 exons 1-13. One of the breakpoints is within RAVER1 exon 1. The functional significance is undetermined.,SOMATIC,1786.0
UC0wMDE1NDc2LVQwMS1JTTY6YnJlYXN0X21za18yMDI1,UC0wMDE1NDc2OmJyZWFzdF9tc2tfMjAyNQ,breast_msk_2025_structural_variants,P-0015476-T01-IM6,P-0015476,breast_msk_2025,DNMT3A,NA,2,24788000,NA,NA,-1,IGR: 19Kb before NCOA1(+),,,NA,2,25470517,NA,NA,-1,Exon 8 of DNMT3A(-),NA,GRCh37,NA,NA,35918,36191,0,69,-1,-1,-1,-1,DNMT3A (NM_022552) rearrangement: c.957_chr2:g.24788000dup,PRECISE,5to3,DNMT3A-intragenic,DUPLICATION,682517,Note: The DNMT3A rearrangement is a duplication with a breakpoint within exon 8. The functional significance is undetermined.,SOMATIC,1788.0
UC0wMDI1Njg0LVQwMS1JTTY6YnJlYXN0X21za18yMDI1,UC0wMDI1Njg0OmJyZWFzdF9tc2tfMjAyNQ,breast_msk_2025_structural_variants,P-0025684-T01-IM6,P-0025684,breast_msk_2025,DNMT3A,NA,2,25463542,NA,NA,-1,Exon 18 of DNMT3A(-),,,NA,2,25466735,NA,NA,-1,Intron of DNMT3A(-):31bp after exon 16,NA,GRCh37,NA,NA,2288,2959,0,2,-1,-1,-1,-1,DNMT3A (NM_022552) rearrangement: c.2140_c.1936+32del,PRECISE,3to5,Deletion within transcript : mid-exon,DELETION,3193,Note: The DNMT3A rearrangement results in the deletion of exons 17-18. One of the breakpoints is within exon 18. The functional significance is undetermined.,SOMATIC,1788.0
UC0wMDA3ODA4LVQwMS1JTTU6YnJlYXN0X21za18yMDI1,UC0wMDA3ODA4OmJyZWFzdF9tc2tfMjAyNQ,breast_msk_2025_structural_variants,P-0007808-T01-IM5,P-0007808,breast_msk_2025,DNMT3B,NA,20,30634953,NA,NA,-1,IGR: 5Kb before HCK(+),,,NA,20,31374968,NA,NA,-1,Intron of DNMT3B(+): 68bp before exon 6,NA,GRCh37,NA,NA,67656,59496,0,36,-1,-1,-1,-1,DNMT3B (NM_006892) Rearrangement : chr20:g.30634953_c.433-68:DNMT3Binv,IMPRECISE,5to5,DNMT3B-intragenic,INVERSION,740015,Note: The DNMT3B (NM_006892) Rearrangement results in the inversion of exons 1 to 6 of DNMT3B.Its functional significance is undetremined.,SOMATIC,1789.0
UC0wMDE0Mzg0LVQwMi1JTTY6YnJlYXN0X21za18yMDI1,UC0wMDE0Mzg0OmJyZWFzdF9tc2tfMjAyNQ,breast_msk_2025_structural_variants,P-0014384-T02-IM6,P-0014384,breast_msk_2025,DNMT3B,NA,20,31388969,NA,NA,-1,Intron of DNMT3B(+):114bp before exon 19,,,NA,20,31390317,NA,NA,-1,Intron of DNMT3B(+):41bp after exon 20,NA,GRCh37,yes,unk,2597,4724,0,92,-1,91,-1,10,DNMT3B (NM_006892) Rearrangement : c.1997-115_c.2231+41dup,PRECISE,5to3,Duplication of 2 exons : out of frame,DUPLICATION,1348,Note: The DNMT3B Rearrangement results in the duplication of exons 19-20 of DNMT3B. Its functional significance is undetermined.,SOMATIC,1789.0
UC0wMDA1NTA4LVQwMS1JTTU6YnJlYXN0X21za18yMDI1,UC0wMDA1NTA4OmJyZWFzdF9tc2tfMjAyNQ,breast_msk_2025_structural_variants,P-0005508-T01-IM5,P-0005508,breast_msk_2025,DOT1L,NA,19,2210659,NA,NA,-1,Exon 14 of DOT1L(+),,,NA,19,2222449,NA,NA,-1,Exon 24 of DOT1L(+),NA,GRCh37,yes,unk,24923,27088,0,35,-1,36,-1,48,DOT1L (NM_032482) Rearrangement : c.1156_c.3281inv,PRECISE,3to3,Antisense fusion,INVERSION,11790,Note: DOT1L rearrangement is an intragenic inversion involving exons 14 to 24. It is potentially a truncating event,SOMATIC,84444.0
UC0wMDA5NDMyLVQwMi1JTTY6YnJlYXN0X21za18yMDI1,UC0wMDA5NDMyOmJyZWFzdF9tc2tfMjAyNQ,breast_msk_2025_structural_variants,P-0009432-T02-IM6,P-0009432,breast_msk_2025,DOT1L,NA,19,2208868,NA,NA,-1,Intron of DOT1L(+):65bp before exon 12,,,NA,11,79148763,NA,NA,-1,5-UTR of TENM4(-):780Kb before coding start,NA,GRCh37,yes,unk,0,0,0,60,-1,48,-1,10,DOT1L (NM_032482) rearrangement: t(11;19)(q14.1;p13.3)(chr11:g.79148763::chr19:g.2208868),PRECISE,5to5,Transcript Fusion {TENM4:DOT1L},TRANSLOCATION,0,Note: The DOT1L rearrangement is a translocation with a breakpoint in intron 11. Functional significance is undetermined.,SOMATIC,84444.0
UC0wMDAzMjM0LVQwMS1JTTU6YnJlYXN0X21za18yMDI1,UC0wMDAzMjM0OmJyZWFzdF9tc2tfMjAyNQ,breast_msk_2025_structural_variants,P-0003234-T01-IM5,P-0003234,breast_msk_2025,DOT1L,NA,19,2213611,NA,NA,-1,Exon 17 of DOT1L(+),,,NA,19,2215828,NA,NA,-1,Intron of DOT1L(+): 452bp before exon 20,NA,GRCh37,yes,unk,3202,3589,0,10,-1,8,-1,32,NA,PRECISE,3to5,Deletion within transcript: mid-exon,DELETION,2217,The DOT1L rearrangement results in the intragenic deletion of exons 17 to 19. The breakpoint in exon 17 is within the exon. Its functional significance is undetermined.,SOMATIC,84444.0
UC0wMDA5NDMyLVQwMy1JTTY6YnJlYXN0X21za18yMDI1,UC0wMDA5NDMyOmJyZWFzdF9tc2tfMjAyNQ,breast_msk_2025_structural_variants,P-0009432-T03-IM6,P-0009432,breast_msk_2025,DOT1L,NA,19,2208868,NA,NA,-1,Intron of DOT1L(+):65bp before exon 12,,,NA,11,79148763,NA,NA,-1,5-UTR of TENM4(-):780Kb before coding start,NA,GRCh37,yes,unk,0,0,0,144,-1,124,-1,10,DOT1L (NM_032482) rearrangement: t(11;19)(q14.1;p13.3)(chr11:g.79148763::chr19:g.2208868),PRECISE,5to5,Transcript Fusion {TENM4:DOT1L},TRANSLOCATION,0,Note: The DOT1L rearrangement is a translocation with a breakpoint in intron 11. Functional significance is undetermined.,SOMATIC,84444.0
UC0wMDE5NDEwLVQwMS1JTTY6YnJlYXN0X21za18yMDI1,UC0wMDE5NDEwOmJyZWFzdF9tc2tfMjAyNQ,breast_msk_2025_structural_variants,P-0019410-T01-IM6,P-0019410,breast_msk_2025,DOT1L,NA,19,2214125,NA,NA,-1,Intron of DOT1L(+):140bp after exon 18,,,NA,19,42147951,NA,NA,-1,IGR: 23Kb before CEACAM4(-),NA,GRCh37,NA,NA,975241,930788,0,4,-1,-1,-1,-1,DOT1L (NM_032482 rearrangement:  c.1797+140:DOT1L_chr19:g.42147951del,PRECISE,3to5,DOT1L-intragenic,DELETION,39933826,Note: The DOT1L rearrangement is a deletion of exons 19-28.,SOMATIC,84444.0
UC0wMDA5NDMyLVQwMS1JTTU6YnJlYXN0X21za18yMDI1,UC0wMDA5NDMyOmJyZWFzdF9tc2tfMjAyNQ,breast_msk_2025_structural_variants,P-0009432-T01-IM5,P-0009432,breast_msk_2025,DOT1L,NA,19,2208867,NA,NA,-1,Intron of DOT1L(+): 67bp before exon 12,26011.0,TENM4,NA,11,79148762,NA,NA,-1,5-UTR of ODZ4(-): 368Kb before coding start,NA,GRCh37,yes,unk,0,0,0,29,-1,29,-1,63,TENM4 (NM_001098816) - DOT1L (NM_032482) rearrangement : t(11;19)(q14.1;p13.3)(chr11:g.79148762::chr19:g.2208867),PRECISE,5to5,Transcript fusion (ODZ4-DOT1L),TRANSLOCATION,0,Note: The TENM4 (NM_001098816) - DOT1L (NM_032482) rearrangement event is a translocation which results in the fusion of TENM4 exon1 with DOT1L exons 12-28.,SOMATIC,84444.0
UC0wMDEwNDY1LVQwMS1JTTU6YnJlYXN0X21za18yMDI1,UC0wMDEwNDY1OmJyZWFzdF9tc2tfMjAyNQ,breast_msk_2025_structural_variants,P-0010465-T01-IM5,P-0010465,breast_msk_2025,E2F3,NA,6,20402550,NA,NA,-1,Exon 1 of E2F3(+),,,NA,6,20428248,NA,NA,-1,Intron of E2F3(+): 25Kb after exon 1,NA,GRCh37,NA,NA,1082,1043,0,11,-1,-1,-1,-1,E2F3 (NM_001949) rearrangement: c.87_c.393+25392del,PRECISE,3to5,Deletion within transcript: mid-exon,DELETION,25698,Note: The E2F3 rearrangement is an intragenic deletion of exon1. One of the breakpoints is within exon 1. The functional significance is undetermined.,SOMATIC,1871.0
UC0wMDIwODY4LVQwMi1JTTY6YnJlYXN0X21za18yMDI1,UC0wMDIwODY4OmJyZWFzdF9tc2tfMjAyNQ,breast_msk_2025_structural_variants,P-0020868-T02-IM6,P-0020868,breast_msk_2025,E2F3,NA,6,20487044,NA,NA,-1,Intron of E2F3(+):10bp after exon 5,,,NA,6,22511512,NA,NA,-1,IGR: 58Kb before HDGFL1(+),NA,GRCh37,NA,NA,4967,14254,0,17,-1,-1,-1,-1,E2F3 (NM_001949) rearrangement: c.999+10:E2F3_chr6:g.22511512inv,PRECISE,5to5,E2F3-intragenic,INVERSION,2024468,Note: The E2F3 rearrangement is an inversion of exons 6-7. Its functional significance is undetermined.,SOMATIC,1871.0
UC0wMDI0MTA1LVQwMS1JTTY6YnJlYXN0X21za18yMDI1,UC0wMDI0MTA1OmJyZWFzdF9tc2tfMjAyNQ,breast_msk_2025_structural_variants,P-0024105-T01-IM6,P-0024105,breast_msk_2025,E2F3,NA,6,20481435,NA,NA,-1,Intron of E2F3(+):1bp before exon 3,54901.0,CDKAL1,NA,6,21024970,NA,NA,-1,Intron of CDKAL1(+):24Kb after exon 11,NA,GRCh37,yes,unk,8908,10624,0,14,-1,14,-1,0,CDKAL1 (NM_017774) - E2F3 (NM_001949) rearrangement: c.1055+24367:CDKAL1_c.506-2:E2F3dup,IMPPRECISE,5to3,Protein Fusion: out of frame  {CDKAL1:E2F3},DUPLICATION,543535,Note: The CDKAL1 - E2F3 rearrangement is a duplication which results in the out of frame fusion of CDKAL1 exons 1-2 with E2F3 exons 3-7. Its functional significance is undetermined.,SOMATIC,1871.0
UC0wMDM3NDUwLVQwMS1JTTY6YnJlYXN0X21za18yMDI1,UC0wMDM3NDUwOmJyZWFzdF9tc2tfMjAyNQ,breast_msk_2025_structural_variants,P-0037450-T01-IM6,P-0037450,breast_msk_2025,EED,NA,16,53843744,NA,NA,-1,Intron of FTO(+):307bp before exon 2,79068.0,FTO,NA,11,85967478,NA,NA,-1,Exon 5 of EED(+),NA,GRCh37,yes,unk,0,0,0,5,-1,5,-1,0,"EED (NM_003797) - FTO (NM_001080432) rearrangement: t(11,16)(q14.2;q12.2)(chr11:g.85967478::chr16:g.53843744)",IMPPRECISE,5to3,Protein Fusion: mid-exon  {EED:FTO},TRANSLOCATION,0,Note: The EED - FTO rearrangement is a translocation that results in a fusion of EED exons 1-5 to FTO exons 2-9. One of the breakpoints is in EED exon 5. The functional significance is undetermined.,SOMATIC,8726.0
UC0wMDA4MzQ2LVQwMy1JTTY6YnJlYXN0X21za18yMDI1,UC0wMDA4MzQ2OmJyZWFzdF9tc2tfMjAyNQ,breast_msk_2025_structural_variants,P-0008346-T03-IM6,P-0008346,breast_msk_2025,EGFR,NA,11,12552528,NA,NA,-1,3-UTR of PARVA(+):153Kb after coding stop,,,NA,7,55269578,NA,NA,-1,Intron of EGFR(+):103bp after exon 26,NA,GRCh37,NA,NA,0,0,0,28,-1,-1,-1,-1,EGFR (NM_005228) rearrangement: t(7;11)(p11.2;p15.3)(chr7:g.55269578::chr11:g.12552528),PRECISE,3to5,EGFR-intragenic,TRANSLOCATION,0,Note: The EGFR rearrangement is a translocation which may result in the truncation of exons 27-28. Its functional significance is undetermined.,SOMATIC,1956.0
UC0wMDM0NzAwLVQwMS1JTTY6YnJlYXN0X21za18yMDI1,UC0wMDM0NzAwOmJyZWFzdF9tc2tfMjAyNQ,breast_msk_2025_structural_variants,P-0034700-T01-IM6,P-0034700,breast_msk_2025,EGFR,NA,7,55210965,NA,NA,-1,Intron of EGFR(+):32bp before exon 3,,,NA,4,31644949,NA,NA,-1,IGR: 354Kb before LOC102723828(+),NA,GRCh37,NA,NA,0,0,0,13,-1,-1,-1,-1,EGFR (NM_005228) rearrangement: t(4;7)(p15.1;p11.2)(chr4:g.31644949::chr7:g.55210965),PRECISE,5to5,EGFR-intragenic,TRANSLOCATION,0,Note: The EGFR rearrangement is a translocation involving exon 3. Its functional significance is undetermined.,SOMATIC,1956.0
UC0wMDI1NjAzLVQwMS1JTTY6YnJlYXN0X21za18yMDI1,UC0wMDI1NjAzOmJyZWFzdF9tc2tfMjAyNQ,breast_msk_2025_structural_variants,P-0025603-T01-IM6,P-0025603,breast_msk_2025,EGFR,NA,7,55224519,NA,NA,-1,Exon 10 of EGFR(+),,,NA,7,55231324,NA,NA,-1,Intron of EGFR(+):101bp before exon 14,NA,GRCh37,yes,unk,4864,7479,0,15,-1,15,-1,10,EGFR (NM_005228) rearrangement: c.1201_c.1632-102inv,PRECISE,5to5,EGFR-intragenic,INVERSION,6805,Note: The EGFR rearrangement is an intragenic inversion of exons 10-13. One of the breakpoints is within exon 10. The functional significance is undetermined.,SOMATIC,1956.0
UC0wMDI4NDIyLVQwMi1JTTY6YnJlYXN0X21za18yMDI1,UC0wMDI4NDIyOmJyZWFzdF9tc2tfMjAyNQ,breast_msk_2025_structural_variants,P-0028422-T02-IM6,P-0028422,breast_msk_2025,EGFR,NA,20,55487269,NA,NA,-1,IGR: 257Kb before BMP7(-),,,NA,7,55209851,NA,NA,-1,Intron of EGFR(+):127bp before exon 2,NA,GRCh37,NA,NA,0,0,0,16,-1,-1,-1,-1,EGFR (NM_005228) rearrangement: t(7;20)(p11.2;q13.31)(chr7:g.55209851::chr20:g.55487269),PRECISE,5to5,EGFR-intragenic,TRANSLOCATION,0,Note: The EGFR rearrangement is a translocation with a breakpoint in intron 1. Functional significance is undetermined and further testing to determine the presence or absence of a targetable oncogenic fusion involving EGFR is required. This sample has be,SOMATIC,1956.0
UC0wMDM4NDM2LVQwMS1JTTY6YnJlYXN0X21za18yMDI1,UC0wMDM4NDM2OmJyZWFzdF9tc2tfMjAyNQ,breast_msk_2025_structural_variants,P-0038436-T01-IM6,P-0038436,breast_msk_2025,EGFR,NA,7,38139660,NA,NA,-1,IGR: 78Kb before STARD3NL(+),,,NA,7,55260266,NA,NA,-1,Intron of EGFR(+):192bp before exon 22,NA,GRCh37,NA,NA,107344,171165,0,28,-1,-1,-1,-1,EGFR (NM_005228) rearrangement: c.2626-193:EGFR_chr7:g.38139660inv,PRECISE,5to5,EGFR-intragenic,INVERSION,17120606,Note: The EGFR rearrangement is an inversion of exons 1 - 21. Functional significance is undetermined.,SOMATIC,1956.0
UC0wMDM3MTQ2LVQwMS1JTTY6YnJlYXN0X21za18yMDI1,UC0wMDM3MTQ2OmJyZWFzdF9tc2tfMjAyNQ,breast_msk_2025_structural_variants,P-0037146-T01-IM6,P-0037146,breast_msk_2025,EGFR,NA,7,55224145,NA,NA,-1,Intron of EGFR(+):80bp before exon 9,,,NA,7,56085559,NA,NA,-1,Intron of PSPH(-):487bp before exon 6,NA,GRCh37,NA,NA,44590,81810,0,22,-1,-1,-1,-1,EGFR (NM_005228) Rearrangement : c.1007-81:EGFR_c.276-487:PSPHdup,PRECISE,5to3,EGFR-intragenic,DUPLICATION,861414,Note: The EGFR Rearrangement results in the duplication of exons 9-28 of EGFR. Its functional significance is undetermined. This sample has been nominated for further analysis using the Archer targeted RNAseq assay to help characterize the structural vari,SOMATIC,1956.0
UC0wMDU3NjAxLVQwMS1JTTY6YnJlYXN0X21za18yMDI1,UC0wMDU3NjAxOmJyZWFzdF9tc2tfMjAyNQ,breast_msk_2025_structural_variants,P-0057601-T01-IM6,P-0057601,breast_msk_2025,EGFR,NA,7,55231515,NA,NA,-1,Exon 14 of EGFR(+),,,NA,7,55232972,NA,NA,-1,Exon 15 of EGFR(+),NA,GRCh37,NA,NA,970,1973,0,4,-1,-1,-1,-1,EGFR (NM_005228) rearrangement: c.1721_c.1723-1del,PRECISE,3to5,Deletion within transcript : mid-exon,DELETION,1457,Note: The EGFR rearrangement is an intragenic deletion of exons 14 - 15. The breakpoints are within exon 14 and exon 15. The rearrangement does not include the kinase domain of EGFR. Functional significance is undetermined and further testing to determine,SOMATIC,1956.0
UC0wMDI0MDgzLVQwMS1JTTY6YnJlYXN0X21za18yMDI1,UC0wMDI0MDgzOmJyZWFzdF9tc2tfMjAyNQ,breast_msk_2025_structural_variants,P-0024083-T01-IM6,P-0024083,breast_msk_2025,EIF2AK2,NA,2,37386053,NA,NA,-1,Promoter of EIF2AK2(-):54Kb from tx start,3623.0,INHA,NA,2,220440232,NA,NA,-1,Exon 2 of INHA(+),NA,GRCh37,yes,unk,766607,867433,0,85,-1,82,-1,10,INHA (NM_002191) rearrangement: chr2:g.37386053_c.1085inv,PRECISE,3to3,Protein Fusion: mid-exon  {INHA:EIF2AK2},INVERSION,183054179,Note: The INHA rearrangement is an inversion that includes INHA exons 1-2. One of the breakpoints is within exon 2. The functional significance is undetermined.,SOMATIC,5610.0
UC0wMDE4MDE2LVQwMS1JTTY6YnJlYXN0X21za18yMDI1,UC0wMDE4MDE2OmJyZWFzdF9tc2tfMjAyNQ,breast_msk_2025_structural_variants,P-0018016-T01-IM6,P-0018016,breast_msk_2025,EIF3G,NA,19,10226948,NA,NA,-1,Intron of EIF3G(-):198bp before exon 8,1786.0,DNMT1,NA,19,10291095,NA,NA,-1,Exon 4 of DNMT1(-),NA,GRCh37,yes,unk,46330,65620,0,29,-1,29,-1,10,DNMT1 (NM_001379) - EIF3G (NM_003755) rearrangement: c.376:DNMT1_c.596-198del,PRECISE,3to5,Protein Fusion: mid-exon  {DNMT1:EIF3G},DELETION,64147,Note: The DNMT1 - EIF3G rearrangement is a deletion which results in the fusion of DNMT1 exon 4 to EIF3G exon 8. One of the breakpoints is within exon 4 of DNMT1. The functional significance is undetermined.,SOMATIC,8666.0
UC0wMDM3MjUyLVQwMS1JTTY6YnJlYXN0X21za18yMDI1,UC0wMDM3MjUyOmJyZWFzdF9tc2tfMjAyNQ,breast_msk_2025_structural_variants,P-0037252-T01-IM6,P-0037252,breast_msk_2025,EIF4A2,NA,3,186499812,NA,NA,-1,Promoter of EIF4A2(+):2Kb from tx start,,,NA,3,186505793,NA,NA,-1,Intron of EIF4A2(+):122bp after exon 10,NA,GRCh37,yes,unk,8950,10404,0,12,-1,13,-1,10,EIF4A2 (NM_001967) rearrangement: c.1079+122:EIF4A2_chr3:g.186499812inv,PRECISE,3to3,Antisense Fusion,INVERSION,5981,Note: The EIF4A2 rearrangement is an inversion of exons 1-10. The functional significance is undetermined.,SOMATIC,1974.0
UC0wMDI1MjY5LVQwMS1JTTY6YnJlYXN0X21za18yMDI1,UC0wMDI1MjY5OmJyZWFzdF9tc2tfMjAyNQ,breast_msk_2025_structural_variants,P-0025269-T01-IM6,P-0025269,breast_msk_2025,ELF3,NA,1,201981206,NA,NA,-1,Exon 3 of ELF3(+),,,NA,1,201982232,NA,NA,-1,Intron of ELF3(+):68bp after exon 6,NA,GRCh37,yes,unk,5143,7745,1,20,-1,19,-1,0,ELF3 (NM_004433) rearrangement: c.285_c.688+68del,IMPPRECISE,3to5,Deletion within transcript : mid-exon,DELETION,1026,Note: The ELF3 rearrangement is an intragenic deletion of exons 3-6. One of the breakpoints is within exon 3.,SOMATIC,1999.0
UC0wMDE0NzU1LVQwMS1JTTY6YnJlYXN0X21za18yMDI1,UC0wMDE0NzU1OmJyZWFzdF9tc2tfMjAyNQ,breast_msk_2025_structural_variants,P-0014755-T01-IM6,P-0014755,breast_msk_2025,ELF3,NA,1,201980095,NA,NA,-1,5-UTR of ELF3(+): 170bp before coding start,,,NA,1,201981303,NA,NA,-1,Exon 3 of ELF3(+),NA,GRCh37,yes,unk,4973,5993,0,9,-1,9,-1,13,ELF3 (NM_004433) rearrangement: c.-8-162_c.382dup,PRECISE,5to3,Duplication within transcript: mid-exon,DUPLICATION,1208,Note: The ELF3 rearrangement is an intragenic duplication with breakpoints in the 5UTR and exon 3. The functional significance is undetermined.,SOMATIC,1999.0
UC0wMDE3OTI5LVQwMS1JTTY6YnJlYXN0X21za18yMDI1,UC0wMDE3OTI5OmJyZWFzdF9tc2tfMjAyNQ,breast_msk_2025_structural_variants,P-0017929-T01-IM6,P-0017929,breast_msk_2025,ELF3,NA,1,201982834,NA,NA,-1,Intron of ELF3(+):122bp before exon 8,59352.0,LGR6,NA,1,202239848,NA,NA,-1,Intron of LGR6(+):6Kb before exon 5,NA,GRCh37,yes,unk,5437,8779,0,14,-1,14,-1,10,LGR6 (NM_001017403) - ELF3 (NM_004433) rearrangement: c.429-5586:LGR6_c.806-123:ELF3dup,PRECISE,5to3,Protein Fusion: out of frame  {LGR6:ELF3},DUPLICATION,257014,Note: The LGR6 - ELF3 rearrangement is a duplication which results in the fusion of LGR6 exon 4 to ELF3 exon 8. The functional significance is undetermined.,SOMATIC,1999.0
UC0wMDEzMjk5LVQwMi1JTTY6YnJlYXN0X21za18yMDI1,UC0wMDEzMjk5OmJyZWFzdF9tc2tfMjAyNQ,breast_msk_2025_structural_variants,P-0013299-T02-IM6,P-0013299,breast_msk_2025,EML4,NA,2,29447038,NA,NA,-1,Intron of ALK(-):644bp before exon 20,238.0,ALK,NA,2,42493173,NA,NA,-1,Intron of EML4(+):1Kb after exon 5,NA,GRCh37,yes,unk,72500,99609,0,93,-1,94,-1,10,EML4 (NM_019063) -ALK (NM_004304) Fusion(EML4 exon5 fused with ALK exon20) : c.667+1302:EML4_c.3173-644:ALKinv,PRECISE,3to3,Protein Fusion: in frame  {EML4:ALK},INVERSION,13046135,Note: The EML4-ALK Fusion is predicted to be in -frame and includes the protein kinase domain of ALK.,SOMATIC,27436.0
UC0wMDM5MTEyLVQwMS1JTTY6YnJlYXN0X21za18yMDI1,UC0wMDM5MTEyOmJyZWFzdF9tc2tfMjAyNQ,breast_msk_2025_structural_variants,P-0039112-T01-IM6,P-0039112,breast_msk_2025,EOGT,NA,NA,-1,NA,NA,-1,NA,2886.0,GRB7,NA,NA,-1,NA,NA,-1,NA,NA,GRCh37,yes,unk,-1,-1,-1,-1,-1,-1,-1,-1,"POSITIVE FOR GENE FUSIONS IN THE INVESTIGATIONAL PANEL: RAF1-PPP4R2 fusion. Note: The rearrangement is an in-frame fusion between genes RAF1 Exon7 (NM_002880) and  PPP4R2 Exon3 (NM_174907). Note2: As previously detected by MSK-IMPACT, this fusion event do",NA,NA,EOGT-GRB7 Fusion - Archer,NA,-1,Lab Notes Run Number: ArcherV3-CLIN-20190045 Macro-dissection: Unknown,SOMATIC,285203.0
UC0wMDA1MTc2LVQwMS1JTTU6YnJlYXN0X21za18yMDI1,UC0wMDA1MTc2OmJyZWFzdF9tc2tfMjAyNQ,breast_msk_2025_structural_variants,P-0005176-T01-IM5,P-0005176,breast_msk_2025,EP300,NA,22,41554465,NA,NA,-1,Exon 19 of EP300(+),,,NA,22,41557993,NA,NA,-1,Intron of EP300(+): 734bp before exon 21,NA,GRCh37,yes,unk,775,1259,0,31,-1,31,-1,31,EP300 (NM_001429) rearrangement: c.3551_c.3672-734dup,PRECISE,5to3,Duplication within transcript: mid-exon,DUPLICATION,3528,The EP300 (NM_001429) rearrangement is an intragenic duplication of exons 19-20. One of the breakpoints is within exon 19. The functional significance is undetermined.,SOMATIC,2033.0
UC0wMDQyNDE0LVQwMS1JTTY6YnJlYXN0X21za18yMDI1,UC0wMDQyNDE0OmJyZWFzdF9tc2tfMjAyNQ,breast_msk_2025_structural_variants,P-0042414-T01-IM6,P-0042414,breast_msk_2025,EP300,NA,22,41533827,NA,NA,-1,Intron of EP300(+):33bp after exon 8,,,NA,10,129928983,NA,NA,-1,IGR: 34Kb before MKI67(-),NA,GRCh37,yes,unk,0,0,0,5,-1,6,-1,9,EP300 (NM_001429) rearrangement: t(10;22)(q26.2;q13.2)(chr10:g.129928983::chr22:g.41533827),PRECISE,3to5,EP300-intragenic,TRANSLOCATION,0,Note: The EP300 rearrangement is a translocation with a breakpoint in intron 8. Functional significance is undetermined.,SOMATIC,2033.0
UC0wMDI2NDg0LVQwMS1JTTY6YnJlYXN0X21za18yMDI1,UC0wMDI2NDg0OmJyZWFzdF9tc2tfMjAyNQ,breast_msk_2025_structural_variants,P-0026484-T01-IM6,P-0026484,breast_msk_2025,EP300,NA,22,41573283,NA,NA,-1,Exon 31 of EP300(+),,,NA,19,15895130,NA,NA,-1,IGR: 10Kb before OR10H5(+),NA,GRCh37,NA,NA,0,0,0,22,-1,-1,-1,-1,EP300 (NM_001429) rearrangement: t(19;22)(p13.12;q13.2)(chr19:g.15895130::chr22:g.41573283),PRECISE,5to3,EP300-intragenic,TRANSLOCATION,0,Note: The EP300 rearrangement is a translocation involving exon 31. One of the breakpoints is within exon 31. Its functional significance is undetermined.,SOMATIC,2033.0
UC0wMDEwNzU4LVQwMS1JTTU6YnJlYXN0X21za18yMDI1,UC0wMDEwNzU4OmJyZWFzdF9tc2tfMjAyNQ,breast_msk_2025_structural_variants,P-0010758-T01-IM5,P-0010758,breast_msk_2025,EP300,NA,22,41568721,NA,NA,-1,Intron of EP300(+): 54bp after exon 28,,,NA,22,41571185,NA,NA,-1,Intron of EP300(+): 1Kb before exon 30,NA,GRCh37,yes,unk,2459,1647,0,32,-1,33,-1,32,EP300 (NM_001429) rearrangement: c.4617+54_c.4780-1066del,PRECISE,3to5,Deletion of 1 exon: in frame,DELETION,2464,Note: The EP300 rearrangement is an intragenic deletion of exon 29. The functional significance is undetermined.,SOMATIC,2033.0
UC0wMDUyMzgxLVQwMS1JTTY6YnJlYXN0X21za18yMDI1,UC0wMDUyMzgxOmJyZWFzdF9tc2tfMjAyNQ,breast_msk_2025_structural_variants,P-0052381-T01-IM6,P-0052381,breast_msk_2025,EP300,NA,22,41536202,NA,NA,-1,Exon 9 of EP300(+),,,NA,22,41557464,NA,NA,-1,Intron of EP300(+):738bp after exon 20,NA,GRCh37,yes,unk,18465,31066,0,60,-1,50,-1,10,EP300 (NM_001429) rearrangement: c.1819_c.3671+738del,PRECISE,3to5,Deletion within transcript : mid-exon,DELETION,21262,Note: The EP300 rearrangement is an intragenic deletion of exons 9 - 20. One of the breakpoints is within exon 9.,SOMATIC,2033.0
UC0wMDE0ODk0LVQwMS1JTTY6YnJlYXN0X21za18yMDI1,UC0wMDE0ODk0OmJyZWFzdF9tc2tfMjAyNQ,breast_msk_2025_structural_variants,P-0014894-T01-IM6,P-0014894,breast_msk_2025,EP300,NA,22,41099971,NA,NA,-1,IGR: 25Kb before MCHR1(+),,,NA,22,41527558,NA,NA,-1,Exon 6 of EP300(+),NA,GRCh37,NA,NA,16127,10900,0,46,-1,-1,-1,-1,EP300 (NM_001429) rearrangement: chr22:g.41099971_c.1449del,PRECISE,3to5,EP300-intragenic,DELETION,427587,Note: The EP300 (NM_001429) rearrangement is a deletion with a breakpoint  in a genomic region on chr22 and the other breakpoint within exon 6 of EP300. The functional significance is undetermined.,SOMATIC,2033.0
UC0wMDI0MTA1LVQwMS1JTTY6YnJlYXN0X21za18yMDI1,UC0wMDI0MTA1OmJyZWFzdF9tc2tfMjAyNQ,breast_msk_2025_structural_variants,P-0024105-T01-IM6,P-0024105,breast_msk_2025,EP300,NA,22,41562715,NA,NA,-1,Intron of EP300(+):45bp after exon 23,8292.0,COLQ,NA,3,15513123,NA,NA,-1,Intron of COLQ(-):1Kb before exon 10,NA,GRCh37,yes,unk,0,0,0,21,-1,21,-1,0,EP300 (NM_001429) - COLQ (NM_005677) rearrangement: t(3;22)(p25.1;q13.2)(chr3:g.15513123::chr22:g.41562715),IMPPRECISE,3to3,Protein Fusion: out of frame  {EP300:COLQ},TRANSLOCATION,0,Note: The EP300 - COLQ rearrangement is a translocation which may result in an out of frame fusion of EP300 exons 1-23 with COLQ exon 10-17. Its functional significance is undetermined.,SOMATIC,2033.0
UC0wMDE0NDM1LVQwMi1JTTY6YnJlYXN0X21za18yMDI1,UC0wMDE0NDM1OmJyZWFzdF9tc2tfMjAyNQ,breast_msk_2025_structural_variants,P-0014435-T02-IM6,P-0014435,breast_msk_2025,EPAS1,NA,2,46607989,NA,NA,-1,Intron of EPAS1(+):133bp after exon 12,,,NA,2,46609642,NA,NA,-1,Exon 15 of EPAS1(+),NA,GRCh37,yes,unk,6919,2563,0,61,-1,58,-1,10,EPAS1 (NM_001430) rearrangement: c.2045+133_c.2366del,PRECISE,3to5,Deletion within transcript : mid-exon,DELETION,1653,Note: The EPAS1 rearrangement is an intragenic deletion of exons 13-15. One of the breakpoints is within exon 15. The functional significance is undetermined.,SOMATIC,2034.0
UC0wMDE0NDM1LVQwMS1JTTY6YnJlYXN0X21za18yMDI1,UC0wMDE0NDM1OmJyZWFzdF9tc2tfMjAyNQ,breast_msk_2025_structural_variants,P-0014435-T01-IM6,P-0014435,breast_msk_2025,EPAS1,NA,2,46607989,NA,NA,-1,Intron of EPAS1(+): 133bp after exon 12,,,NA,2,46609641,NA,NA,-1,Exon 15 of EPAS1(+),NA,GRCh37,yes,unk,5087,3410,0,64,-1,65,-1,82,EPAS1 (NM_001430)  rearrangement: c.2045+133_c.2365del,PRECISE,3to5,Deletion within transcript: mid-exon,DELETION,1652,Note: The EPAS1 (NM_001430) rearrangement is a deletion of exons 13-15. One of the breakpoints is within exon 15. This structural alteration results in the deletion of the B12-binding domain.,SOMATIC,2034.0
UC0wMDA1ODE4LVQwMS1JTTU6YnJlYXN0X21za18yMDI1,UC0wMDA1ODE4OmJyZWFzdF9tc2tfMjAyNQ,breast_msk_2025_structural_variants,P-0005818-T01-IM5,P-0005818,breast_msk_2025,EPHA3,NA,3,89259123,NA,NA,-1,Exon 3 of EPHA3(+),,,NA,3,89390930,NA,NA,-1,Exon 5 of EPHA3(+),NA,GRCh37,yes,unk,5719,6697,0,11,-1,11,-1,11,EPHA3 (NM_005233) Rearrangement :  c.267_996dup,PRECISE,5to3,Duplication within transcript: mid-exon,DUPLICATION,131807,Note: The EPHA3 (NM_005233) rearrangement results in the intragenic duplication of exon3 to exon5 of EPHA3. The breakpoints are within exon3 and exon5 respectively.  Its functional significance is undetermined.,SOMATIC,2042.0
UC0wMDM3MTYyLVQwMS1JTTY6YnJlYXN0X21za18yMDI1,UC0wMDM3MTYyOmJyZWFzdF9tc2tfMjAyNQ,breast_msk_2025_structural_variants,P-0037162-T01-IM6,P-0037162,breast_msk_2025,EPHA3,NA,3,89259466,NA,NA,-1,Exon 3 of EPHA3(+),,,NA,3,89261591,NA,NA,-1,Intron of EPHA3(+):2Kb after exon 3,NA,GRCh37,yes,unk,982,1114,0,17,-1,14,-1,10,EPHA3 (NM_005233) Rearrangement : c.610_c.814+1921inv,PRECISE,5to5,EPHA3-intragenic,INVERSION,2125,Note: The EPHA3 Rearrangement results in the inversion of of exon3. One of the breakpoints is within exon3. Its functional significance is undetermined.,SOMATIC,2042.0
UC0wMDM3MTYyLVQwMi1JTTY6YnJlYXN0X21za18yMDI1,UC0wMDM3MTYyOmJyZWFzdF9tc2tfMjAyNQ,breast_msk_2025_structural_variants,P-0037162-T02-IM6,P-0037162,breast_msk_2025,EPHA3,NA,3,89259466,NA,NA,-1,Exon 3 of EPHA3(+),,,NA,3,89261591,NA,NA,-1,Intron of EPHA3(+):2Kb after exon 3,NA,GRCh37,yes,unk,920,1126,0,24,-1,23,-1,10,EPHA3 (NM_005233) Rearrangement : c.610_c.814+1921inv,PRECISE,5to5,EPHA3-intragenic,INVERSION,2125,Note: The EPHA3 Rearrangement results in the inversion of exon3. One of the breakpoints is within exon3. Its functional significance is undetermined.,SOMATIC,2042.0
UC0wMDMxNjEzLVQwMS1JTTY6YnJlYXN0X21za18yMDI1,UC0wMDMxNjEzOmJyZWFzdF9tc2tfMjAyNQ,breast_msk_2025_structural_variants,P-0031613-T01-IM6,P-0031613,breast_msk_2025,EPHA3,NA,3,89474639,NA,NA,-1,Intron of EPHA3(+):4Kb before exon 12,5291.0,PIK3CB,NA,3,138402633,NA,NA,-1,Intron of PIK3CB(-):4bp before exon 16,NA,GRCh37,yes,unk,108980,170031,0,42,-1,42,-1,0,EPHA3 (NM_005233) - PIK3CB (NM_006219) rearrangement: c.2075-3617:EPHA2_c.2316-4:PIK3CBinv,IMPPRECISE,3to3,Protein Fusion: out of frame  {EPHA3:PIK3CB},INVERSION,48927994,Note: The EPHA3-PIK3CB rearrangement is an inversion that results in the fusion of EPHA3 exons 1-11 to PIK3CB exons 16-22. The functional significance is undetermined.,SOMATIC,2042.0
UC0wMDM0ODkxLVQwMi1JTTY6YnJlYXN0X21za18yMDI1,UC0wMDM0ODkxOmJyZWFzdF9tc2tfMjAyNQ,breast_msk_2025_structural_variants,P-0034891-T02-IM6,P-0034891,breast_msk_2025,EPHA7,NA,6,93967990,NA,NA,-1,Exon 11 of EPHA7(-),,,NA,6,94626122,NA,NA,-1,IGR: 209Kb before TSG1(+),NA,GRCh37,yes,unk,15626,19761,0,10,-1,10,-1,10,EPHA7 (NM_004440) rearrangement: c.1937:EPHA7_chr6:g.94626122inv,PRECISE,5to5,EPHA7-intragenic,INVERSION,658132,Note: The EPHA7 rearrangement is an inversion of exons 1 - 11. One of the breakpoints is within exon 11. The rearrangement includes a part of the kinase domain of EPHA7. Functional significance is undetermined.,SOMATIC,2045.0
UC0wMDM4OTgxLVQwMS1JTTY6YnJlYXN0X21za18yMDI1,UC0wMDM4OTgxOmJyZWFzdF9tc2tfMjAyNQ,breast_msk_2025_structural_variants,P-0038981-T01-IM6,P-0038981,breast_msk_2025,EPHB1,NA,3,134880701,NA,NA,-1,Intron of EPHB1(+):158bp before exon 7,,,NA,3,134894863,NA,NA,-1,Intron of EPHB1(+):4Kb before exon 10,NA,GRCh37,yes,unk,3458,5508,0,5,-1,5,-1,10,EPHB1 (NM_004441) rearrangement: c.1423-159_c.1760-3839inv,PRECISE,5to5,EPHB1-intragenic,INVERSION,14162,Note: The EPHB1 rearrangement is an intragenic inversion of exons 7 - 9. The rearrangement does not include the kinase domain of EPHB1. Functional significance is undetermined.,SOMATIC,2047.0
UC0wMDAyNjIyLVQwMi1JTTU6YnJlYXN0X21za18yMDI1,UC0wMDAyNjIyOmJyZWFzdF9tc2tfMjAyNQ,breast_msk_2025_structural_variants,P-0002622-T02-IM5,P-0002622,breast_msk_2025,ERBB2,NA,17,37873794,NA,NA,-1,Intron of ERBB2(+): 61bp after exon 15,,,NA,17,37879056,NA,NA,-1,Intron of ERBB2(+): 516bp before exon 17,NA,GRCh37,yes,unk,2742,2447,0,8,-1,10,-1,10,ERBB2 (NM_004448) Rearrangement: c.1898+61_c.1947-516del,PRECISE,3to5,Deletion of 1 exon: in frame,DELETION,5262,ERBB2 (NM_004448) rearrangement results in the intragenic deletion of exon 16. Its functional significance is undetermined.,SOMATIC,2064.0
UC0wMDE0Mjc2LVQwMS1JTTY6YnJlYXN0X21za18yMDI1,UC0wMDE0Mjc2OmJyZWFzdF9tc2tfMjAyNQ,breast_msk_2025_structural_variants,P-0014276-T01-IM6,P-0014276,breast_msk_2025,ERBB2,NA,17,33011152,NA,NA,-1,IGR: 45Kb after TMEM132E(+),,,NA,17,37880204,NA,NA,-1,Exon 19 of ERBB2(+),NA,GRCh37,NA,NA,145735,89878,0,75,-1,-1,-1,-1,ERBB2 (NM_004448) rearrangement: chr17:g.33011152_c.2248:ERBB2del,PRECISE,3to5,ERBB2-intragenic,DELETION,4869052,Note: The ERBB2 rearrangement is a deletion of the 5'UTR and exons 1-19. One of the breakpoints is within exon 19.,SOMATIC,2064.0
UC0wMDE4ODk2LVQwMS1JTTY6YnJlYXN0X21za18yMDI1,UC0wMDE4ODk2OmJyZWFzdF9tc2tfMjAyNQ,breast_msk_2025_structural_variants,P-0018896-T01-IM6,P-0018896,breast_msk_2025,ERBB2,NA,17,37879868,NA,NA,-1,Exon 18 of ERBB2(+),,,NA,11,100478828,NA,NA,-1,IGR: 80Kb before ARHGAP42(+),NA,GRCh37,NA,NA,0,0,0,89,-1,-1,-1,-1,ERBB2 (NM_004448) rearrangement: t(11;17)(q22.1;q12)(chr11:g.100478828::chr17:g.37879868),PRECISE,5to5,ERBB2-intragenic,TRANSLOCATION,0,Note: The ERBB2 rearrangement is a translocation that may result in a truncation of exons 18-27. One of the breakpoints is within exon 18. The functional significance is undetermined.,SOMATIC,2064.0
UC0wMDIyNTMzLVQwMi1JTTY6YnJlYXN0X21za18yMDI1,UC0wMDIyNTMzOmJyZWFzdF9tc2tfMjAyNQ,breast_msk_2025_structural_variants,P-0022533-T02-IM6,P-0022533,breast_msk_2025,ERBB2,NA,17,1574221,NA,NA,-1,Intron of PRPF8(-):2Kb after exon 24,,,NA,17,37868448,NA,NA,-1,Intron of ERBB2(+):126bp before exon 9,NA,GRCh37,NA,NA,404129,402683,0,10,-1,-1,-1,-1,ERBB2 (NM_004448) rearrangement: c.1022-127:ERBB2_chr17:g.1574221inv,PRECISE,3to3,Protein Fusion: out of frame  {ERBB2:PRPF8},INVERSION,36294227,Note: The ERBB2 rearrangement is an inversion which results in the truncation of exons 9-27 which includes the kinase domain. Its functional significance is undetermined.,SOMATIC,2064.0
UC0wMDM2MTI3LVQwMS1JTTY6YnJlYXN0X21za18yMDI1,UC0wMDM2MTI3OmJyZWFzdF9tc2tfMjAyNQ,breast_msk_2025_structural_variants,P-0036127-T01-IM6,P-0036127,breast_msk_2025,ERBB2,NA,17,37883189,NA,NA,-1,Exon 25 of ERBB2(+),,,NA,17,37885595,NA,NA,-1,Promoter of ERBB2(+):29Kb from tx start,NA,GRCh37,yes,unk,7233,6855,0,39,-1,37,-1,10,ERBB2 (NM_004448) rearrangement: c.3092_c.*1298del,PRECISE,3to5,Deletion within transcript : mid-exon,DELETION,2406,Note: The ERBB2 rearrangement results in the deletion of exons 25-27. One of the breakpoints is within exon 25. The functional significance is undetermined.,SOMATIC,2064.0
UC0wMDQyODU3LVQwMi1JTTc6YnJlYXN0X21za18yMDI1,UC0wMDQyODU3OmJyZWFzdF9tc2tfMjAyNQ,breast_msk_2025_structural_variants,P-0042857-T02-IM7,P-0042857,breast_msk_2025,ERBB2,NA,17,37876261,NA,NA,-1,Intron of ERBB2(+):174bp after exon 16,162282.0,ANKFN1,NA,17,54352894,NA,NA,-1,Intron of ANKFN1(+):48Kb after exon 2,NA,GRCh37,NA,NA,365640,546249,0,53,-1,-1,-1,-1,ERBB2 (NM_004448) - ANKFN1 (NM_153228) rearrangement: c.1946+174:ERBB2_c.62+47576:ANKFN1del,PRECISE,3to5,Protein Fusion: in frame  {ERBB2:ANKFN1},DELETION,16476633,Note: The ERBB2 - ANKFN1 rearrangement is a deletion that results in a fusion of ERBB2 exons 1 - 16 to ANKFN1 exons 3 - 17. The fusion is predicted to be in frame and does not include the kinase domain of ERBB2. Functional significance is undetermined and,SOMATIC,2064.0
UC0wMDAyNzA1LVQwMS1JTTM6YnJlYXN0X21za18yMDI1,UC0wMDAyNzA1OmJyZWFzdF9tc2tfMjAyNQ,breast_msk_2025_structural_variants,P-0002705-T01-IM3,P-0002705,breast_msk_2025,ERBB2,NA,17,37883789,NA,NA,-1,Exon 26 of ERBB2(+),127795.0,C1ORF87,NA,1,60472564,NA,NA,-1,Intron of C1orf87(-): 4Kb after exon 9,NA,GRCh37,yes,unk,0,0,0,65,-1,55,-1,29,NA,PRECISE,3to3,Protein fusion: mid-exon (ERBB2-C1orf87),TRANSLOCATION,0,Note: The ERBB2-C1orf87 reciprocal translocation is a rearrangement event which results in the fusion of ERBB2 exons 1 to   26 with C1orf87 exons 10 to 12.,SOMATIC,2064.0
UC0wMDE2NjYxLVQwMS1JTTY6YnJlYXN0X21za18yMDI1,UC0wMDE2NjYxOmJyZWFzdF9tc2tfMjAyNQ,breast_msk_2025_structural_variants,P-0016661-T01-IM6,P-0016661,breast_msk_2025,ERBB2,NA,17,37883263,NA,NA,-1,Intron of ERBB2(+):7bp after exon 25,22806.0,IKZF3,NA,17,37926016,NA,NA,-1,Intron of IKZF3(-):3Kb before exon 7,NA,GRCh37,yes,unk,6391,6031,0,13,-1,13,-1,10,ERBB2 (NM_004448) - IKZF3 (NM_012481) rearrangement: c.3159+7:ERBB2_c.827-3270:IKZF3del,PRECISE,3to5,Antisense Fusion,DELETION,42753,Note: The ERBB2 - IKZF3 rearrangement is a deletion which includes exons 26-27 of ERBB2 and exon 8 of IKZF3. The functional significance is undetermined.,SOMATIC,2064.0
UC0wMDEyMjYwLVQwMS1JTTU6YnJlYXN0X21za18yMDI1,UC0wMDEyMjYwOmJyZWFzdF9tc2tfMjAyNQ,breast_msk_2025_structural_variants,P-0012260-T01-IM5,P-0012260,breast_msk_2025,ERBB2,NA,17,37883885,NA,NA,-1,Intron of ERBB2(+): 57bp before exon 27,84299.0,MIEN1,NA,17,37886288,NA,NA,-1,Intron of C17orf37(-): 159bp after exon 2,NA,GRCh37,yes,unk,4174,2768,0,43,-1,50,-1,48,ERBB2 (NM_004448) rearrangement: c.3413-57:ERBB2_chr17:g.37886288del,PRECISE,3to5,Antisense fusion,DELETION,2403,Note: The ERBB2 rearrangement is a deletion of exon 27.,SOMATIC,2064.0
UC0wMDI1MzQ5LVQwMS1JTTY6YnJlYXN0X21za18yMDI1,UC0wMDI1MzQ5OmJyZWFzdF9tc2tfMjAyNQ,breast_msk_2025_structural_variants,P-0025349-T01-IM6,P-0025349,breast_msk_2025,ERBB2,NA,NA,-1,NA,NA,-1,NA,100616132.0,MIR4728,NA,NA,-1,NA,NA,-1,NA,NA,GRCh37,yes,unk,-1,-1,-1,-1,-1,-1,-1,-1,POSITIVE FOR GENE FUSIONS IN THE INVESTIGATIONAL PANEL: A rearrangement involving ERBB2 Intron 24 (NM_004448) and MIR4728 (NR_039881) was identified. The functional significance of this event is unknown.  https://www.nature.com/articles/cddis2015116.pdf h,NA,NA,ERBB2-MIR4728 Fusion - Archer,NA,-1,Lab Notes Run Number: ArcherV2-CLIN-20170131 Macro-dissection: Unknown,SOMATIC,2064.0
UC0wMDMxMDA3LVQwMS1JTTY6YnJlYXN0X21za18yMDI1,UC0wMDMxMDA3OmJyZWFzdF9tc2tfMjAyNQ,breast_msk_2025_structural_variants,P-0031007-T01-IM6,P-0031007,breast_msk_2025,ERBB2,NA,17,37866538,NA,NA,-1,Intron of ERBB2(+):54bp before exon 7,84951.0,TNS4,NA,17,38649576,NA,NA,-1,Intron of TNS4(-):3Kb after exon 2,NA,GRCh37,NA,NA,60340,414359,0,30,-1,-1,-1,-1,ERBB2 (NM_004448) - TNS4 (NM_032865) rearrangement: c.760-55:ERBB2_c.439+2663:TNS4inv,PRECISE,3to3,Protein Fusion: out of frame  {ERBB2:TNS4},INVERSION,783038,Note: The ERBB2 - TNS4 rearrangement is an inversion which results in the fusion of ERBB2 exons 1-6 with TNS4 exons 3-13. Its functional significance is undetermined.,SOMATIC,2064.0
UC0wMDMzNjUxLVQwMi1JTTY6YnJlYXN0X21za18yMDI1,UC0wMDMzNjUxOmJyZWFzdF9tc2tfMjAyNQ,breast_msk_2025_structural_variants,P-0033651-T02-IM6,P-0033651,breast_msk_2025,ERBB3,NA,12,56487243,NA,NA,-1,Exon 12 of ERBB3(+),,,NA,12,57018329,NA,NA,-1,Intron of BAZ2A(-):7Kb before exon 2,NA,GRCh37,NA,NA,23701,32432,0,16,-1,-1,-1,-1,ERBB3 (NM_001982) Rearrangement : c.1389:ERBB3_c.5-7013:BAZ2Adup,PRECISE,5to3,ERBB3-intragenic,DUPLICATION,531086,Note: The ERBB3 Rearrangement results in the duplication of exons12-28 of ERBB3. The duplication involves the kinase domain of ERBB3.,SOMATIC,2065.0
UC0wMDM0Njg1LVQwMS1JTTY6YnJlYXN0X21za18yMDI1,UC0wMDM0Njg1OmJyZWFzdF9tc2tfMjAyNQ,breast_msk_2025_structural_variants,P-0034685-T01-IM6,P-0034685,breast_msk_2025,ERBB3,NA,12,56491485,NA,NA,-1,Intron of ERBB3(+):83bp before exon 21,,,NA,9,140090176,NA,NA,-1,Intron of TPRN(-):3Kb before exon 2,NA,GRCh37,NA,NA,0,0,0,7,-1,-1,-1,-1,ERBB3 (NM_001982) Rearrangement :  t(9;12)(q34.3;q13.13)(chr9:g.140090176::chr12:g.56491485),PRECISE,5to3,ERBB3-intragenic,TRANSLOCATION,0,Note: The ERBB3 Rearrangement is a translocation event with a breakpoint in intron20. Its functional significance is undetermined.,SOMATIC,2065.0
UC0wMDYyMDY2LVQwMS1JTTc6YnJlYXN0X21za18yMDI1,UC0wMDYyMDY2OmJyZWFzdF9tc2tfMjAyNQ,breast_msk_2025_structural_variants,P-0062066-T01-IM7,P-0062066,breast_msk_2025,ERBB3,NA,12,56434902,NA,NA,-1,Promoter of RPS26(+):783bp from tx start,,,NA,12,56478915,NA,NA,-1,Exon 3 of ERBB3(+),NA,GRCh37,yes,unk,4849,3870,0,7,-1,7,-1,8,ERBB3 (NM_001982) rearrangement: c.371:ERBB3_chr12:g.56434902inv,PRECISE,3to3,Antisense Fusion,INVERSION,44013,Note: The ERBB3 rearrangement is an inversion of exons 1 - 3. One of the breakpoints is within exon 3. The rearrangement does not include the kinase domain of ERBB3. Functional significance is undetermined.,SOMATIC,2065.0
UC0wMDMyNTQ3LVQwMS1JTTY6YnJlYXN0X21za18yMDI1,UC0wMDMyNTQ3OmJyZWFzdF9tc2tfMjAyNQ,breast_msk_2025_structural_variants,P-0032547-T01-IM6,P-0032547,breast_msk_2025,ERBB3,NA,12,56495769,NA,NA,-1,Exon 28 of ERBB3(+),,,NA,12,56496618,NA,NA,-1,3-UTR of ERBB3(+):23Kb after coding stop,NA,GRCh37,yes,unk,596,532,0,18,-1,8,-1,0,ERBB3 (NM_001982) rearrangement: c.3959:ERBB3_chr12:g.56496618del,IMPPRECISE,3to5,ERBB3-intragenic,DELETION,849,Note: The ERBB3 rearrangement is a deletion of exons 28. One of the breakpoints is within exon 28.,SOMATIC,2065.0
UC0wMDI5MTc3LVQwMi1JTTY6YnJlYXN0X21za18yMDI1,UC0wMDI5MTc3OmJyZWFzdF9tc2tfMjAyNQ,breast_msk_2025_structural_variants,P-0029177-T02-IM6,P-0029177,breast_msk_2025,ERBB4,NA,2,212426624,NA,NA,-1,Intron of ERBB4(-):3bp after exon 20,,,NA,2,213056673,NA,NA,-1,Intron of ERBB4(-):67Kb before exon 2,NA,GRCh37,yes,unk,16736,40736,0,35,-1,33,-1,10,ERBB4 (NM_005235) rearrangement: c.83-67045_c.2487+4dup,PRECISE,5to3,Duplication of 19 exons : out of frame,DUPLICATION,630049,Note: The ERBB4 rearrangement is an intragenic duplication of exons 2 - 20. The rearrangement includes a part of the kinase domain of ERBB4. Functional significance is undetermined.,SOMATIC,2066.0
UC0wMDI5NDA5LVQwMS1JTTY6YnJlYXN0X21za18yMDI1,UC0wMDI5NDA5OmJyZWFzdF9tc2tfMjAyNQ,breast_msk_2025_structural_variants,P-0029409-T01-IM6,P-0029409,breast_msk_2025,ERBB4,NA,2,212615413,NA,NA,-1,Exon 5 of ERBB4(-),,,NA,2,212860363,NA,NA,-1,Intron of ERBB4(-):48Kb before exon 3,NA,GRCh37,yes,unk,6012,4022,0,13,-1,13,-1,10,ERBB4 (NM_005235) rearrangement: c.573_c.235-48022del,PRECISE,3to5,Deletion within transcript : mid-exon,DELETION,244950,Note: The ERBB4 rearrangement results in the deletion of exons 3-5. One of the breakpoints is within exon 5. The functional significance is undetermined.,SOMATIC,2066.0
UC0wMDE0MDM0LVQwMS1JTTU6YnJlYXN0X21za18yMDI1,UC0wMDE0MDM0OmJyZWFzdF9tc2tfMjAyNQ,breast_msk_2025_structural_variants,P-0014034-T01-IM5,P-0014034,breast_msk_2025,ERBB4,NA,2,212652785,NA,NA,-1,Exon 4 of ERBB4(-),,,NA,2,212830816,NA,NA,-1,Intron of ERBB4(-): 18Kb before exon 3,NA,GRCh37,yes,unk,4596,5841,0,102,-1,102,-1,100,ERBB4 (NM_005235) rearrangement: c.235-18475_c.521dup,PRECISE,5to3,Duplication within transcript: mid-exon,DUPLICATION,178031,Note: The ERBB4 rearrangement is a duplication of exons 3-4. One of the breakpoints is within exon4. The functional significance is undetermined.,SOMATIC,2066.0
UC0wMDUyMzI3LVQwMS1JTTY6YnJlYXN0X21za18yMDI1,UC0wMDUyMzI3OmJyZWFzdF9tc2tfMjAyNQ,breast_msk_2025_structural_variants,P-0052327-T01-IM6,P-0052327,breast_msk_2025,ERBB4,NA,2,212587124,NA,NA,-1,Exon 7 of ERBB4(-),,,NA,2,212798880,NA,NA,-1,Intron of ERBB4(-):13Kb after exon 3,NA,GRCh37,yes,unk,4196,9913,0,63,-1,61,-1,10,ERBB4 (NM_005235) rearrangement: c.421+13275_c.877dup,PRECISE,5to3,Duplication within transcript : mid-exon,DUPLICATION,211756,Note: The ERBB4 rearrangement is an intragenic duplication of exons 4 - 7. One of the breakpoints is within exon 7. The rearrangement does not include the kinase domain of ERBB4. Functional significance is undetermined.,SOMATIC,2066.0
UC0wMDAzNjAzLVQwMS1JTTU6YnJlYXN0X21za18yMDI1,UC0wMDAzNjAzOmJyZWFzdF9tc2tfMjAyNQ,breast_msk_2025_structural_variants,P-0003603-T01-IM5,P-0003603,breast_msk_2025,ERCC2,NA,19,45856513,NA,NA,-1,Exon 18 of ERCC2(-),,,NA,19,45863925,NA,NA,-1,Intron of ERCC2(-): 857bp after exon 11,NA,GRCh37,yes,unk,8482,6743,0,6,-1,6,-1,14,c.1237+857_1745inv,PRECISE,5to5,Antisense fusion,INVERSION,7412,"Note: The ERCC2 (NM_000400) rearrangement event results in the inversion of exons 13-18, likely disabling the function of the gene. One of the breakpoints is within exon18.",SOMATIC,2068.0
UC0wMDI0MTYzLVQwMS1JTTY6YnJlYXN0X21za18yMDI1,UC0wMDI0MTYzOmJyZWFzdF9tc2tfMjAyNQ,breast_msk_2025_structural_variants,P-0024163-T01-IM6,P-0024163,breast_msk_2025,ERCC3,NA,3,135820553,NA,NA,-1,Intron of PPP2R3A(+):295bp before exon 10,,,NA,2,128029081,NA,NA,-1,Intron of ERCC3(-):52bp before exon 12,NA,GRCh37,NA,NA,0,0,0,18,-1,-1,-1,-1,"ERCC3 (NM_000122) Rearrangement : t(2,3)(q21.1,q22.1)(chr2:g.128029081::chr3:g.135820553)",PRECISE,5to3,ERCC3-intragenic,TRANSLOCATION,0,Note: The ERCC3 Rearrangement results in the possible truncation of ERCC3. One of the breakpoints is within intron11. Its functional significance is undetermined.,SOMATIC,2071.0
UC0wMDU2MTg1LVQwMS1JTTY6YnJlYXN0X21za18yMDI1,UC0wMDU2MTg1OmJyZWFzdF9tc2tfMjAyNQ,breast_msk_2025_structural_variants,P-0056185-T01-IM6,P-0056185,breast_msk_2025,ERCC4,NA,16,14042125,NA,NA,-1,Exon 11 of ERCC4(+),,,NA,11,67515536,NA,NA,-1,IGR: 44Kb before FAM86C2P(-),NA,GRCh37,yes,unk,0,0,0,68,-1,20,-1,10,ERCC4 (NM_005236) rearrangement: t(11;16)(q13.2;p13.12)(chr11:g.67515536::chr16:g.14042125),PRECISE,5to3,ERCC4-intragenic,TRANSLOCATION,0,Note: The ERCC4 rearrangement is a translocation with a breakpoint in exon 11. Functional significance is undetermined.,SOMATIC,2072.0
UC0wMDMyNTQ3LVQwMS1JTTY6YnJlYXN0X21za18yMDI1,UC0wMDMyNTQ3OmJyZWFzdF9tc2tfMjAyNQ,breast_msk_2025_structural_variants,P-0032547-T01-IM6,P-0032547,breast_msk_2025,ERCC4,NA,18,333129,NA,NA,-1,Exon 7 of COLEC12(-),,,NA,16,14015988,NA,NA,-1,Exon 2 of ERCC4(+),NA,GRCh37,yes,unk,0,0,0,26,-1,26,-1,10,ERCC4 (NM_005236) rearrangement: t(16;18)(p13.12;p11.32)(chr16:g.14015988::chr18:g.333129),PRECISE,5to3,Antisense Fusion,TRANSLOCATION,0,Note: The ERCC4 rearrangement is a translocation involving a breakpoint in exon 2.,SOMATIC,2072.0
UC0wMDA4Nzk1LVQwMS1JTTU6YnJlYXN0X21za18yMDI1,UC0wMDA4Nzk1OmJyZWFzdF9tc2tfMjAyNQ,breast_msk_2025_structural_variants,P-0008795-T01-IM5,P-0008795,breast_msk_2025,ERCC5,NA,13,80173550,NA,NA,-1,IGR: 43Kb after NDFIP2(+),,,NA,13,103524596,NA,NA,-1,Exon 13 of ERCC5(+),NA,GRCh37,NA,NA,62644,131661,0,22,-1,-1,-1,-1,ERCC5 (NM_000123) rearrangement : chr13:g.80173550_c.2727:ERCC5inv,PRECISE,3to3,ERCC5-intragenic,INVERSION,23351046,Note: The ERCC5 (NM_000123) rearrangement event results in the inversion of ERCC5 exons 1-13. One of the breakpoints is within ERCC5 exon13.,SOMATIC,2073.0
UC0wMDU1Mzk3LVQwMS1JTTY6YnJlYXN0X21za18yMDI1,UC0wMDU1Mzk3OmJyZWFzdF9tc2tfMjAyNQ,breast_msk_2025_structural_variants,P-0055397-T01-IM6,P-0055397,breast_msk_2025,ERF,NA,19,42754179,NA,NA,-1,Intron of ERF(-):85bp before exon 3,,,NA,11,30272374,NA,NA,-1,IGR: 20Kb before FSHB(+),NA,GRCh37,NA,NA,0,0,0,16,-1,-1,-1,-1,ERF (NM_006494) rearrangement: t(11;19)(p14.1;q13.2)(chr11:g.30272374::chr19:g.42754179),PRECISE,3to3,ERF-intragenic,TRANSLOCATION,0,Note: The ERF rearrangement is a translocation with a breakpoint in intron 2. Functional significance is undetermined.,SOMATIC,2077.0
UC0wMDA0OTgxLVQwMS1JTTU6YnJlYXN0X21za18yMDI1,UC0wMDA0OTgxOmJyZWFzdF9tc2tfMjAyNQ,breast_msk_2025_structural_variants,P-0004981-T01-IM5,P-0004981,breast_msk_2025,ERG,NA,21,39755710,NA,NA,-1,Exon 11 of ERG(-),,,NA,12,130616610,NA,NA,-1,IGR: 30Kb before FZD10(+),NA,GRCh37,NA,NA,0,0,0,65,-1,-1,-1,-1,ERG (NM_182918) rearrangement: t(12;21)(q24.33;q13.1)(chr12:g.130616610::chr21:g.39755710),PRECISE,3to3,ERG-intragenic,TRANSLOCATION,0,The ERG (NM_182918) rearrangement is a translocation which may result in a truncated ERG. One of the breakpoints is within exon 10. The functional significance is undetermined.,SOMATIC,2078.0
UC0wMDM3MTQ2LVQwMS1JTTY6YnJlYXN0X21za18yMDI1,UC0wMDM3MTQ2OmJyZWFzdF9tc2tfMjAyNQ,breast_msk_2025_structural_variants,P-0037146-T01-IM6,P-0037146,breast_msk_2025,ERRFI1,NA,1,8073292,NA,NA,-1,Exon 4 of ERRFI1(-),,,NA,1,8081887,NA,NA,-1,5-UTR of ERRFI1(-):9Kb before coding start,NA,GRCh37,NA,NA,6478,12477,0,40,-1,-1,-1,-1,ERRFI1 (NM_018948) Rearrangement : c.-74+4331_c.1367dup,PRECISE,5to3,Duplication within transcript : mid-exon,DUPLICATION,8595,Note: The ERRFI1 Rearrangement results in the intragenic duplication of exons 1-4 of ERFFI1.The breakpoints are within the 5-UTR before the TSS(Transcription Start Site) and within exon4 respectively.,SOMATIC,54206.0
UC0wMDM5MjI2LVQwMS1JTTY6YnJlYXN0X21za18yMDI1,UC0wMDM5MjI2OmJyZWFzdF9tc2tfMjAyNQ,breast_msk_2025_structural_variants,P-0039226-T01-IM6,P-0039226,breast_msk_2025,ERRFI1,NA,3,179298806,NA,NA,-1,Intron of ACTL6A(+):10bp after exon 10,,,NA,1,8074113,NA,NA,-1,Exon 4 of ERRFI1(-),NA,GRCh37,yes,unk,0,0,0,10,-1,10,-1,10,ERRFI1 (NM_018948) rearrangement: t(1;3)(p36.23;q26.33)(chr1:g.8074113::chr3:g.179298806),PRECISE,5to3,ERRFI1-intragenic,TRANSLOCATION,0,Note: The ERRFI1 rearrangement is a translocation with a breakpoint in exon 4. Functional significance is undetermined.,SOMATIC,54206.0
UC0wMDAyNjUyLVQwMi1JTTY6YnJlYXN0X21za18yMDI1,UC0wMDAyNjUyOmJyZWFzdF9tc2tfMjAyNQ,breast_msk_2025_structural_variants,P-0002652-T02-IM6,P-0002652,breast_msk_2025,ESR1,NA,6,152337383,NA,NA,-1,Intron of ESR1(+):4Kb after exon 6,,,NA,6,152415525,NA,NA,-1,Exon 8 of ESR1(+),NA,GRCh37,yes,unk,972,2329,0,3,-1,3,-1,10,ESR1 (NM_001122740) rearrangement: c.1235+4454_c.1375del,PRECISE,3to5,Deletion within transcript : mid-exon,DELETION,78142,Note: The ESR1 rearrangement is an intragenic deletion of exons 7-8. One of the breakpoints is within exon 8.,SOMATIC,2099.0
UC0wMDQ5NjEwLVQwMS1JTTY6YnJlYXN0X21za18yMDI1,UC0wMDQ5NjEwOmJyZWFzdF9tc2tfMjAyNQ,breast_msk_2025_structural_variants,P-0049610-T01-IM6,P-0049610,breast_msk_2025,ESR1,NA,6,152032176,NA,NA,-1,5-UTR of ESR1(+):97Kb before coding start,,,NA,6,152332641,NA,NA,-1,Intron of ESR1(+):149bp before exon 6,NA,GRCh37,yes,unk,9610,8803,0,2,-1,2,-1,10,ESR1 (NM_001122740) rearrangement: c.1097-150:ESR1_chr6:g.152032176del,PRECISE,3to5,Deletion within transcript,DELETION,300465,Note: The ESR1 rearrangement is a deletion of exons 1 - 5. Functional significance is undetermined.,SOMATIC,2099.0
UC0wMDI1MTEzLVQwMi1JTTY6YnJlYXN0X21za18yMDI1,UC0wMDI1MTEzOmJyZWFzdF9tc2tfMjAyNQ,breast_msk_2025_structural_variants,P-0025113-T02-IM6,P-0025113,breast_msk_2025,ESR1,NA,NA,-1,NA,NA,-1,NA,9590.0,AKAP12,NA,NA,-1,NA,NA,-1,NA,NA,GRCh37,yes,unk,-1,-1,-1,-1,-1,-1,-1,-1,POSITIVE FOR GENE FUSIONS IN THE INVESTIGATIONAL PANEL: ESR1-AKAP12 fusion. Note: The rearrangement is a fusion between genes ESR1 Exon6 (NM_000125) and AKAP12 Exon3 (NM_005100). PMID: 29360925. Note2: The fusions is a low frequency event.,NA,NA,ESR1-AKAP12 Fusion - Archer,NA,-1,Lab Notes Run Number: ArcherV3-CLIN-20190230 Macro-dissection: Not Performed,SOMATIC,2099.0
UC0wMDI0MDIxLVQwMy1JTTc6YnJlYXN0X21za18yMDI1,UC0wMDI0MDIxOmJyZWFzdF9tc2tfMjAyNQ,breast_msk_2025_structural_variants,P-0024021-T03-IM7,P-0024021,breast_msk_2025,ESR1,NA,NA,-1,NA,NA,-1,NA,80129.0,CCDC170,NA,NA,-1,NA,NA,-1,NA,NA,GRCh37,yes,unk,-1,-1,-1,-1,-1,-1,-1,-1,POSITIVE FOR GENE FUSIONS IN THE INVESTIGATIONAL PANEL: ESR1-CCDC170 fusion. Note: The rearrangement is a fusion between genes ESR1 Exon6 (NM_000125) and CCDC170 Exon4 (NM_025059). Note: The ESR1 fusion event was detected with low sequencing read support.,NA,NA,ESR1-CCDC170 Fusion - Archer,NA,-1,Lab Notes Run Number: ArcherV4-CLIN-20210023 Macro-dissection: Not Performed,SOMATIC,2099.0
UC0wMDA0NjU0LVQwMi1JTTY6YnJlYXN0X21za18yMDI1,UC0wMDA0NjU0OmJyZWFzdF9tc2tfMjAyNQ,breast_msk_2025_structural_variants,P-0004654-T02-IM6,P-0004654,breast_msk_2025,ESR1,NA,NA,-1,NA,NA,-1,NA,1387.0,CREBBP,NA,NA,-1,NA,NA,-1,NA,NA,GRCh37,yes,unk,-1,-1,-1,-1,-1,-1,-1,-1,POSITIVE FOR GENE FUSIONS IN THE INVESTIGATIONAL PANEL: ESR1-CREBBP fusion. Note: The rearrangement is an in-frame fusion between genes ESR1 Exon6 (NM_001122742) and CREBBP Exon2 (NM_004380).,NA,NA,ESR1-CREBBP Fusion - Archer,NA,-1,Lab Notes Run Number: Archerv3-CLIN-20190128 Macro-dissection: Not Performed,SOMATIC,2099.0
UC0wMDI5NDA5LVQwMi1JTTY6YnJlYXN0X21za18yMDI1,UC0wMDI5NDA5OmJyZWFzdF9tc2tfMjAyNQ,breast_msk_2025_structural_variants,P-0029409-T02-IM6,P-0029409,breast_msk_2025,ESR1,NA,NA,-1,NA,NA,-1,NA,23426.0,GRIP1,NA,NA,-1,NA,NA,-1,NA,NA,GRCh37,yes,unk,-1,-1,-1,-1,-1,-1,-1,-1,POSITIVE FOR GENE FUSIONS IN THE INVESTIGATIONAL PANEL: ESR1-GRIP1 fusion. Note: The rearrangement is an in-frame fusion between genes ESR1 Exon4 (NM_000125) and GRIP1 Exon11 (NM_021150).,NA,NA,ESR1-GRIP1 Fusion - Archer,NA,-1,Lab Notes Run Number: Archerv3-CLIN-20190163 Macro-dissection: Not Performed,SOMATIC,2099.0
UC0wMDE2NjI3LVQwMi1JTTY6YnJlYXN0X21za18yMDI1,UC0wMDE2NjI3OmJyZWFzdF9tc2tfMjAyNQ,breast_msk_2025_structural_variants,P-0016627-T02-IM6,P-0016627,breast_msk_2025,ESR1,NA,NA,-1,NA,NA,-1,NA,57480.0,PLEKHG1,NA,NA,-1,NA,NA,-1,NA,NA,GRCh37,yes,unk,-1,-1,-1,-1,-1,-1,-1,-1,POSITIVE FOR GENE FUSIONS IN THE INVESTIGATIONAL PANEL: ESR1-PLEKHG1 fusion. Note: The rearrangement is an in-frame fusion between genes ESR1 Exon6 (NM_001122742) and PLEKHG1 Exon13 (NM_001029884). Note: ESR1-CCDC170 fusion: ESR1 Exon3 (NM_001122742) and ,NA,NA,ESR1-PLEKHG1 Fusion - Archer,NA,-1,Lab Notes Run Number: ArcherV3-CLIN-20190044 Macro-dissection: Unknown,SOMATIC,2099.0
UC0wMDIyOTMzLVQwMS1JTTY6YnJlYXN0X21za18yMDI1,UC0wMDIyOTMzOmJyZWFzdF9tc2tfMjAyNQ,breast_msk_2025_structural_variants,P-0022933-T01-IM6,P-0022933,breast_msk_2025,ESR1,NA,6,152419863,NA,NA,-1,Intron of ESR1(+):3bp before exon 9,5071.0,PRKN,NA,6,162361306,NA,NA,-1,Intron of PARK2(-):33Kb after exon 6,NA,GRCh37,yes,unk,71453,136731,0,7,-1,7,-1,10,ESR1 (NM_001122740) - PARK2 (NM_004562) rearrangement: c.1554-4:ESR1_c.734+33028:PARK2inv,PRECISE,3to3,Protein Fusion: in frame  {ESR1:PARK2},INVERSION,9941443,Note: The ESR1 - PARK2 rearrangement is an inversion which results in the fusion of ESR1 exons 1-8 with PARK2 exons 7-12. The functional significance is undetermined.,SOMATIC,2099.0
UC0wMDQwMDgwLVQwMS1JTTY6YnJlYXN0X21za18yMDI1,UC0wMDQwMDgwOmJyZWFzdF9tc2tfMjAyNQ,breast_msk_2025_structural_variants,P-0040080-T01-IM6,P-0040080,breast_msk_2025,ESR1,NA,NA,-1,NA,NA,-1,NA,55005.0,RMND1,NA,NA,-1,NA,NA,-1,NA,NA,GRCh37,yes,unk,-1,-1,-1,-1,-1,-1,-1,-1,POSITIVE FOR GENE FUSIONS IN THE INVESTIGATIONAL PANEL: ESR1-RMND1 fusion. Note: The rearrangement is an fusion between genes ESR1 Exon6 (NM_001122742) and RMND1 Exon2 (NM_017909).  PMID:30089255,NA,NA,ESR1-RMND1 Fusion - Archer,NA,-1,Lab Notes Run Number: Archerv3-CLIN-20190062 Macro-dissection: Not Performed,SOMATIC,2099.0
UC0wMDM4OTAyLVQwMS1JTTY6YnJlYXN0X21za18yMDI1,UC0wMDM4OTAyOmJyZWFzdF9tc2tfMjAyNQ,breast_msk_2025_structural_variants,P-0038902-T01-IM6,P-0038902,breast_msk_2025,ESR1,NA,NA,-1,NA,NA,-1,NA,9892.0,SNAP91,NA,NA,-1,NA,NA,-1,NA,NA,GRCh37,yes,unk,-1,-1,-1,-1,-1,-1,-1,-1,POSITIVE FOR GENE FUSIONS IN THE INVESTIGATIONAL PANEL: ESR1-SNAP91 fusion. Note: The rearrangement is an in-frame fusion between genes ESR1 Exon6 (NM_001122742) and SNAP91 Exon23 (NM_014841).,NA,NA,ESR1-SNAP91 Fusion - Archer,NA,-1,Lab Notes Run Number: ArcherV3-CLIN-20190043 Macro-dissection: Unknown,SOMATIC,2099.0
UC0wMDYyMjA3LVQwMS1JTTc6YnJlYXN0X21za18yMDI1,UC0wMDYyMjA3OmJyZWFzdF9tc2tfMjAyNQ,breast_msk_2025_structural_variants,P-0062207-T01-IM7,P-0062207,breast_msk_2025,ESR1,NA,NA,-1,NA,NA,-1,NA,6938.0,TCF12,NA,NA,-1,NA,NA,-1,NA,NA,GRCh37,yes,unk,-1,-1,-1,-1,-1,-1,-1,-1,POSITIVE FOR GENE FUSIONS IN THE INVESTIGATIONAL PANEL: ESR1-TCF12 fusion. Note: The rearrangement is an in-frame fusion between genes ESR1 Exon4 (NM_000125) and TCF12 Exon6 (NM_207036). FBXO41-ERBB4 fusion. Note: The rearrangement is a fusion between gen,NA,NA,ESR1-TCF12 Fusion - Archer,NA,-1,Lab Notes Run Number: ArcherV4-CLIN-20210017 Macro-dissection: Not Performed,SOMATIC,2099.0
UC0wMDQyMDAyLVQwMS1JTTY6YnJlYXN0X21za18yMDI1,UC0wMDQyMDAyOmJyZWFzdF9tc2tfMjAyNQ,breast_msk_2025_structural_variants,P-0042002-T01-IM6,P-0042002,breast_msk_2025,ESR1,NA,NA,-1,NA,NA,-1,NA,51106.0,TFB1M,NA,NA,-1,NA,NA,-1,NA,NA,GRCh37,yes,unk,-1,-1,-1,-1,-1,-1,-1,-1,POSITIVE FOR GENE FUSIONS IN THE INVESTIGATIONAL PANEL: ESR1-TFB1M fusion. Note: The rearrangement is a fusion between genes ESR1 Exon5 (NM_000125) and TFB1M Exon2 (NM_016020). PMID: 30089255,NA,NA,ESR1-TFB1M Fusion - Archer,NA,-1,Lab Notes Run Number: Archerv3-CLIN-20190097 Macro-dissection: Not Performed,SOMATIC,2099.0
UC0wMDQyMDAyLVQwMy1JTTY6YnJlYXN0X21za18yMDI1,UC0wMDQyMDAyOmJyZWFzdF9tc2tfMjAyNQ,breast_msk_2025_structural_variants,P-0042002-T03-IM6,P-0042002,breast_msk_2025,ESR1,NA,NA,-1,NA,NA,-1,NA,51106.0,TFB1M,NA,NA,-1,NA,NA,-1,NA,NA,GRCh37,yes,unk,-1,-1,-1,-1,-1,-1,-1,-1,POSITIVE FOR GENE FUSIONS IN THE INVESTIGATIONAL PANEL: ESR1-TFB1M fusion. Note: The rearrangement is an out-of-frame fusion between genes ESR1 Exon5 (NM_000125) and TFB1M Exon2 (NM_016020). Note1: The fusion results in deletion of the ESR1 ligand binding,NA,NA,ESR1-TFB1M Fusion - Archer,NA,-1,Lab Notes Run Number: ArcherV4-CLIN-20210071 Macro-dissection: Not Performed,SOMATIC,2099.0
UC0wMDQzODExLVQwMS1JTTY6YnJlYXN0X21za18yMDI1,UC0wMDQzODExOmJyZWFzdF9tc2tfMjAyNQ,breast_msk_2025_structural_variants,P-0043811-T01-IM6,P-0043811,breast_msk_2025,ETV1,NA,7,13920882,NA,NA,-1,IGR: 10Kb before ETV1(-),,,NA,7,13950818,NA,NA,-1,Intron of ETV1(-):1Kb before exon 9,NA,GRCh37,yes,unk,3153,4919,0,24,-1,22,-1,10,ETV1 (NM_001163147) rearrangement: c.803-1493:ETV1_chr7:g.13920882del,PRECISE,3to5,ETV1-intragenic,DELETION,29936,Note: The ETV1 rearrangement is a deletion of exons 9 - 12. Functional significance is undetermined.,SOMATIC,2115.0
UC0wMDEwNTM3LVQwMS1JTTU6YnJlYXN0X21za18yMDI1,UC0wMDEwNTM3OmJyZWFzdF9tc2tfMjAyNQ,breast_msk_2025_structural_variants,P-0010537-T01-IM5,P-0010537,breast_msk_2025,ETV6,NA,12,11937333,NA,NA,-1,Intron of ETV6(+): 32Kb after exon 2,,,NA,12,12007634,NA,NA,-1,Intron of ETV6(+): 1Kb after exon 4,NA,GRCh37,yes,unk,13937,19109,0,74,-1,84,-1,93,ETV6 (NM_001987) Rearrangement : c.163+31820_463+1139dup,PRECISE,5to3,Duplication of 2 exons: in frame,DUPLICATION,70301,Note: The ETV6 Rearrangement  results in the duplication of exons 3-4 of ETV6. Its functional significance is undetermined.,SOMATIC,2120.0
UC0wMDA4NzA5LVQwMS1JTTU6YnJlYXN0X21za18yMDI1,UC0wMDA4NzA5OmJyZWFzdF9tc2tfMjAyNQ,breast_msk_2025_structural_variants,P-0008709-T01-IM5,P-0008709,breast_msk_2025,ETV6,NA,12,11570805,NA,NA,-1,IGR: 26Kb before PRB2(-),,,NA,12,11992236,NA,NA,-1,Exon 3 of ETV6(+),NA,GRCh37,NA,NA,4673,10392,0,23,-1,-1,-1,-1,ETV6 (NM_001987) rearrangement: c.326_chr12:g.11570805dup,PRECISE,5to3,ETV6-intragenic,DUPLICATION,421431,Note: The ETV6 (NM_001987) rearrangement is a duplication of exons 1-3. One of the breakpoints is within exon 3. The functional significance is undetermined.,SOMATIC,2120.0
UC0wMDMyMTc0LVQwMS1JTTY6YnJlYXN0X21za18yMDI1,UC0wMDMyMTc0OmJyZWFzdF9tc2tfMjAyNQ,breast_msk_2025_structural_variants,P-0032174-T01-IM6,P-0032174,breast_msk_2025,ETV6,NA,12,11838074,NA,NA,-1,Intron of ETV6(+):35Kb after exon 1,,,NA,12,12030278,NA,NA,-1,Intron of ETV6(+):7Kb before exon 6,NA,GRCh37,yes,unk,142200,192214,0,18,-1,18,-1,10,ETV6 (NM_001987) rearrangement: c.33+34980_c.1010-7101del,PRECISE,3to5,Deletion of 4 exons : out of frame,DELETION,192204,Note: The ETV6 rearrangement is an intragenic deletion of exons 2-5. Its functional significance is undetermined.,SOMATIC,2120.0
UC0wMDI3NjA2LVQwMS1JTTY6YnJlYXN0X21za18yMDI1,UC0wMDI3NjA2OmJyZWFzdF9tc2tfMjAyNQ,breast_msk_2025_structural_variants,P-0027606-T01-IM6,P-0027606,breast_msk_2025,ETV6,NA,12,11909944,NA,NA,-1,Intron of ETV6(+):4Kb after exon 2,,,NA,12,12015781,NA,NA,-1,Intron of ETV6(+):7Kb before exon 5,NA,GRCh37,yes,unk,62245,79150,0,19,-1,19,-1,10,ETV6 (NM_001987) rearrangement: c.163+4431_c.464-6577dup.,PRECISE,5to3,Duplication of 2 exons : in frame,DUPLICATION,105837,Note: The ETV6 rearrangement results in the in frame duplication of intron 2 to intron 4. Its functional significance is undetermined.,SOMATIC,2120.0
UC0wMDQ5NzY0LVQwMS1JTTY6YnJlYXN0X21za18yMDI1,UC0wMDQ5NzY0OmJyZWFzdF9tc2tfMjAyNQ,breast_msk_2025_structural_variants,P-0049764-T01-IM6,P-0049764,breast_msk_2025,ETV6,NA,12,11944433,NA,NA,-1,Intron of ETV6(+):39Kb after exon 2,,,NA,12,12029431,NA,NA,-1,Intron of ETV6(+):7Kb after exon 5,NA,GRCh37,NA,NA,112218,201335,0,33,-1,-1,-1,-1,ETV6 (NM_001987) rearrangement: c.163+38920_c.1009+6528dup,PRECISE,5to3,Duplication of 3 exons : in frame,DUPLICATION,84998,Note: The ETV6 rearrangement is an intragenic duplication of exons 3 - 5. Functional significance is undetermined.,SOMATIC,2120.0
UC0wMDIxNzk0LVQwMS1JTTY6YnJlYXN0X21za18yMDI1,UC0wMDIxNzk0OmJyZWFzdF9tc2tfMjAyNQ,breast_msk_2025_structural_variants,P-0021794-T01-IM6,P-0021794,breast_msk_2025,ETV6,NA,12,11847557,NA,NA,-1,Intron of ETV6(+):44Kb after exon 1,,,NA,12,12020473,NA,NA,-1,Intron of ETV6(+):2Kb before exon 5,NA,GRCh37,yes,unk,118908,106890,0,10,-1,10,-1,0,ETV6 (NM_001987) Rearrangement : c.33+44463_c.464-1885del,IMPPRECISE,3to5,Deletion of 3 exons : out of frame,DELETION,172916,Note: The ETV6 Rearrangement results in the intragenic deletion of exons 2-4. Its functional significance is undetermined.,SOMATIC,2120.0
UC0wMDIzMDA0LVQwMi1JTTY6YnJlYXN0X21za18yMDI1,UC0wMDIzMDA0OmJyZWFzdF9tc2tfMjAyNQ,breast_msk_2025_structural_variants,P-0023004-T02-IM6,P-0023004,breast_msk_2025,ETV6,NA,12,12013128,NA,NA,-1,Intron of ETV6(+):7Kb after exon 4,,,NA,6,78220086,NA,NA,-1,IGR: 48Kb before HTR1B(-),NA,GRCh37,NA,NA,0,0,0,8,-1,-1,-1,-1,ETV6 (NM_001987) rearrangement: t(6;12)(q14.1;p13.2)(chr6:g.78220086::chr12:g.12013128),IMPPRECISE,3to5,ETV6-intragenic,TRANSLOCATION,0,Note: The ETV6 rearrangement is a translocation with a breakpoint within intron 4. The functional significance is undetermined.,SOMATIC,2120.0
UC0wMDU3NDM1LVQwMi1JTTY6YnJlYXN0X21za18yMDI1,UC0wMDU3NDM1OmJyZWFzdF9tc2tfMjAyNQ,breast_msk_2025_structural_variants,P-0057435-T02-IM6,P-0057435,breast_msk_2025,ETV6,NA,12,12013251,NA,NA,-1,Intron of ETV6(+):7Kb after exon 4,,,NA,1,237547858,NA,NA,-1,Intron of RYR2(+):3Kb before exon 9,NA,GRCh37,yes,unk,0,0,0,59,-1,55,-1,10,ETV6 (NM_001987) rearrangement: t(1;12)(q43;p13.2)(chr1:g.237547858::chr12:g.12013251),PRECISE,5to5,ETV6-intragenic,TRANSLOCATION,0,Note: The ETV6 rearrangement is a translocation with a breakpoint in intron 4. Functional significance is undetermined.,SOMATIC,2120.0
UC0wMDMxNTYwLVQwNC1JTTY6YnJlYXN0X21za18yMDI1,UC0wMDMxNTYwOmJyZWFzdF9tc2tfMjAyNQ,breast_msk_2025_structural_variants,P-0031560-T04-IM6,P-0031560,breast_msk_2025,ETV6,NA,12,12016211,NA,NA,-1,Intron of ETV6(+):6Kb before exon 5,,,NA,12,12130885,NA,NA,-1,IGR: 93Kb before BCL2L14(+),NA,GRCh37,NA,NA,97463,66009,0,30,-1,-1,-1,-1,ETV6 (NM_001987) rearrangement: c.464-6147:ETV6_chr12:g.12130885del,PRECISE,3to5,ETV6-intragenic,DELETION,114674,Note: The ETV6 rearrangement is a deletion of exons 5 - 8. Functional significance is undetermined.,SOMATIC,2120.0
UC0wMDE1NTU4LVQwMS1JTTY6YnJlYXN0X21za18yMDI1,UC0wMDE1NTU4OmJyZWFzdF9tc2tfMjAyNQ,breast_msk_2025_structural_variants,P-0015558-T01-IM6,P-0015558,breast_msk_2025,ETV6,NA,15,97567900,NA,NA,-1,IGR: 241Kb before SPATA8(+),,,NA,12,12019771,NA,NA,-1,Intron of ETV6(+): 3Kb before exon 5,NA,GRCh37,NA,NA,0,0,0,25,-1,-1,-1,-1,ETV6 (NM_001987) rearrangement: t(12;15)(p13.2;q26.2)(chr12:g.12019771::chr15:g.97567900),IMPRECISE,5to3,ETV6-intragenic,TRANSLOCATION,0,Note: The ETV6 rearrangement is a translocation that may result in a truncation of exons 5-8. The functional significance is undetermined.,SOMATIC,2120.0
UC0wMDQ3ODAyLVQwMS1JTTY6YnJlYXN0X21za18yMDI1,UC0wMDQ3ODAyOmJyZWFzdF9tc2tfMjAyNQ,breast_msk_2025_structural_variants,P-0047802-T01-IM6,P-0047802,breast_msk_2025,ETV6,NA,12,11999366,NA,NA,-1,Intron of ETV6(+):7Kb before exon 4,,,NA,12,12020892,NA,NA,-1,Intron of ETV6(+):1Kb before exon 5,NA,GRCh37,yes,unk,82812,89899,0,5,-1,4,-1,10,ETV6 (NM_001987) rearrangement: c.329-6995_c.464-1466dup,PRECISE,5to3,Duplication of 1 exon : in frame,DUPLICATION,21526,Note: The ETV6 rearrangement is an intragenic duplication of exon 4. Functional significance is undetermined.,SOMATIC,2120.0
UC0wMDM0NTQzLVQwMS1JTTY6YnJlYXN0X21za18yMDI1,UC0wMDM0NTQzOmJyZWFzdF9tc2tfMjAyNQ,breast_msk_2025_structural_variants,P-0034543-T01-IM6,P-0034543,breast_msk_2025,ETV6,NA,12,11954645,NA,NA,-1,Intron of ETV6(+):37Kb before exon 3,,,NA,12,12012077,NA,NA,-1,Intron of ETV6(+):6Kb after exon 4,NA,GRCh37,yes,unk,33723,54402,0,8,-1,8,-1,6,ETV6 (NM_001987) Rearrangement : c.164-37429_c.463+5582dup,PRECISE,5to3,Duplication of 2 exons : in frame,DUPLICATION,57432,Note: The ETV6 Rearrangement results in the duplication of exon 3-4. Its functional significance is undetermined.,SOMATIC,2120.0
UC0wMDE1NTYxLVQwMS1JTTY6YnJlYXN0X21za18yMDI1,UC0wMDE1NTYxOmJyZWFzdF9tc2tfMjAyNQ,breast_msk_2025_structural_variants,P-0015561-T01-IM6,P-0015561,breast_msk_2025,ETV6,NA,12,12032627,NA,NA,-1,Intron of ETV6(+): 5Kb before exon 6,,,NA,1,238992569,NA,NA,-1,IGR: 349Kb before LOC339535(-),NA,GRCh37,NA,NA,0,0,0,37,-1,-1,-1,-1,ETV6 (NM_001987) rearrangement: t(1;12)(q43;p13.2)(chr1:g.238992569::chr12:g.12032627),PRECISE,3to3,ETV6-intragenic,TRANSLOCATION,0,Note: The ETV6 rearrangement is a translocation that may result in a truncation of exons 6-8. The functional significance is undetermined.,SOMATIC,2120.0
UC0wMDU0MzI1LVQwMS1JTTY6YnJlYXN0X21za18yMDI1,UC0wMDU0MzI1OmJyZWFzdF9tc2tfMjAyNQ,breast_msk_2025_structural_variants,P-0054325-T01-IM6,P-0054325,breast_msk_2025,ETV6,NA,12,12020037,NA,NA,-1,Intron of ETV6(+):2Kb before exon 5,,,NA,12,12092716,NA,NA,-1,IGR: 131Kb before BCL2L14(+),NA,GRCh37,yes,unk,111520,99756,0,66,-1,64,-1,10,ETV6 (NM_001987) rearrangement: c.464-2321:ETV6_chr12:g.12092716del,PRECISE,3to5,ETV6-intragenic,DELETION,72679,Note: The ETV6 rearrangement is a deletion of exons 5 - 8. Functional significance is undetermined.,SOMATIC,2120.0
UC0wMDI4OTg5LVQwMS1JTTY6YnJlYXN0X21za18yMDI1,UC0wMDI4OTg5OmJyZWFzdF9tc2tfMjAyNQ,breast_msk_2025_structural_variants,P-0028989-T01-IM6,P-0028989,breast_msk_2025,ETV6,NA,12,12014281,NA,NA,-1,Intron of ETV6(+):8Kb after exon 4,,,NA,11,11366394,NA,NA,-1,Intron of GALNT18(-):4Kb before exon 7,NA,GRCh37,NA,NA,0,0,0,142,-1,-1,-1,-1,ETV6 (NM_001987) rearrangement: t(11;12)(p15.3;p13.2)(chr11:g.11366394::chr12:g.12014281).,IMPPRECISE,3to5,Antisense Fusion,TRANSLOCATION,0,Note: The ETV6 rearrangement is a translocation which involves ETV6 exons 1 to 4. The functional significance is undetermined.,SOMATIC,2120.0
UC0wMDU0MzI1LVQwMi1JTTc6YnJlYXN0X21za18yMDI1,UC0wMDU0MzI1OmJyZWFzdF9tc2tfMjAyNQ,breast_msk_2025_structural_variants,P-0054325-T02-IM7,P-0054325,breast_msk_2025,ETV6,NA,12,12020037,NA,NA,-1,Intron of ETV6(+):2Kb before exon 5,,,NA,12,12092716,NA,NA,-1,IGR: 131Kb before BCL2L14(+),NA,GRCh37,yes,unk,84371,94559,0,49,-1,47,-1,10,ETV6 (NM_001987) rearrangement: c.464-2321:ETV6_chr12:g.12092716del,PRECISE,3to5,ETV6-intragenic,DELETION,72679,Note: The ETV6 rearrangement is a deletion of exons 5 - 8. Functional significance is undetermined.,SOMATIC,2120.0
UC0wMDMxNTYwLVQwMS1JTTY6YnJlYXN0X21za18yMDI1,UC0wMDMxNTYwOmJyZWFzdF9tc2tfMjAyNQ,breast_msk_2025_structural_variants,P-0031560-T01-IM6,P-0031560,breast_msk_2025,ETV6,NA,12,12016211,NA,NA,-1,Intron of ETV6(+):6Kb before exon 5,,,NA,12,12130883,NA,NA,-1,IGR: 93Kb before BCL2L14(+),NA,GRCh37,NA,NA,152607,137250,0,24,-1,-1,-1,-1,ETV6 (NM_001987) rearrangement: c.464-6147_chr12:g.12130883del,PRECISE,3to5,ETV6-intragenic,DELETION,114672,Note: The ETV6 rearrangement is a deletion that includes ETV6 exons 5-8. The functional significance is undetermined.,SOMATIC,2120.0
UC0wMDE2ODExLVQwMS1JTTY6YnJlYXN0X21za18yMDI1,UC0wMDE2ODExOmJyZWFzdF9tc2tfMjAyNQ,breast_msk_2025_structural_variants,P-0016811-T01-IM6,P-0016811,breast_msk_2025,ETV6,NA,12,12034450,NA,NA,-1,Intron of ETV6(+):3Kb before exon 6,,,NA,12,12146364,NA,NA,-1,IGR: 78Kb before BCL2L14(+),NA,GRCh37,NA,NA,26366,123655,0,7,-1,-1,-1,-1,ETV6 (NM_001987) rearrangement: c.1010-2929_chr12:g.12146364dup,PRECISE,5to3,ETV6-intragenic,DUPLICATION,111914,Note: The ETV6 rearrangement results in the duplication of exons 6-8. The functional significance is undetermined.,SOMATIC,2120.0
UC0wMDA5OTQ2LVQwMS1JTTU6YnJlYXN0X21za18yMDI1,UC0wMDA5OTQ2OmJyZWFzdF9tc2tfMjAyNQ,breast_msk_2025_structural_variants,P-0009946-T01-IM5,P-0009946,breast_msk_2025,ETV6,NA,12,12034181,NA,NA,-1,Intron of ETV6(+): 3Kb before exon 6,118426.0,BORCS5,NA,12,12610607,NA,NA,-1,Intron of LOH12CR1(+): 8Kb before exon 4,NA,GRCh37,yes,unk,24290,32565,0,13,-1,17,-1,26,LOH12CR1 (NM_058169) - ETV6 (NM_001987) rearrangement: c.361-7873:LOH12CR1_c.1010-3198:ETV6dup,PRECISE,5to3,Protein fusion: out of frame (LOH12CR1-ETV6),DUPLICATION,576426,Note: The LOH12CR1 - ETV6 rearrangement is a duplication which results in the fusion of LOJ12CR1 exons 1-3 with ETV6 exons 6-8. The functional significance is undetermined.,SOMATIC,2120.0
UC0wMDA4NjkxLVQwMS1JTTU6YnJlYXN0X21za18yMDI1,UC0wMDA4NjkxOmJyZWFzdF9tc2tfMjAyNQ,breast_msk_2025_structural_variants,P-0008691-T01-IM5,P-0008691,breast_msk_2025,ETV6,NA,12,12029665,NA,NA,-1,Intron of ETV6(+): 7Kb after exon 5,3709.0,ITPR2,NA,12,26940768,NA,NA,-1,Intron of ITPR2(-): 2Kb after exon 2,NA,GRCh37,NA,NA,162497,190114,0,24,-1,-1,-1,-1,ETV6 (NM_001987) - ITPR2 (NM_002223) rearrangement: c.1009+6762:ETV6_c.163+2322:ITPR2dup.,PRECISE,5to3,ETV6-ITPR2 Fusion,DUPLICATION,14911103,Note: The ETV6 (NM_001987) - ITPR2 (NM_002223) rearrangement is a duplication (14911103 bp) which includes ETV6 exons 6-8. The functional significance is undetermined.,SOMATIC,2120.0
UC0wMDM2MjY2LVQwMS1JTTY6YnJlYXN0X21za18yMDI1,UC0wMDM2MjY2OmJyZWFzdF9tc2tfMjAyNQ,breast_msk_2025_structural_variants,P-0036266-T01-IM6,P-0036266,breast_msk_2025,ETV6,NA,18,31639519,NA,NA,-1,Intron of NOL4(-):34Kb after exon 5,8715.0,NOL4,NA,12,12015004,NA,NA,-1,Intron of ETV6(+):7Kb before exon 5,NA,GRCh37,NA,NA,0,0,0,27,-1,-1,-1,-1,ETV6 (NM_001987) - NOL4 (NM_003787) rearrangement: t(12;18)(p13.2;q12.1)(chr12:g.12015004::chr18:g.:31639519),PRECISE,5to3,Antisense Fusion,TRANSLOCATION,0,Note: The ETV6 - NOL4 rearrangement is a translocation with breakpoints within ETV6 intron 4 and NLO4 intron 5. The functional significance is undetermined.,SOMATIC,2120.0
UC0wMDMzOTIxLVQwNC1JTTY6YnJlYXN0X21za18yMDI1,UC0wMDMzOTIxOmJyZWFzdF9tc2tfMjAyNQ,breast_msk_2025_structural_variants,P-0033921-T04-IM6,P-0033921,breast_msk_2025,ETV6,NA,15,88516534,NA,NA,-1,Intron of NTRK3(-):33Kb before exon 15,4916.0,NTRK3,NA,12,12031161,NA,NA,-1,Intron of ETV6(+):6Kb before exon 6,NA,GRCh37,yes,unk,0,0,0,100,-1,104,-1,10,ETV6 (NM_001987) - NTRK3 (NM_001012338) fusion: t(12;15)(p13.2;q25.3)(chr12:g.12031161::chr15:g.88516534),PRECISE,3to3,Protein Fusion: in frame  {ETV6:NTRK3},TRANSLOCATION,0,Note: The ETV6 - NTRK3 fusion involves ETV6 exons 1 - 5 and NTRK3 exons 15 - 20. The fusion is predicted to be in frame and includes the kinase domain of NTRK3.,SOMATIC,2120.0
UC0wMDMzOTIxLVQwMi1JTTY6YnJlYXN0X21za18yMDI1,UC0wMDMzOTIxOmJyZWFzdF9tc2tfMjAyNQ,breast_msk_2025_structural_variants,P-0033921-T02-IM6,P-0033921,breast_msk_2025,ETV6,NA,15,88516534,NA,NA,-1,Intron of NTRK3(-):33Kb before exon 15,4916.0,NTRK3,NA,12,12031161,NA,NA,-1,Intron of ETV6(+):6Kb before exon 6,NA,GRCh37,yes,unk,0,0,0,12,-1,15,-1,10,ETV6 (NM_001987) - NTRK3 (NM_001012338) fusion: t(12;15)(p13.2;q25.3)(chr12:g.12031161::chr15:g.88516534),PRECISE,3to3,Protein Fusion: in frame  {ETV6:NTRK3},TRANSLOCATION,0,Note: The ETV6-NTRK3 fusion involves ETV6 exons 1-5 with NTRK3 exons 15-20. The fusion is predicted to be in-frame and includes the protein kinase domain of NTRK3.,SOMATIC,2120.0
UC0wMDI1NTA3LVQwMS1JTTY6YnJlYXN0X21za18yMDI1,UC0wMDI1NTA3OmJyZWFzdF9tc2tfMjAyNQ,breast_msk_2025_structural_variants,P-0025507-T01-IM6,P-0025507,breast_msk_2025,ETV6,NA,15,88544573,NA,NA,-1,Intron of NTRK3(-):32Kb after exon 14,4916.0,NTRK3,NA,12,12024078,NA,NA,-1,Intron of ETV6(+):1Kb after exon 5,NA,GRCh37,NA,NA,0,0,0,29,-1,-1,-1,-1,ETV6 (NM_001987) - NTRK3 (NM_001012338) fusion (ETV6 exons 1-5 with NTRK3 exons 15-20) :  t(12;15)(p13.2;q25.3)(chr12:g.12024078::chr15:g.88544573),PRECISE,3to3,Protein Fusion: in frame  {ETV6:NTRK3},TRANSLOCATION,0,Note: The ETV6-NTRK3 fusion is predicted to be in-frame and includes the kinase domain of NTRK3.,SOMATIC,2120.0
UC0wMDMzOTIxLVQwNS1JTTc6YnJlYXN0X21za18yMDI1,UC0wMDMzOTIxOmJyZWFzdF9tc2tfMjAyNQ,breast_msk_2025_structural_variants,P-0033921-T05-IM7,P-0033921,breast_msk_2025,ETV6,NA,15,88516534,NA,NA,-1,Intron of NTRK3(-):33Kb before exon 15,4916.0,NTRK3,NA,12,12031161,NA,NA,-1,Intron of ETV6(+):6Kb before exon 6,NA,GRCh37,yes,unk,0,0,0,62,-1,62,-1,10,ETV6 (NM_001987) - NTRK3 (NM_001012338) fusion: t(12;15)(p13.2;q25.3)(chr12:g.12031161::chr15:g.88516534),PRECISE,3to3,Protein Fusion: in frame  {ETV6:NTRK3},TRANSLOCATION,0,Note: The ETV6 - NTRK3 fusion involves ETV6 exons 1 - 5 and NTRK3 exons 15 - 20. The fusion is predicted to be in frame and includes the kinase domain of NTRK3.,SOMATIC,2120.0
UC0wMDI1NTA3LVQwMS1JTTY6YnJlYXN0X21za18yMDI1,UC0wMDI1NTA3OmJyZWFzdF9tc2tfMjAyNQ,breast_msk_2025_structural_variants,P-0025507-T01-IM6,P-0025507,breast_msk_2025,ETV6,NA,NA,-1,NA,NA,-1,NA,4916.0,NTRK3,NA,NA,-1,NA,NA,-1,NA,NA,GRCh37,yes,unk,-1,-1,-1,-1,-1,-1,-1,-1,POSITIVE FOR THE FOLLOWING GENE FUSION IN THE CLINICALLY VALIDATED PANEL: ETV6-NTRK3 fusion. Note: The rearrangement is an in-frame fusion between genes ETV6 Exon5 (NM_001987) and NTRK3 Exon15 (NM_002530).,NA,NA,ETV6-NTRK3 Fusion - Archer,NA,-1,Lab Notes Run Number: ArcherV2-CLIN-20170133 Macro-dissection: Unknown,SOMATIC,2120.0
UC0wMDA0NjgxLVQwMS1JTTU6YnJlYXN0X21za18yMDI1,UC0wMDA0NjgxOmJyZWFzdF9tc2tfMjAyNQ,breast_msk_2025_structural_variants,P-0004681-T01-IM5,P-0004681,breast_msk_2025,EWSR1,NA,22,29689443,NA,NA,-1,Intron of EWSR1(+): 848bp after exon 10,,,NA,22,29715368,NA,NA,-1,IGR: 6Kb before RASL10A(-),NA,GRCh37,NA,NA,12365,13331,0,9,-1,-1,-1,-1,EWSR1 (NM_013986) rearrangement : c.1179+848:EWSR1_chr22:g.29715368del,PRECISE,3to5,EWSR1-intragenic,DELETION,25925,Note: The EWSR1 (NM_013986) rearrangement event results in the deletion of EWSR1 exons 13-18.,SOMATIC,2130.0
UC0wMDE0OTc2LVQwMS1JTTY6YnJlYXN0X21za18yMDI1,UC0wMDE0OTc2OmJyZWFzdF9tc2tfMjAyNQ,breast_msk_2025_structural_variants,P-0014976-T01-IM6,P-0014976,breast_msk_2025,EWSR1,NA,22,27475510,NA,NA,-1,IGR: 422Kb before MIAT(+),,,NA,22,29689313,NA,NA,-1,Intron of EWSR1(+): 718bp after exon 10,NA,GRCh37,NA,NA,65840,71322,0,26,-1,-1,-1,-1,EWSR1 (NM_013986) Rearrangement : c.945+718:EWSR1_chr22:27475510del,PRECISE,3to5,EWSR1-intragenic,DELETION,2213803,Note: The EWSR1 Rearrangement results in the deletion of exons 1-12 of EWSR1. This event was detected in the background of other rearrangements involving EWSR1 which may suggest a more complex rearrangement event that may not be fully characterized by IMP,SOMATIC,2130.0
UC0wMDMzMDk2LVQwMS1JTTY6YnJlYXN0X21za18yMDI1,UC0wMDMzMDk2OmJyZWFzdF9tc2tfMjAyNQ,breast_msk_2025_structural_variants,P-0033096-T01-IM6,P-0033096,breast_msk_2025,EWSR1,NA,22,29689115,NA,NA,-1,Intron of EWSR1(+):520bp after exon 12,,,NA,22,29718362,NA,NA,-1,IGR: 5Kb before AP1B1(-),NA,GRCh37,NA,NA,22511,23584,0,19,-1,-1,-1,-1,EWSR1 (NM_013986) rearrangement: c.945+520_chr22:g.29718362del,PRECISE,3to5,EWSR1-intragenic,DELETION,29247,Note: The EWSR1 rearrangement is a deletion that includes EWSR1 exons 13-18.  The functional significance is undetermined.,SOMATIC,2130.0
UC0wMDI0MjA2LVQwMS1JTTY6YnJlYXN0X21za18yMDI1,UC0wMDI0MjA2OmJyZWFzdF9tc2tfMjAyNQ,breast_msk_2025_structural_variants,P-0024206-T01-IM6,P-0024206,breast_msk_2025,EXOC4,NA,7,132951665,NA,NA,-1,Intron of EXOC4(+):8Kb before exon 2,673.0,BRAF,NA,7,140487956,NA,NA,-1,Intron of BRAF(-):572bp before exon 9,NA,GRCh37,yes,unk,70391,79924,0,9,-1,9,-1,10,EXOC4 (NM_021807) - BRAF (NM_004333) rearrangement: c.87-8072:EXOC4_c.1141-572:BRAFinv,PRECISE,3to3,Protein Fusion: out of frame  {EXOC4:BRAF},INVERSION,7536291,Note: The EXOC4 - BRAF rearrangement is an inversion that results in the fusion of EXOC4 exon 1 with BRAF exon 9-18 and includes the kinase domain of BRAF. The functional significance is undetermined.,SOMATIC,60412.0
UC0wMDE3NTQyLVQwMS1JTTU6YnJlYXN0X21za18yMDI1,UC0wMDE3NTQyOmJyZWFzdF9tc2tfMjAyNQ,breast_msk_2025_structural_variants,P-0017542-T01-IM5,P-0017542,breast_msk_2025,EXOSC10,NA,1,11154214,NA,NA,-1,Intron of EXOSC10(-):2Kb after exon 3,2475.0,MTOR,NA,1,11187119,NA,NA,-1,Exon 45 of MTOR(-),NA,GRCh37,yes,unk,17085,29912,0,14,-1,13,-1,10,EXOSC10 (NM_001001998) - MTOR (NM_004958) rearrangement: c.372+1601: EXOSC10_c.6299:MTORdup,PRECISE,5to3,Protein Fusion: mid-exon  {EXOSC10:MTOR},DUPLICATION,32905,Note: The EXOSC10 - MTOR rearrangement is a duplication that results in the fusion of EXOSC10 exons 1-3 with MTOR exons 45-58. One of the breakpoints is within MTOR exon 45. The functional significance is undetermined.,SOMATIC,5394.0
UC0wMDU3MjI5LVQwMS1JTTY6YnJlYXN0X21za18yMDI1,UC0wMDU3MjI5OmJyZWFzdF9tc2tfMjAyNQ,breast_msk_2025_structural_variants,P-0057229-T01-IM6,P-0057229,breast_msk_2025,EZH2,NA,7,148507450,NA,NA,-1,Exon 17 of EZH2(-),,,NA,7,148547352,NA,NA,-1,5-UTR of EZH2(-):43Kb before coding start,NA,GRCh37,yes,unk,13536,18796,0,6,-1,6,-1,10,EZH2 (NM_004456) rearrangement: c.2004:EZH2_chr7:g.148547352del,PRECISE,3to5,Deletion within transcript : mid-exon,DELETION,39902,Note: The EZH2 rearrangement is a deletion of exons 1 - 17. One of the breakpoints is within exon 17.,SOMATIC,2146.0
UC0wMDI3MDg2LVQwMS1JTTY6YnJlYXN0X21za18yMDI1,UC0wMDI3MDg2OmJyZWFzdF9tc2tfMjAyNQ,breast_msk_2025_structural_variants,P-0027086-T01-IM6,P-0027086,breast_msk_2025,EZH2,NA,7,148458308,NA,NA,-1,Intron of CUL1(+):720bp after exon 7,,,NA,7,148544286,NA,NA,-1,Exon 2 of EZH2(-),NA,GRCh37,NA,NA,14113,19233,0,5,-1,-1,-1,-1,EZH2 (NM_004456) rearrangement: c.105:EZH2_chr7:g.148458308del,PRECISE,3to5,Antisense Fusion,DELETION,85978,Note: The EZH2 rearrangement results in the deletion of exons 2-20. One of the breakpoints is within exon 2. Its functional significance is undetermined.,SOMATIC,2146.0
UC0wMDYwMTc0LVQwMi1JTTc6YnJlYXN0X21za18yMDI1,UC0wMDYwMTc0OmJyZWFzdF9tc2tfMjAyNQ,breast_msk_2025_structural_variants,P-0060174-T02-IM7,P-0060174,breast_msk_2025,EZH2,NA,7,148407086,NA,NA,-1,5-UTR of CUL1(+):20Kb before coding start,,,NA,7,148544185,NA,NA,-1,Intron of EZH2(-):88bp after exon 2,NA,GRCh37,NA,NA,26261,17752,0,4,-1,-1,-1,-1,EZH2 (NM_004456) rearrangement: c.117+89:EZH2_chr7:g.148407086del,PRECISE,3to5,Antisense Fusion,DELETION,137099,Note: The EZH2 rearrangement is a deletion of exons 3 - 20.,SOMATIC,2146.0
UC0wMDE1MDg0LVQwMS1JTTY6YnJlYXN0X21za18yMDI1,UC0wMDE1MDg0OmJyZWFzdF9tc2tfMjAyNQ,breast_msk_2025_structural_variants,P-0015084-T01-IM6,P-0015084,breast_msk_2025,FAIM2,NA,12,50293887,NA,NA,-1,Intron of FAIM2(-): 1Kb after exon 2,6602.0,SMARCD1,NA,12,50479828,NA,NA,-1,Intron of SMARCD1(+): 116bp before exon 2,NA,GRCh37,NA,NA,4064,3795,0,5,-1,-1,-1,-1,FAIM2 (NM_012306) - SMARCD1 (NM_003076) rearrangement: c.211+1026:FAIM2_c.178-116:SMARCD1inv,PRECISE,5to5,Protein fusion: out of frame (FAIM2-SMARCD1),INVERSION,185941,Note: The FAIM2 - SMARCD1 rearrangement is an inversion which results in the fusion of FAIM2 exon2 to SMARCD1 exon2. The functional significance is undetermined.,SOMATIC,23017.0
UC0wMDMzOTM5LVQwMS1JTTY6YnJlYXN0X21za18yMDI1,UC0wMDMzOTM5OmJyZWFzdF9tc2tfMjAyNQ,breast_msk_2025_structural_variants,P-0033939-T01-IM6,P-0033939,breast_msk_2025,FAM135B,NA,8,139223221,NA,NA,-1,Intron of FAM135B(-):13Kb before exon 8,9401.0,RECQL4,NA,8,145738161,NA,NA,-1,Intron of RECQL4(-):7bp before exon 17,NA,GRCh37,yes,unk,49253,150089,0,64,-1,57,-1,10,FAM135B (NM_015912) - RECQL4 (NM_004260) rearrangement: c.670-13309:FAM135B_c.2757-7:RECQL4,PRECISE,5to3,Protein Fusion: out of frame  {FAM135B:RECQL4},DUPLICATION,6514940,"Note: The FAM135B - RECQL4 rearrangement is a duplication that results in the fusion of FAM135B exons 1-7 with RECQL4 exons 17-22. Multiple RECQL4 rearrangements were detected in this sample, and a more complex rearrangement is possible. Additional testin",SOMATIC,51059.0
UC0wMDM3MDg4LVQwMS1JTTY6YnJlYXN0X21za18yMDI1,UC0wMDM3MDg4OmJyZWFzdF9tc2tfMjAyNQ,breast_msk_2025_structural_variants,P-0037088-T01-IM6,P-0037088,breast_msk_2025,FAM83B,NA,6,32187450,NA,NA,-1,Exon 8 of NOTCH4(-),4855.0,NOTCH4,NA,6,54754439,NA,NA,-1,Intron of FAM83B(+):19Kb after exon 2,NA,GRCh37,yes,unk,108680,171600,0,5,-1,5,-1,0,FAM83B (NM_001010872) -NOTCH4(NM_004557) Rearrangement : c.444+18951:FAM83B_c.1429:NOTCH4inv,IMPPRECISE,3to3,Protein Fusion: mid-exon  {FAM83B:NOTCH4},INVERSION,22566989,Note: The FAM83B- NOTCH4 Rearrangement results in the fusion of exons of FAM83B with exons of NOTCH4. The breakpoint in NOTCH4 is within exon8. Its functional significance is undetermined.,SOMATIC,222584.0
UC0wMDIwMDA4LVQwMi1JTTY6YnJlYXN0X21za18yMDI1,UC0wMDIwMDA4OmJyZWFzdF9tc2tfMjAyNQ,breast_msk_2025_structural_variants,P-0020008-T02-IM6,P-0020008,breast_msk_2025,FANCA,NA,16,89874616,NA,NA,-1,Intron of FANCA(-):85bp after exon 6,,,NA,11,70388851,NA,NA,-1,Intron of SHANK2(-):40Kb before exon 3,NA,GRCh37,NA,NA,0,0,0,15,-1,-1,-1,-1,"FANCA (NM_000135) rearrangement: t(11,16)(q13.3,q24.3)(chr11:g.70388851::chr16:g.89874616)",PRECISE,5to3,Protein Fusion: out of frame  {FANCA:SHANK2},TRANSLOCATION,0,Note: The FANCA rearrangement is a translocation which forms a fusion of FANCA exons 1-6 with SHANK2 exons 3-23. Its significance is undetermined.,SOMATIC,2175.0
UC0wMDMwMDI3LVQwMS1JTTY6YnJlYXN0X21za18yMDI1,UC0wMDMwMDI3OmJyZWFzdF9tc2tfMjAyNQ,breast_msk_2025_structural_variants,P-0030027-T01-IM6,P-0030027,breast_msk_2025,FANCC,NA,9,97863937,NA,NA,-1,3-UTR of FANCC(-):51bp after coding stop,,,NA,9,97903379,NA,NA,-1,Intron of FANCC(-):6Kb before exon 8,NA,GRCh37,NA,NA,11215,15457,0,38,-1,-1,-1,-1,FANCC (NM_000136) Rearrangement: c.*52_c.687-5595del,PRECISE,5to3,FANCC-intragenic,DUPLICATION,39442,Note: The FANCC rearrangement is an intragenic duplication of exons 8 to 15. The functional significance is undetermined.,SOMATIC,2176.0
UC0wMDAwNjkwLVQwMy1JTTU6YnJlYXN0X21za18yMDI1,UC0wMDAwNjkwOmJyZWFzdF9tc2tfMjAyNQ,breast_msk_2025_structural_variants,P-0000690-T03-IM5,P-0000690,breast_msk_2025,FAT1,NA,4,75641997,NA,NA,-1,IGR: 29Kb before BTC(-),,,NA,4,187542857,NA,NA,-1,Exon 10 of FAT1(-),NA,GRCh37,NA,NA,308375,261620,0,22,-1,-1,-1,-1,FAT1 (NM_005245) rearrangement: chr4:g.75641997_c.4883:FAT1inv,PRECISE,5to5,FAT1-intragenic,INVERSION,111900860,Note: The FAT1 (NM_005245) rearrangement event results in the inversion of FAT1 exons 10-27. One of the breakpoints is within exon10.,SOMATIC,2195.0
UC0wMDIyMzA2LVQwMi1JTTY6YnJlYXN0X21za18yMDI1,UC0wMDIyMzA2OmJyZWFzdF9tc2tfMjAyNQ,breast_msk_2025_structural_variants,P-0022306-T02-IM6,P-0022306,breast_msk_2025,FAT1,NA,4,187555378,NA,NA,-1,Intron of FAT1(-):401bp before exon 7,,,NA,4,187557342,NA,NA,-1,Exon 6 of FAT1(-),NA,GRCh37,yes,unk,1634,258,0,56,-1,53,-1,10,FAT1 (NM_005245) rearrangement: c.4020_c.4184-401del,PRECISE,3to5,Deletion within transcript : mid-exon,DELETION,1964,Note : The FAT1 rearrangement results in the intragenic deletion of exon 6. One of the breakpoints is within exon6. The functional significance is undetermined.,SOMATIC,2195.0
UC0wMDE2MjE1LVQwMi1JTTY6YnJlYXN0X21za18yMDI1,UC0wMDE2MjE1OmJyZWFzdF9tc2tfMjAyNQ,breast_msk_2025_structural_variants,P-0016215-T02-IM6,P-0016215,breast_msk_2025,FAT1,NA,4,187625010,NA,NA,-1,Intron of FAT1(-):3Kb after exon 2,,,NA,4,187630508,NA,NA,-1,Exon 2 of FAT1(-),NA,GRCh37,yes,unk,17628,34982,0,7,-1,7,-1,10,FAT1 (NM_005245) rearrangement: c.3265+2707_c.474del,PRECISE,3to5,Deletion within transcript : mid-exon,DELETION,5498,Note: The FAT1 rearrangement results in the intragenic deletion of exon 2. One of the breakpoints is within exon 2. The functional significance is undetermined.,SOMATIC,2195.0
UC0wMDI2MjcyLVQwMS1JTTY6YnJlYXN0X21za18yMDI1,UC0wMDI2MjcyOmJyZWFzdF9tc2tfMjAyNQ,breast_msk_2025_structural_variants,P-0026272-T01-IM6,P-0026272,breast_msk_2025,FAT1,NA,4,187525022,NA,NA,-1,Exon 19 of FAT1(-),,,NA,4,187636565,NA,NA,-1,5-UTR of FAT1(-):127Kb before coding start,NA,GRCh37,yes,unk,65983,28396,0,10,-1,10,-1,10,FAT1 (NM_005245) rearrangement: c.10658:FAT1_chr4:g.187636565inv,PRECISE,3to3,FAT1-intragenic,INVERSION,111543,"Note: The FAT1 rearrangement is an inversion with breakpoints in exon19 and the 5UTR region. This structural variant was observed in addition to another rearrangement involving FAT1, suggesting a complex event that may not be detected by the IMPACT assay.",SOMATIC,2195.0
UC0wMDIyMzA2LVQwMS1JTTY6YnJlYXN0X21za18yMDI1,UC0wMDIyMzA2OmJyZWFzdF9tc2tfMjAyNQ,breast_msk_2025_structural_variants,P-0022306-T01-IM6,P-0022306,breast_msk_2025,FAT1,NA,4,187555378,NA,NA,-1,Intron of FAT1(-):401bp before exon 7,,,NA,4,187557342,NA,NA,-1,Exon 6 of FAT1(-),NA,GRCh37,yes,unk,1312,423,0,17,-1,17,-1,10,FAT1 (NM_005245) Rearrangement: c.4020_c.4184-401del,PRECISE,3to5,Deletion within transcript : mid-exon,DELETION,1964,Note : The FAT1 Rearrangement results in the intragenic deletion of exon6. One of the breakpoints is within exon6. Its functional significance is undetermined.,SOMATIC,2195.0
UC0wMDQ4ODkyLVQwMS1JTTY6YnJlYXN0X21za18yMDI1,UC0wMDQ4ODkyOmJyZWFzdF9tc2tfMjAyNQ,breast_msk_2025_structural_variants,P-0048892-T01-IM6,P-0048892,breast_msk_2025,FBXL20,NA,17,37532418,NA,NA,-1,Intron of FBXL20(-):25Kb after exon 1,51755.0,CDK12,NA,17,37682432,NA,NA,-1,Exon 13 of CDK12(+),NA,GRCh37,yes,unk,28857,298909,0,23,-1,16,-1,10,FBXL20 (NM_032875) - CDK12 (NM_016507) rearrangement: c.42+25196:FBXL20_c.3623:CDK12inv,PRECISE,5to5,Protein Fusion: mid-exon  {FBXL20:CDK12},INVERSION,150014,Note: The FBXL20 - CDK12 rearrangement is an inversion that results in a fusion of FBXL20 exon 1 to CDK12 exons 13 - 14. One of the breakpoints is within CDK12 exon 13.,SOMATIC,84961.0
UC0wMDQ4NzExLVQwMS1JTTY6YnJlYXN0X21za18yMDI1,UC0wMDQ4NzExOmJyZWFzdF9tc2tfMjAyNQ,breast_msk_2025_structural_variants,P-0048711-T01-IM6,P-0048711,breast_msk_2025,FGF19,NA,11,68572320,NA,NA,-1,Intron of CPT1A(-):751bp before exon 5,1374.0,CPT1A,NA,11,69518465,NA,NA,-1,Exon 1 of FGF19(-),NA,GRCh37,yes,unk,19272,25188,0,9,-1,9,-1,10,FGF19 (NM_005117) - CPT1A (NM_001876) rearrangement: c.180:FGF19_c.454-751:CPT1Adel,PRECISE,3to5,Protein Fusion: mid-exon  {FGF19:CPT1A},DELETION,946145,Note: The FGF19 - CPT1A rearrangement is a deletion that results in a fusion of FGF19 exon 1 to CPT1A exons 5 - 19. One of the breakpoints is within FGF19 exon 1. Functional significance is undetermined.,SOMATIC,9965.0
UC0wMDQ4NzExLVQwMi1JTTY6YnJlYXN0X21za18yMDI1,UC0wMDQ4NzExOmJyZWFzdF9tc2tfMjAyNQ,breast_msk_2025_structural_variants,P-0048711-T02-IM6,P-0048711,breast_msk_2025,FGF19,NA,11,68572320,NA,NA,-1,Intron of CPT1A(-):751bp before exon 5,1374.0,CPT1A,NA,11,69518465,NA,NA,-1,Exon 1 of FGF19(-),NA,GRCh37,yes,unk,20709,73064,0,158,-1,100,-1,10,FGF19 (NM_005117) - CPT1A (NM_001876) rearrangement: c.180:FGF19_c.454-751:CPT1Adel,PRECISE,3to5,Protein Fusion: mid-exon  {FGF19:CPT1A},DELETION,946145,Note: The FGF19 - CPT1A rearrangement is a deletion that results in a fusion of FGF19 exon 1 to CPT1A exons 5 - 19. One of the breakpoints is within FGF19 exon 1. Functional significance is undetermined.,SOMATIC,9965.0
UC0wMDMwMDAxLVQwMi1JTTY6YnJlYXN0X21za18yMDI1,UC0wMDMwMDAxOmJyZWFzdF9tc2tfMjAyNQ,breast_msk_2025_structural_variants,P-0030001-T02-IM6,P-0030001,breast_msk_2025,FGF19,NA,11,69483088,NA,NA,-1,Intron of ORAOV1(-):308bp before exon 4,220064.0,LTO1,NA,11,69515809,NA,NA,-1,Intron of FGF19(-):1Kb before exon 3,NA,GRCh37,yes,unk,5183,5982,0,8,-1,8,-1,10,FGF19 (NM_005117) - ORAOV1 (NM_153451) rearrangement: c.337-1465:FGF19_c.228-308:ORAOV1del,PRECISE,3to5,Protein Fusion: out of frame  {FGF19:ORAOV1},DELETION,32721,Note: The FGF19 - ORAOV1 rearrangement is a deletion that results in the fusion of FGF19 exons 1-2 with ORAOV1 exons 4-5.The functional significance is undetermined.,SOMATIC,9965.0
UC0wMDA4NjkxLVQwMS1JTTU6YnJlYXN0X21za18yMDI1,UC0wMDA4NjkxOmJyZWFzdF9tc2tfMjAyNQ,breast_msk_2025_structural_variants,P-0008691-T01-IM5,P-0008691,breast_msk_2025,FGFR1,NA,8,38285753,NA,NA,-1,Intron of FGFR1(-): 111bp after exon 3,,,NA,8,38294936,NA,NA,-1,Intron of FGFR1(-): 3Kb after exon 3,NA,GRCh37,NA,NA,6794,7597,0,246,-1,-1,-1,-1,FGFR1 (NM_001174067) rearrangement: c.191-7470_c.541+117inv,PRECISE,5to5,Antisense fusion,INVERSION,9183,Note: The FGFR1 (NM_001174067) rearrangement is an inversion (9183 bp) of exons 4-5. The functional significance is undetermined.,SOMATIC,2260.0
UC0wMDI1MzkwLVQwMS1JTTY6YnJlYXN0X21za18yMDI1,UC0wMDI1MzkwOmJyZWFzdF9tc2tfMjAyNQ,breast_msk_2025_structural_variants,P-0025390-T01-IM6,P-0025390,breast_msk_2025,FGFR1,NA,8,38201702,NA,NA,-1,Intron of WHSC1L1(-):3Kb after exon 2,54904.0,NSD3,NA,8,38274750,NA,NA,-1,Intron of FGFR1(-):73bp after exon 13,NA,GRCh37,NA,NA,15563,144027,0,5,-1,-1,-1,-1,FGFR1 (NM_001174067) - WHSC1L1 (NM_023034) rearrangement: c.1756+74:FGFR1_c.675+3313:WHSC1L1del,IMPPRECISE,3to5,Protein Fusion: out of frame  {FGFR1:WHSC1L1},DELETION,73048,"Note: The FGFR1 - WHSC1L1 rearrangement is a deletion that results in the fusion of FGFR1 exons 1-13 with WHSC1L1 exons 3-24. The fusion only includes a part of the kinase domain, and the functional significance is undetermined. This sample has been nomin",SOMATIC,2260.0
UC0wMDA0Mjg2LVQwMS1JTTU6YnJlYXN0X21za18yMDI1,UC0wMDA0Mjg2OmJyZWFzdF9tc2tfMjAyNQ,breast_msk_2025_structural_variants,P-0004286-T01-IM5,P-0004286,breast_msk_2025,FGFR2,NA,10,123240290,NA,NA,-1,Intron of FGFR2(-): 755bp before exon 18,,,NA,10,123264091,NA,NA,-1,Intron of FGFR2(-): 636bp before exon 9,NA,GRCh37,yes,unk,36950,76012,0,242,-1,102,-1,108,FGFR2 (NM_000141) rearrangement : c.1288-636_2302-755inv,PRECISE,5to5,Antisense fusion,INVERSION,23801,Note: The FGFR2 (NM_000141) rearrangement event results in the intragenic inversion of FGFR2 exons 10-17. This rearrangement event includes the FGFR2 kinase domain.,SOMATIC,2263.0
UC0wMDA0ODA4LVQwMS1JTTU6YnJlYXN0X21za18yMDI1,UC0wMDA0ODA4OmJyZWFzdF9tc2tfMjAyNQ,breast_msk_2025_structural_variants,P-0004808-T01-IM5,P-0004808,breast_msk_2025,FGFR2,NA,10,123242018,NA,NA,-1,Intron of FGFR2(-): 327bp before exon 17,,,NA,7,93694043,NA,NA,-1,IGR: 60Kb after BET1(-),NA,GRCh37,NA,NA,0,0,0,23,-1,-1,-1,-1,FGFR2 (NM_000141) rearrangement: t(10;7)(q26.13;q21.3)(chr10:g.123242018::chr7:g.93694043),PRECISE,5to5,FGFR2-intragenic,TRANSLOCATION,0,The FGFR2 (NM_000141) rearrangement is a translocation which results in the truncation of FGFR2  exons 17-18. The functional significance is undetermined.,SOMATIC,2263.0
UC0wMDE4Nzg1LVQwMS1JTTY6YnJlYXN0X21za18yMDI1,UC0wMDE4Nzg1OmJyZWFzdF9tc2tfMjAyNQ,breast_msk_2025_structural_variants,P-0018785-T01-IM6,P-0018785,breast_msk_2025,FGFR2,NA,17,21369673,NA,NA,-1,IGR: 61Kb before KCNJ18(+),,,NA,10,123240775,NA,NA,-1,Intron of FGFR2(-):1Kb before exon 18,NA,GRCh37,NA,NA,0,0,0,260,-1,-1,-1,-1,FGFR2 (NM_000141) rearrangement: t(10;17)(q26.13;p11.2)(chr10:g.123240775::chr17:g.21369673),PRECISE,3to5,FGFR2-intragenic,TRANSLOCATION,0,Note: The FGFR2 rearrangement is a translocation that may result in the truncation of exon 18. The functional significance is undetermined.,SOMATIC,2263.0
UC0wMDE4ODY5LVQwMy1JTTY6YnJlYXN0X21za18yMDI1,UC0wMDE4ODY5OmJyZWFzdF9tc2tfMjAyNQ,breast_msk_2025_structural_variants,P-0018869-T03-IM6,P-0018869,breast_msk_2025,FGFR2,NA,10,116263881,NA,NA,-1,Intron of ABLIM1(-):12Kb before exon 7,3983.0,ABLIM1,NA,10,123242601,NA,NA,-1,Intron of FGFR2(-):610bp after exon 17,NA,GRCh37,yes,unk,20534,24297,0,8,-1,8,-1,0,FGFR2 (NM_000141) - ABLIM1 (NM_002313) fusion: c.2301+611:FGFR2_c.895-12244:ABLIM1del,IMPPRECISE,3to5,Protein Fusion: in frame  {FGFR2:ABLIM1},DELETION,6978720,"Note: The FGFR2 - ABLIM1 fusion involves FGFR2 exons 1 - 17 and ABLIM1 exons 7 - 22. The fusion is predicted to be in frame and includes the kinase domain of FGFR2. The functional significance is unknown. If additional material is available, RNAseq by the",SOMATIC,2263.0
UC0wMDIxODI2LVQwMS1JTTY6YnJlYXN0X21za18yMDI1,UC0wMDIxODI2OmJyZWFzdF9tc2tfMjAyNQ,breast_msk_2025_structural_variants,P-0021826-T01-IM6,P-0021826,breast_msk_2025,FGFR2,NA,16,89538175,NA,NA,-1,5-UTR of ANKRD11(-):203Kb before coding start,29123.0,ANKRD11,NA,10,123243799,NA,NA,-1,Intron of FGFR2(-):482bp before exon 17,NA,GRCh37,NA,NA,0,0,0,58,-1,-1,-1,-1,"FGFR2 (NM_000141) - ANKRD11 (NM_013275) rearrangement: t(10,16)(q26.13,q24.3)(chr10:g.123243799::chr16:g.89538175)",PRECISE,3to5,Transcript Fusion {FGFR2:ANKRD11},TRANSLOCATION,0,Note: The FGFR2 - ANKRD11 rearrangement is a translocation which results in the fusion of FGFR2 exons 1-16 with ANKRD11 exons 1-13. This includes the kinase domain of FGFR2. Its functional significance is undetermined.,SOMATIC,2263.0
UC0wMDQ0NzY4LVQwMS1JTTY6YnJlYXN0X21za18yMDI1,UC0wMDQ0NzY4OmJyZWFzdF9tc2tfMjAyNQ,breast_msk_2025_structural_variants,P-0044768-T01-IM6,P-0044768,breast_msk_2025,FGFR2,NA,NA,-1,NA,NA,-1,NA,56616.0,DIABLO,NA,NA,-1,NA,NA,-1,NA,NA,GRCh37,yes,unk,-1,-1,-1,-1,-1,-1,-1,-1,POSITIVE FOR GENE FUSIONS IN THE INVESTIGATIONAL PANEL: FGFR2-DIABLO fusion. Note: The rearrangement is an in-frame fusion between genes FGFR2 Exon17 (NM_022970) and DIABLO Exon4 (NM_019887).,NA,NA,FGFR2-DIABLO Fusion - Archer,NA,-1,Lab Notes Run Number: Archerv3-CLIN-20190140 Macro-dissection: Performed,SOMATIC,2263.0
UC0wMDQ0NzY4LVQwMS1JTTY6YnJlYXN0X21za18yMDI1,UC0wMDQ0NzY4OmJyZWFzdF9tc2tfMjAyNQ,breast_msk_2025_structural_variants,P-0044768-T01-IM6,P-0044768,breast_msk_2025,FGFR2,NA,12,122708063,NA,NA,-1,Intron of DIABLO(-):995bp after exon 3,56616.0,DIABLO,NA,10,123243152,NA,NA,-1,Intron of FGFR2(-):59bp after exon 17,NA,GRCh37,yes,unk,0,0,5,377,-1,334,-1,10,FGFR2 (NM_000141) - DIABLO (NM_019887) fusion: t(10;12)(q26.13;q24.31)(chr10:g.123243152::chr12:g.122708063),PRECISE,3to5,Protein Fusion: in frame  {FGFR2:DIABLO},TRANSLOCATION,0,Note: The FGFR2 - DIABLO fusion involves FGFR2 exons 1 - 17 and DIABLO exons 4 - 7. The fusion is predicted to be in frame and includes the kinase domain of FGFR2.,SOMATIC,2263.0
UC0wMDE1NDM3LVQwMS1JTTY6YnJlYXN0X21za18yMDI1,UC0wMDE1NDM3OmJyZWFzdF9tc2tfMjAyNQ,breast_msk_2025_structural_variants,P-0015437-T01-IM6,P-0015437,breast_msk_2025,FGFR2,NA,10,118448516,NA,NA,-1,Intron of HSPA12A(-): 3Kb after exon 6,259217.0,HSPA12A,NA,10,123242591,NA,NA,-1,Intron of FGFR2(-): 621bp after exon 16,NA,GRCh37,yes,unk,35167,36439,0,18,-1,18,-1,17,FGFR2 (NM_000141) - HSPA12A (NM_025015) rearrangement: c.2301+621:FGFR2_c.663+3346:HSPA12Adel,PRECISE,3to5,Protein fusion: in frame (FGFR2-HSPA12A),DELETION,4794075,Note: The FGFR2 - HSPA12A rearrangement is a deletion which results in the fusion of FGFR2 exon 17 - HSPA12A exon 7. The fusion is predicted to be in frame and includes the kinase domain of FGFR2.,SOMATIC,2263.0
UC0wMDEzMTQ4LVQwMS1JTTU6YnJlYXN0X21za18yMDI1,UC0wMDEzMTQ4OmJyZWFzdF9tc2tfMjAyNQ,breast_msk_2025_structural_variants,P-0013148-T01-IM5,P-0013148,breast_msk_2025,FGFR2,NA,10,123242755,NA,NA,-1,Intron of FGFR2(-): 457bp after exon 16,51422.0,PRKAG2,NA,7,151515373,NA,NA,-1,Intron of PRKAG2(-): 32Kb before exon 2,NA,GRCh37,yes,unk,0,0,0,14,-1,14,-1,9,FGFR2 (NM_000141) - PRKAG2 (NM_016203) Rearrangement : t(7;10)(7q36.1;10q26.13) (chr7:g.151515373::chr10:12324275),PRECISE,5to5,Antisense fusion,TRANSLOCATION,0,"Note: The FGFR2 (NM_000141) - PRKAG2 (NM_016203) Rearrangement is a translocation event that results in an antisense fusion of FGFR2 exons 1-17 with exons 1-2 of PRKAG2, potentially disabling the function of the FGFR2 gene. The functional significance is ",SOMATIC,2263.0
UC0wMDM0NTkwLVQwMS1JTTY6YnJlYXN0X21za18yMDI1,UC0wMDM0NTkwOmJyZWFzdF9tc2tfMjAyNQ,breast_msk_2025_structural_variants,P-0034590-T01-IM6,P-0034590,breast_msk_2025,FGFR2,NA,10,17392954,NA,NA,-1,Intron of ST8SIA6(-):9Kb after exon 4,338596.0,ST8SIA6,NA,10,123242595,NA,NA,-1,Intron of FGFR2(-):616bp after exon 17,NA,GRCh37,yes,unk,226710,149016,0,4,-1,4,-1,5,FGFR2 (NM_000141) - ST8SIA6(NM_001004470) rearrangement: c.2301+617:FGFR2_c.377+8559:ST8SIA6inv,PRECISE,5to5,Antisense Fusion,INVERSION,105849641,"Note: The FGFR2 - ST8SIA6 rearrangement is an inversion with breakpoints in FGFR2 intron 17 and ST8SIA6 intron 4. Further analysis using the Archer targeted RNA seq assay will be performed to help characterize this structural variant, if additional materi",SOMATIC,2263.0
UC0wMDIyMzM3LVQwMS1JTTY6YnJlYXN0X21za18yMDI1,UC0wMDIyMzM3OmJyZWFzdF9tc2tfMjAyNQ,breast_msk_2025_structural_variants,P-0022337-T01-IM6,P-0022337,breast_msk_2025,FGFR2,NA,13,75946348,NA,NA,-1,Intron of TBC1D4(-):10Kb before exon 2,9882.0,TBC1D4,NA,10,123241723,NA,NA,-1,Intron of FGFR2(-):1Kb after exon 17,NA,GRCh37,NA,NA,0,0,0,79,-1,-1,-1,-1,FGFR2 (NM_000141) - TBC1D4 (NM_014832) Rearrangement : t(10;13)(q26.13;q22.2)(chr10:g.123241723::chr13:g.75946348),PRECISE,3to5,Protein Fusion: in frame  {FGFR2:TBC1D4},TRANSLOCATION,0,Note: The FGFR2 - TBC1D4 Rearrangement  results in the fusion of FGFR2 exons 1-17 with TBC1D4 exon 2-24. It includes the protein kinase domain of FGFR2. This event occurs in the background of other complex events involving FGFR2.,SOMATIC,2263.0
UC0wMDIyMzM3LVQwMS1JTTY6YnJlYXN0X21za18yMDI1,UC0wMDIyMzM3OmJyZWFzdF9tc2tfMjAyNQ,breast_msk_2025_structural_variants,P-0022337-T01-IM6,P-0022337,breast_msk_2025,FGFR2,NA,NA,-1,NA,NA,-1,NA,9882.0,TBC1D4,NA,NA,-1,NA,NA,-1,NA,NA,GRCh37,yes,unk,-1,-1,-1,-1,-1,-1,-1,-1,POSITIVE FOR GENE FUSIONS IN THE INVESTIGATIONAL PANEL: FGFR2-TBC1D4 fusion. Note: The rearrangement is an in-frame fusion between genes FGFR2 Exon17 (NM_000141) and TBC1D4 Exon2 (NM_014832).,NA,NA,FGFR2-TBC1D4 Fusion - Archer,NA,-1,Lab Notes Run Number: ArcherV2-CLIN-20170083 Macro-dissection: Not Performed,SOMATIC,2263.0
UC0wMDIyMzM3LVQwNi1JTTY6YnJlYXN0X21za18yMDI1,UC0wMDIyMzM3OmJyZWFzdF9tc2tfMjAyNQ,breast_msk_2025_structural_variants,P-0022337-T06-IM6,P-0022337,breast_msk_2025,FGFR2,NA,13,75946350,NA,NA,-1,Intron of TBC1D4(-):10Kb before exon 2,9882.0,TBC1D4,NA,10,123241723,NA,NA,-1,Intron of FGFR2(-):1Kb after exon 17,NA,GRCh37,yes,unk,0,0,0,9,-1,9,-1,0,FGFR2 (NM_000141) - TBC1D4 (NM_014832) fusion: t(10;13)(q26.13;q22.2)(chr10:g.123241723::chr13:g.75946350),IMPPRECISE,3to5,Protein Fusion: in frame  {FGFR2:TBC1D4},TRANSLOCATION,0,Note: The FGFR2 - TBC1D4 fusion involves FGFR2 exons 1 - 17 and TBC1D4 exons 2 - 21. The fusion is predicted to be in frame and includes the kinase domain of FGFR2.,SOMATIC,2263.0
UC0wMDI5NzI2LVQwMS1JTTY6YnJlYXN0X21za18yMDI1,UC0wMDI5NzI2OmJyZWFzdF9tc2tfMjAyNQ,breast_msk_2025_structural_variants,P-0029726-T01-IM6,P-0029726,breast_msk_2025,FGFR2,NA,10,123240062,NA,NA,-1,Intron of FGFR2(-):527bp before exon 18,7342.0,UBP1,NA,3,33449450,NA,NA,-1,Intron of UBP1(-):731bp after exon 9,NA,GRCh37,yes,unk,0,0,0,56,-1,56,-1,10,FGFR2 (NM_000141) - UBP1 (NM_001128161) fusion: t(3;10)(p22.3;q26.13)(chr3:g.33449450::chr10:g.123240062),PRECISE,5to3,Protein Fusion: in frame  {FGFR2:UBP1},TRANSLOCATION,0,Note: The FGFR2 - UBP1 fusion involves FGFR2 exons 1-17 and UBP1 exons 10-17. The fusion is predicted to be in-frame and includes the kinase domain of FGFR2. This sample has been nominated for further analysis using the Archer targeted RNAseq assay to hel,SOMATIC,2263.0
UC0wMDEwNDY1LVQwMS1JTTU6YnJlYXN0X21za18yMDI1,UC0wMDEwNDY1OmJyZWFzdF9tc2tfMjAyNQ,breast_msk_2025_structural_variants,P-0010465-T01-IM5,P-0010465,breast_msk_2025,FGFR3,NA,4,1807917,NA,NA,-1,Intron of FGFR3(+): 17bp after exon 14,7468.0,NSD2,NA,4,1889613,NA,NA,-1,5-UTR of WHSC1(+): 13Kb before coding start,NA,GRCh37,NA,NA,8075,8034,0,22,-1,-1,-1,-1,FGFR3 (NM_000142) - WHSC1 (NM_001042424) rearrangement:c.1959+17:FGFR3_c.-29-12740:WHSC1del,PRECISE,3to5,Transcript fusion (FGFR3-WHSC1),DELETION,81696,Note: The FGFR3 - WHSC1 rearrangement is a deletion which results in the fusion of FGFR3 exons 1-14 with WHSC1 exons 1-22.  The fusion includes part of kinase domain of FGFR3.,SOMATIC,2261.0
UC0wMDI0OTkxLVQwMS1JTTY6YnJlYXN0X21za18yMDI1,UC0wMDI0OTkxOmJyZWFzdF9tc2tfMjAyNQ,breast_msk_2025_structural_variants,P-0024991-T01-IM6,P-0024991,breast_msk_2025,FGFR3,NA,4,1808963,NA,NA,-1,Exon 18 of FGFR3(+),6091.0,ROBO1,NA,3,78737098,NA,NA,-1,Intron of ROBO1(-):699bp after exon 9,NA,GRCh37,yes,unk,0,0,0,8,-1,8,-1,0,FGFR3 (NM_000142) - ROBO1 (NM_002941) fusion: t(3;4)(p12.3;p16.3)(chr3:g.78737098::chr4:g.1808963),IMPPRECISE,3to3,Protein Fusion: mid-exon  {FGFR3:ROBO1},TRANSLOCATION,0,Note: The FGFR3 - ROBO1 fusion involves FGFR3 exons 1 - 18 and ROBO1 exons 10 - 31. One of the breakpoints is within FGFR3 exon 18. The fusion includes the kinase domain of FGFR3.,SOMATIC,2261.0
UC0wMDA2NjYwLVQwMi1JTTY6YnJlYXN0X21za18yMDI1,UC0wMDA2NjYwOmJyZWFzdF9tc2tfMjAyNQ,breast_msk_2025_structural_variants,P-0006660-T02-IM6,P-0006660,breast_msk_2025,FGFR3,NA,NA,-1,NA,NA,-1,NA,10460.0,TACC3,NA,NA,-1,NA,NA,-1,NA,NA,GRCh37,yes,unk,-1,-1,-1,-1,-1,-1,-1,-1,POSITIVE FOR GENE FUSIONS IN THE INVESTIGATIONAL PANEL: FGFR3-TACC3 fusion. Note: The rearrangement is an in-frame fusion between genes FGFR3 Exon17 (NM_000142) and TACC3 Exon7 (NM_006342).,NA,NA,FGFR3-TACC3 Fusion - Archer,NA,-1,Lab Notes Run Number: Archerv3-CLIN-20190098 Macro-dissection: Not Performed,SOMATIC,2261.0
UC0wMDA2NjYwLVQwMi1JTTY6YnJlYXN0X21za18yMDI1,UC0wMDA2NjYwOmJyZWFzdF9tc2tfMjAyNQ,breast_msk_2025_structural_variants,P-0006660-T02-IM6,P-0006660,breast_msk_2025,FGFR3,NA,4,1734584,NA,NA,-1,Intron of TACC3(+):2Kb after exon 6,10460.0,TACC3,NA,4,1808678,NA,NA,-1,Intron of FGFR3(+):17bp after exon 17,NA,GRCh37,yes,unk,40670,49773,0,16,-1,16,-1,10,FGFR3 (NM_000142) - TACC3 (NM_006342) fusion: c.2274+17:FGFR3_c.1591+1556:TACC3dup,PRECISE,5to3,Protein Fusion: out of frame  {FGFR3:TACC3},DUPLICATION,74094,Note: The FGFR3 - TACC3 fusion involves FGFR3 exons 1 - 17 and TACC3 exons 7 - 16. The fusion includes the kinase domain of FGFR3. This sample has also been nominated for further analysis using the Archer targeted RNAseq assay. Assay will be performed if ,SOMATIC,2261.0
UC0wMDUwOTY0LVQwMS1JTTY6YnJlYXN0X21za18yMDI1,UC0wMDUwOTY0OmJyZWFzdF9tc2tfMjAyNQ,breast_msk_2025_structural_variants,P-0050964-T01-IM6,P-0050964,breast_msk_2025,FGFR3,NA,NA,-1,NA,NA,-1,NA,79155.0,TNIP2,NA,NA,-1,NA,NA,-1,NA,NA,GRCh37,yes,unk,-1,-1,-1,-1,-1,-1,-1,-1,POSITIVE FOR THE FOLLOWING GENE FUSION IN THE CLINICALLY VALIDATED PANEL: FGFR3-TNIP2 fusion. Note: The rearrangement is an in-frame fusion between genes FGFR3 Exon17 (NM_000142) and TNIP2 Exon2 (NM_024309).,NA,NA,FGFR3-TNIP2 Fusion - Archer,NA,-1,Lab Notes Run Number: ArcherV3-CLIN-20200019 Macro-dissection: Performed,SOMATIC,2261.0
UC0wMDMxNTYwLVQwNy1JTTY6YnJlYXN0X21za18yMDI1,UC0wMDMxNTYwOmJyZWFzdF9tc2tfMjAyNQ,breast_msk_2025_structural_variants,P-0031560-T07-IM6,P-0031560,breast_msk_2025,FGFR4,NA,5,176523632,NA,NA,-1,Exon 16 of FGFR4(+),64324.0,NSD1,NA,5,176568265,NA,NA,-1,Intron of NSD1(+):5Kb after exon 2,NA,GRCh37,yes,unk,13008,26271,0,54,-1,42,-1,0,FGFR4 (NM_213647) - NSD1 (NM_022455) rearrangement: c.2043:FGFR4_c.927+5234:NSD1inv,IMPPRECISE,5to5,NSD1-FGFR4 fusion,INVERSION,44633,Note: The FGFR4 - NSD1 rearrangement is an inversion of FGFR4 exons 16 - 18 and NSD1 exons 1 - 2. One of the breakpoints is within exon 16. The rearrangement includes a part of the kinase domain of FGFR4. Functional significance is undetermined.,SOMATIC,2264.0
UC0wMDMxNTYwLVQwNC1JTTY6YnJlYXN0X21za18yMDI1,UC0wMDMxNTYwOmJyZWFzdF9tc2tfMjAyNQ,breast_msk_2025_structural_variants,P-0031560-T04-IM6,P-0031560,breast_msk_2025,FGFR4,NA,5,176523632,NA,NA,-1,Exon 16 of FGFR4(+),64324.0,NSD1,NA,5,176568265,NA,NA,-1,Intron of NSD1(+):5Kb after exon 2,NA,GRCh37,NA,NA,8878,17049,0,18,-1,-1,-1,-1,FGFR4 (NM_213647) - NSD1 (NM_022455) rearrangement: c.2043:FGFR4_c.927+5234:NSD1inv,IMPPRECISE,5to5,FGFR4-NSD1 Fusion,INVERSION,44633,Note: The FGFR4 - NSD1 rearrangement is an inversion of FGFR4 exons 16 - 18 and NSD1 exons 1 - 2. One of the breakpoints is within exon 16. The rearrangement includes a part of the kinase domain of FGFR4. Functional significance is undetermined.,SOMATIC,2264.0
UC0wMDA1NzEyLVQwMS1JTTU6YnJlYXN0X21za18yMDI1,UC0wMDA1NzEyOmJyZWFzdF9tc2tfMjAyNQ,breast_msk_2025_structural_variants,P-0005712-T01-IM5,P-0005712,breast_msk_2025,FH,NA,1,241665729,NA,NA,-1,Intron of FH(-): 14bp after exon 8,,,NA,1,241672991,NA,NA,-1,Intron of FH(-): 906bp before exon 5,NA,GRCh37,yes,unk,7315,12373,0,70,-1,72,-1,67,FH (NM_000143) rearrangement: c.556-906_c.1236+14dup,PRECISE,5to3,Duplication of 4 exons: in frame,DUPLICATION,7262,The FH (NM_000143) rearrangement is an intragenic in frame duplication of FH exons 5-8. The functional significance is undetermined.,SOMATIC,2271.0
UC0wMDA2MDkwLVQwMS1JTTU6YnJlYXN0X21za18yMDI1,UC0wMDA2MDkwOmJyZWFzdF9tc2tfMjAyNQ,breast_msk_2025_structural_variants,P-0006090-T01-IM5,P-0006090,breast_msk_2025,FLT1,NA,13,28876853,NA,NA,-1,3-UTR of FLT1(-): 451bp after coding stop,,,NA,13,28885792,NA,NA,-1,Exon 27 of FLT1(-),NA,GRCh37,yes,unk,7313,3524,0,49,-1,52,-1,71,FLT1 (NM_002019)  Rearrangement :  c.3570_*451del,PRECISE,3to5,FLT1-intragenic,DELETION,8939,Note: The FLT1 (NM_002019)  rearrangement results in the intragenic deletion of exons 27 to 30 of FLT1. The breakpoint is within exon 27 . Its functional significance is unknown.,SOMATIC,2321.0
UC0wMDIyNDc1LVQwMS1JTTY6YnJlYXN0X21za18yMDI1,UC0wMDIyNDc1OmJyZWFzdF9tc2tfMjAyNQ,breast_msk_2025_structural_variants,P-0022475-T01-IM6,P-0022475,breast_msk_2025,FLT1,NA,17,44158690,NA,NA,-1,Intron of KANSL1(-):1Kb after exon 5,,,NA,13,28963950,NA,NA,-1,Exon 13 of FLT1(-),NA,GRCh37,NA,NA,0,0,0,14,-1,-1,-1,-1,FLT1 (NM_002019) rearrangement: t(13;17)(q12.3;q21.31)(chr13:g.28963950::chr17:g.44158690),PRECISE,3to3,FLT1-intragenic,TRANSLOCATION,0,Note: The FLT1 rearrangement is a translocation that may result in a truncation of exons 13-30. One of the breakpoints is within exon 13 and includes the kinase domain of FLT1. The functional significance is undetermined.,SOMATIC,2321.0
UC0wMDUwNzA3LVQwMi1JTTY6YnJlYXN0X21za18yMDI1,UC0wMDUwNzA3OmJyZWFzdF9tc2tfMjAyNQ,breast_msk_2025_structural_variants,P-0050707-T02-IM6,P-0050707,breast_msk_2025,FLT4,NA,8,60934688,NA,NA,-1,IGR: 167Kb before CA8(-),,,NA,5,180057397,NA,NA,-1,Intron of FLT4(-):60bp before exon 4,NA,GRCh37,yes,unk,0,0,0,33,-1,33,-1,10,FLT4 (NM_182925) rearrangement: t(5;8)(q35.3;q12.1)(chr5:g.180057397::chr8:g.60934688),PRECISE,5to3,FLT4-intragenic,TRANSLOCATION,0,Note: The FLT4 rearrangement is a translocation with a breakpoint in intron 3. Functional significance is undetermined. Multiple rearrangements involving FLT4 were detected in this sample and a more complex rearrangement resulting in a FLT4 fusion is poss,SOMATIC,2324.0
UC0wMDA5MTIyLVQwNS1JTTY6YnJlYXN0X21za18yMDI1,UC0wMDA5MTIyOmJyZWFzdF9tc2tfMjAyNQ,breast_msk_2025_structural_variants,P-0009122-T05-IM6,P-0009122,breast_msk_2025,FOXA1,NA,14,38058973,NA,NA,-1,3-UTR of FOXA1(-):2Kb after coding stop,,,NA,14,38060764,NA,NA,-1,Exon 2 of FOXA1(-),NA,GRCh37,yes,unk,2697,4244,0,3,-1,3,-1,5,FOXA1 (NM_004496) rearrangement: c.1225:FOXA1_chr14:g.38058973del,PRECISE,3to5,FOXA1-intragenic,DELETION,1791,Note: The FOXA1 rearrangement is a deletion of exon 2. One of the breakpoints is within exon 2.,SOMATIC,3169.0
UC0wMDE1MDg0LVQwMS1JTTY6YnJlYXN0X21za18yMDI1,UC0wMDE1MDg0OmJyZWFzdF9tc2tfMjAyNQ,breast_msk_2025_structural_variants,P-0015084-T01-IM6,P-0015084,breast_msk_2025,FOXA1,NA,14,38060908,NA,NA,-1,Exon 2 of FOXA1(-),,,NA,14,38565335,NA,NA,-1,IGR: 112Kb before SSTR1(+),NA,GRCh37,NA,NA,11278,6445,0,8,-1,-1,-1,-1,FOXA1 (NM_004496) rearrangement: c.1081_chr14:g.38565335del,PRECISE,3to5,FOXA1-intragenic,DELETION,504427,Note: The FOXA1 rearrangement is a deletion which includes exons 1-2 of FOXA1. One of the breakpoints is within exon2. The functional significance is undetermined.,SOMATIC,3169.0
UC0wMDI2ODUyLVQwMS1JTTY6YnJlYXN0X21za18yMDI1,UC0wMDI2ODUyOmJyZWFzdF9tc2tfMjAyNQ,breast_msk_2025_structural_variants,P-0026852-T01-IM6,P-0026852,breast_msk_2025,FOXA1,NA,14,38043674,NA,NA,-1,IGR: 15Kb before FOXA1(-),,,NA,14,38061908,NA,NA,-1,Exon 2 of FOXA1(-),NA,GRCh37,NA,NA,9271,13202,0,15,-1,-1,-1,-1,FOXA1 (NM_004496) rearrangement: c.81_chr14:g.38043674del,PRECISE,3to3,FOXA1-intragenic,INVERSION,18234,Note: The FOXA1 rearrangement is a deletion that includes FOXA1 exon 2. One of the breakpoints is within exon 2. The functional significance is undetermined.,SOMATIC,3169.0
UC0wMDE0MzY4LVQwMS1JTTY6YnJlYXN0X21za18yMDI1,UC0wMDE0MzY4OmJyZWFzdF9tc2tfMjAyNQ,breast_msk_2025_structural_variants,P-0014368-T01-IM6,P-0014368,breast_msk_2025,FOXA1,NA,14,38061057,NA,NA,-1,Exon 2 of FOXA1(-),,,NA,14,38567231,NA,NA,-1,IGR: 110Kb before SSTR1(+),NA,GRCh37,NA,NA,10841,8278,0,21,-1,-1,-1,-1,FOXA1 (NM_004496) rearrangement: c.932_chr14:g.38567231del,PRECISE,3to5,FOXA1-intragenic,DELETION,506174,Note: The FOXA1 rearrangement is a deletion which includes exons 1-2 of FOXA1. One of the breakpoints is within exon2. The functional significance is undetermined.,SOMATIC,3169.0
UC0wMDI3MjU2LVQwMi1JTTY6YnJlYXN0X21za18yMDI1,UC0wMDI3MjU2OmJyZWFzdF9tc2tfMjAyNQ,breast_msk_2025_structural_variants,P-0027256-T02-IM6,P-0027256,breast_msk_2025,FOXA1,NA,14,38061006,NA,NA,-1,Exon 2 of FOXA1(-),,,NA,8,126543709,NA,NA,-1,IGR: 99Kb before TRIB1(+),NA,GRCh37,yes,unk,0,0,0,125,-1,116,-1,10,FOXA1 (NM_004496) rearrangement: t(8;14)(q24.13;q21.1)(chr8:g.126543709::chr14:g.38061006),PRECISE,3to5,FOXA1-intragenic,TRANSLOCATION,0,Note: The FOXA1 rearrangement is a translocation with a breakpoint in exon 2. Functional significance is undetermined.,SOMATIC,3169.0
UC0wMDMzNDkyLVQwMS1JTTY6YnJlYXN0X21za18yMDI1,UC0wMDMzNDkyOmJyZWFzdF9tc2tfMjAyNQ,breast_msk_2025_structural_variants,P-0033492-T01-IM6,P-0033492,breast_msk_2025,FOXA1,NA,14,38061907,NA,NA,-1,Exon 2 of FOXA1(-),,,NA,14,38063921,NA,NA,-1,Intron of FOXA1(-):184bp after exon 1,NA,GRCh37,NA,NA,502,517,0,3,-1,-1,-1,-1,FOXA1 (NM_004496) rearrangement: c.72+185_c.82dup,PRECISE,5to3,Duplication within transcript : mid-exon,DUPLICATION,2014,Note: The FOXA1 rearrangement results in the duplication of exon 2. One of the breakpoints is within exon 2. The functional significance is undetermined.,SOMATIC,3169.0
UC0wMDI3MjU2LVQwMy1JTTc6YnJlYXN0X21za18yMDI1,UC0wMDI3MjU2OmJyZWFzdF9tc2tfMjAyNQ,breast_msk_2025_structural_variants,P-0027256-T03-IM7,P-0027256,breast_msk_2025,FOXA1,NA,14,38061006,NA,NA,-1,Exon 2 of FOXA1(-),,,NA,8,126543709,NA,NA,-1,IGR: 99Kb before TRIB1(+),NA,GRCh37,NA,NA,0,0,0,31,-1,-1,-1,-1,FOXA1 (NM_004496) rearrangement: t(8;14)(q24.13;q21.1)(chr8:g.126543709::chr14:g.38061006),PRECISE,3to5,FOXA1-intragenic,TRANSLOCATION,0,Note: The FOXA1 rearrangement is a translocation with a breakpoint in exon 2. Functional significance is undetermined.,SOMATIC,3169.0
UC0wMDMxNjQ3LVQwMi1JTTY6YnJlYXN0X21za18yMDI1,UC0wMDMxNjQ3OmJyZWFzdF9tc2tfMjAyNQ,breast_msk_2025_structural_variants,P-0031647-T02-IM6,P-0031647,breast_msk_2025,FOXA1,NA,14,38060772,NA,NA,-1,Exon 2 of FOXA1(-),,,NA,14,38062935,NA,NA,-1,Intron of FOXA1(-):1Kb before exon 2,NA,GRCh37,NA,NA,5771,11379,0,67,-1,-1,-1,-1,FOXA1 (NM_004496) rearrangement: c.73-1019_c.1217del,PRECISE,3to5,Deletion within transcript : mid-exon,DELETION,2163,Note: The FOXA1 rearrangement is an intragenic deletion of exon 2. One of the breakpoints is within exon 2.,SOMATIC,3169.0
UC0wMDA4Nzk1LVQwMS1JTTU6YnJlYXN0X21za18yMDI1,UC0wMDA4Nzk1OmJyZWFzdF9tc2tfMjAyNQ,breast_msk_2025_structural_variants,P-0008795-T01-IM5,P-0008795,breast_msk_2025,FOXA1,NA,14,38061338,NA,NA,-1,Exon 2 of FOXA1(-),54897.0,CASZ1,NA,1,10708606,NA,NA,-1,Intron of CASZ1(-): 410bp before exon 16,NA,GRCh37,NA,NA,0,0,0,37,-1,-1,-1,-1,FOXA1 (NM_004496) - CASZ1 (NM_001079843) rearrangement : t(1;14)(p36.22;q21.2)(chr1:g.10708606::chr14:g.38061338),PRECISE,5to5,Antisense fusion,TRANSLOCATION,0,Note: The FOXA1 (NM_004496) - CASZ1 (NM_001079843) rearrangement event is a translocation which results in the truncation of FOXA1 exon2. One of the breakpoints is within FOXA1 exon2.,SOMATIC,3169.0
UC0wMDA5MzY0LVQwMS1JTTU6YnJlYXN0X21za18yMDI1,UC0wMDA5MzY0OmJyZWFzdF9tc2tfMjAyNQ,breast_msk_2025_structural_variants,P-0009364-T01-IM5,P-0009364,breast_msk_2025,FOXP1,NA,3,71026189,NA,NA,-1,Exon 17 of FOXP1(-),,,NA,3,71030446,NA,NA,-1,Intron of FOXP1(-): 3Kb before exon 15,NA,GRCh37,yes,unk,4368,4307,0,7,-1,7,-1,18,FOXP1 (NM_001244814) rearrangement: c.1433_c.1147-3266inv,PRECISE,5to5,Antisense fusion,INVERSION,4257,Note: The FOXP1 (NM_001244814) rearrangement results in inversion of FOXP1 exons 11-13. One of the breakpoints is within exon 13. The functional significance of this rearrangement is undetermined.,SOMATIC,27086.0
UC0wMDM0NzgzLVQwMS1JTTY6YnJlYXN0X21za18yMDI1,UC0wMDM0NzgzOmJyZWFzdF9tc2tfMjAyNQ,breast_msk_2025_structural_variants,P-0034783-T01-IM6,P-0034783,breast_msk_2025,FOXP1,NA,3,71050192,NA,NA,-1,Exon 9 of FOXP1(-),,,NA,3,77000822,NA,NA,-1,IGR: 88Kb before ROBO2(+),NA,GRCh37,yes,unk,49180,54134,0,6,-1,6,-1,0,FOXP1 (NM_001244814) rearrangement: c.993:FOXP1_chr3:g.77000822dup,IMPPRECISE,5to3,FOXP1-intragenic,DUPLICATION,5950630,Note: The FOXP1 rearrangement results in the duplications of exon 1-9. One of the breakpoints is within exon 9. The functional significance is undetermined.,SOMATIC,27086.0
UC0wMDU3NTYzLVQwMS1JTTc6YnJlYXN0X21za18yMDI1,UC0wMDU3NTYzOmJyZWFzdF9tc2tfMjAyNQ,breast_msk_2025_structural_variants,P-0057563-T01-IM7,P-0057563,breast_msk_2025,FOXP1,NA,3,71015020,NA,NA,-1,Intron of FOXP1(-):20bp after exon 16,,,NA,3,71429666,NA,NA,-1,5-UTR of FOXP1(-):421Kb before coding start,NA,GRCh37,NA,NA,23351,12697,0,8,-1,-1,-1,-1,FOXP1 (NM_001244814) rearrangement: c.1889+21:FOXP1_chr3:g.71429666del,PRECISE,3to5,Deletion within transcript,DELETION,414646,Note: The FOXP1 rearrangement is a deletion of exons 1 - 16.,SOMATIC,27086.0
UC0wMDMyMjMzLVQwMS1JTTY6YnJlYXN0X21za18yMDI1,UC0wMDMyMjMzOmJyZWFzdF9tc2tfMjAyNQ,breast_msk_2025_structural_variants,P-0032233-T01-IM6,P-0032233,breast_msk_2025,FOXP1,NA,7,52191431,NA,NA,-1,IGR: 912Kb before POM121L12(+),,,NA,3,71021205,NA,NA,-1,Intron of FOXP1(-):500bp after exon 14,NA,GRCh37,NA,NA,0,0,0,6,-1,-1,-1,-1,FOXP1 (NM_001244814) rearrangement: t(3;7)(p13;p12.1)(chr3:g.71021205::chr7:g.52191431),PRECISE,5to3,FOXP1-intragenic,TRANSLOCATION,0,Note: The FOXP1 rearrangement is a translocation with a breakpoint in intron 14. The functional significance is undetermined.,SOMATIC,27086.0
UC0wMDQxMjc0LVQwMS1JTTY6YnJlYXN0X21za18yMDI1,UC0wMDQxMjc0OmJyZWFzdF9tc2tfMjAyNQ,breast_msk_2025_structural_variants,P-0041274-T01-IM6,P-0041274,breast_msk_2025,FOXP1,NA,3,71019880,NA,NA,-1,Intron of FOXP1(-):6bp after exon 15,,,NA,3,71027028,NA,NA,-1,Exon 11 of FOXP1(-),NA,GRCh37,yes,unk,2930,4485,0,10,-1,10,-1,10,FOXP1 (NM_001244814) rearrangement: c.1299_c.1722+7del,PRECISE,3to5,Deletion within transcript : mid-exon,DELETION,7148,Note: The FOXP1 rearrangement is an intragenic deletion of exons 11 - 15. One of the breakpoints is within exon 11.,SOMATIC,27086.0
UC0wMDI1Mzk2LVQwMy1JTTY6YnJlYXN0X21za18yMDI1,UC0wMDI1Mzk2OmJyZWFzdF9tc2tfMjAyNQ,breast_msk_2025_structural_variants,P-0025396-T03-IM6,P-0025396,breast_msk_2025,FRMD4B,NA,17,29559104,NA,NA,-1,Exon 25 of NF1(+),4763.0,NF1,NA,3,69238320,NA,NA,-1,Intron of FRMD4B(-):726bp after exon 18,NA,GRCh37,yes,unk,0,0,0,33,-1,16,-1,10,FRMD4B (NM_015123) - NF1 (NM_001042492) rearrangement: t(3;17)(p14.1;q11.2)(chr3:g.69238320::chr17:g.29559104),PRECISE,5to5,Protein Fusion: mid-exon  {FRMD4B:NF1},TRANSLOCATION,0,Note: The FRMD4B - NF1 rearrangement is a translocation that results in a fusion of FRMD4B exons 1 - 18 to NF1 exons 25 - 58. One of the breakpoints is within NF1 exon 25. Functional significance is undetermined.,SOMATIC,23150.0
UC0wMDMzMjA3LVQwMS1JTTY6YnJlYXN0X21za18yMDI1,UC0wMDMzMjA3OmJyZWFzdF9tc2tfMjAyNQ,breast_msk_2025_structural_variants,P-0033207-T01-IM6,P-0033207,breast_msk_2025,FYN,NA,6,112041131,NA,NA,-1,Exon 1 of FYN(-),,,NA,6,112333043,NA,NA,-1,IGR: 42Kb before WISP3(+),NA,GRCh37,NA,NA,761,1657,0,6,-1,-1,-1,-1,FYN (NM_153047) rearrangement: c.124_chr6:g.112333043dup,PRECISE,5to3,FYN-intragenic,DUPLICATION,291912,Note: The FYN rearrangement is a duplication that in includes FYN exon 1. One of the breakpoints is mid exon. The functional significance is undetermined.,SOMATIC,2534.0
UC0wMDE2MDEyLVQwMS1JTTY6YnJlYXN0X21za18yMDI1,UC0wMDE2MDEyOmJyZWFzdF9tc2tfMjAyNQ,breast_msk_2025_structural_variants,P-0016012-T01-IM6,P-0016012,breast_msk_2025,GALNT11,NA,7,151822136,NA,NA,-1,Promoter of GALNT11(+):99Kb from tx start,58508.0,KMT2C,NA,7,151845389,NA,NA,-1,Exon 52 of KMT2C(-),NA,GRCh37,yes,unk,9046,17301,0,20,-1,20,-1,10,KMT2C (NM_170606) rearrangment: chr7:g.151822136_c.13623:KMT2Cinv,PRECISE,3to3,Protein Fusion: mid-exon  {GALNT11:KMT2C},INVERSION,23253,Note : KMT2C (NM_170606) is an inversion which results in the fusion of KMT2C exon 1-52 and GALNT11. Breakpoint on KMT2C is within exon 52.,SOMATIC,63917.0
UC0wMDI0MzA4LVQwMS1JTTY6YnJlYXN0X21za18yMDI1,UC0wMDI0MzA4OmJyZWFzdF9tc2tfMjAyNQ,breast_msk_2025_structural_variants,P-0024308-T01-IM6,P-0024308,breast_msk_2025,GATA3,NA,10,8115818,NA,NA,-1,Exon 6 of GATA3(+),,,NA,10,8118976,NA,NA,-1,Promoter of GATA3(+):22Kb from tx start,NA,GRCh37,yes,unk,1015,1323,0,54,-1,51,-1,10,GATA3 (NM_002051) rearrangement: c.1164_c.*2990del,PRECISE,3to5,Deletion within transcript : mid-exon,DELETION,3158,Note: The GATA3 rearrangement is a deletion of a part of exon 6. One of the breakpoints is within exon 6. The functional significance is undetermined.,SOMATIC,2625.0
UC0wMDM0ODE4LVQwMi1JTTY6YnJlYXN0X21za18yMDI1,UC0wMDM0ODE4OmJyZWFzdF9tc2tfMjAyNQ,breast_msk_2025_structural_variants,P-0034818-T02-IM6,P-0034818,breast_msk_2025,GATA3,NA,10,8100751,NA,NA,-1,Exon 3 of GATA3(+),,,NA,10,10240747,NA,NA,-1,IGR: 140Kb before LOC101928298(+),NA,GRCh37,yes,unk,8471,10412,0,8,-1,8,-1,10,GATA3 (NM_002051) rearrangement: c.725:GATA3_chr10:g.10240747dup,PRECISE,5to3,GATA3-intragenic,DUPLICATION,2139996,Note: The GATA3 rearrangement is a duplication of exons 3 - 6. One of the breakpoints is within exon 3. Functional significance is undetermined.,SOMATIC,2625.0
UC0wMDE1ODMxLVQwMS1JTTY6YnJlYXN0X21za18yMDI1,UC0wMDE1ODMxOmJyZWFzdF9tc2tfMjAyNQ,breast_msk_2025_structural_variants,P-0015831-T01-IM6,P-0015831,breast_msk_2025,GATA3,NA,10,8106176,NA,NA,-1,Intron of GATA3(+):75bp after exon 4,,,NA,3,181861092,NA,NA,-1,IGR:191Kb before LINC01206(+),NA,GRCh37,NA,NA,0,0,-1,-1,-1,-1,-1,-1,NA,IMPPRECISE,3to5,GATA3-LINK01206 Fusion,TRANSLOCATION,0,NA,SOMATIC,2625.0
UC0wMDI2Nzg1LVQwMS1JTTY6YnJlYXN0X21za18yMDI1,UC0wMDI2Nzg1OmJyZWFzdF9tc2tfMjAyNQ,breast_msk_2025_structural_variants,P-0026785-T01-IM6,P-0026785,breast_msk_2025,GATA3,NA,10,8100353,NA,NA,-1,Exon 3 of GATA3(+),,,NA,10,77209520,NA,NA,-1,IGR: 41Kb before LOC101929234(+),NA,GRCh37,NA,NA,150075,185348,0,3,-1,-1,-1,-1,GATA3 (NM_002051) Rearrangement : c.327:GATA3_chr10:g.77209520dup,PRECISE,5to3,GATA3-intragenic,DUPLICATION,69109167,Note: The GATA3 Rearrangement results in the duplication of exons 3-6. One of the breakpoints is within exon3. Its functional significance is unknown.,SOMATIC,2625.0
UC0wMDU3NTYzLVQwMS1JTTc6YnJlYXN0X21za18yMDI1,UC0wMDU3NTYzOmJyZWFzdF9tc2tfMjAyNQ,breast_msk_2025_structural_variants,P-0057563-T01-IM7,P-0057563,breast_msk_2025,GATA3,NA,10,8105912,NA,NA,-1,Intron of GATA3(+):46bp before exon 4,,,NA,10,8144572,NA,NA,-1,IGR: 48Kb before GATA3(+),NA,GRCh37,NA,NA,4903,8389,0,25,-1,-1,-1,-1,GATA3 (NM_002051) rearrangement: c.779-47:GATA3_chr10:g.8144572dup,PRECISE,5to3,GATA3-intragenic,DUPLICATION,38660,Note: The GATA3 rearrangement is a duplication of exons 4 - 6. Functional significance is undetermined.,SOMATIC,2625.0
UC0wMDIwMDgwLVQwMS1JTTY6YnJlYXN0X21za18yMDI1,UC0wMDIwMDgwOmJyZWFzdF9tc2tfMjAyNQ,breast_msk_2025_structural_variants,P-0020080-T01-IM6,P-0020080,breast_msk_2025,GATA3,NA,10,8112508,NA,NA,-1,Intron of GATA3(+):947bp after exon 5,,,NA,10,8115833,NA,NA,-1,Exon 6 of GATA3(+),NA,GRCh37,yes,unk,1120,1137,0,33,-1,34,-1,10,GATA3 (NM_002051) rearrangement: c.1047+947_c.1179del,PRECISE,3to5,Deletion within transcript : mid-exon,DELETION,3325,Note: The GATA3 rearrangement is an intragenic deletion of a part of exon 6. One of the breakpoints is within exon 6.,SOMATIC,2625.0
UC0wMDIwMDgwLVQwMi1JTTY6YnJlYXN0X21za18yMDI1,UC0wMDIwMDgwOmJyZWFzdF9tc2tfMjAyNQ,breast_msk_2025_structural_variants,P-0020080-T02-IM6,P-0020080,breast_msk_2025,GATA3,NA,10,8112508,NA,NA,-1,Intron of GATA3(+):947bp after exon 5,,,NA,10,8115833,NA,NA,-1,Exon 6 of GATA3(+),NA,GRCh37,yes,unk,887,992,0,28,-1,28,-1,10,GATA3 (NM_002051) rearrangement: c.1047+947_c.1179del,PRECISE,3to5,Deletion within transcript : mid-exon,DELETION,3325,Note: The GATA3 rearrangement is an intragenic deletion of a part of exon 6. One of the breakpoints is within exon 6.,SOMATIC,2625.0
UC0wMDM3MTc1LVQwMS1JTTY6YnJlYXN0X21za18yMDI1,UC0wMDM3MTc1OmJyZWFzdF9tc2tfMjAyNQ,breast_msk_2025_structural_variants,P-0037175-T01-IM6,P-0037175,breast_msk_2025,GDPD1,NA,17,47696463,NA,NA,-1,Exon 5 of SPOP(-),8405.0,SPOP,NA,17,57328812,NA,NA,-1,Intron of GDPD1(+):3Kb after exon 4,NA,GRCh37,yes,unk,61898,63091,0,20,-1,18,-1,10,GDPD1 (NM_1825690) - SPOP (NM_001007228) rearrangement: c.367+2666:GDPD1_c.360:SPOPinv,PRECISE,3to3,Protein Fusion: mid-exon  {GDPD1:SPOP},INVERSION,9632349,Note: The GDPD1 - SPOP rearrangement is an inversion that results in a fusion of GDPD1 exons 1-4 to SPOP exons 5-10. One of the breakpoints is within SPOP exon 5. The functional significance is undetermined.,SOMATIC,284161.0
UC0wMDA5NDgyLVQwMS1JTTU6YnJlYXN0X21za18yMDI1,UC0wMDA5NDgyOmJyZWFzdF9tc2tfMjAyNQ,breast_msk_2025_structural_variants,P-0009482-T01-IM5,P-0009482,breast_msk_2025,GFRA1,NA,10,117963422,NA,NA,-1,Intron of GFRA1(-): 8Kb after exon 5,,,NA,9,21994233,NA,NA,-1,Exon 1 of CDKN2A(-),NA,GRCh37,NA,NA,0,0,0,15,-1,-1,-1,-1,GFRA1 (NM_005264) - CDKN2Ap14ARF (NM_058195) rearrangement: t(9;10)(p21.3;q25.3)(chr9:g.21994233::chr10:g.117963422),PRECISE,5to5,Antisense fusion,TRANSLOCATION,0,Note: The GFRA1 (NM_005264) - CDKN2Ap14ARF (NM_058195) rearrangement is a translocation which may result in the truncation of CDKN2Ap14ARF exons 1-2. One of the breakpoints is within CDKN2Ap14ARF exon 1. The functional significance of this rearrangement i,SOMATIC,2674.0
UC0wMDIyNTkzLVQwMi1JTTY6YnJlYXN0X21za18yMDI1,UC0wMDIyNTkzOmJyZWFzdF9tc2tfMjAyNQ,breast_msk_2025_structural_variants,P-0022593-T02-IM6,P-0022593,breast_msk_2025,GFUS,NA,8,144698059,NA,NA,-1,Intron of TSTA3(-):216bp after exon 3,4437.0,MSH3,NA,5,79966005,NA,NA,-1,Exon 4 of MSH3(+),NA,GRCh37,yes,unk,0,0,0,14,-1,14,-1,0,MSH3 (NM_002439) - TSTA3 (NM_003313) rearrangement: t(5;8)(q14.1;q24.3)(chr5:g.79966005::chr8:g.144698059),IMPPRECISE,3to3,Protein Fusion: mid-exon  {MSH3:TSTA3},TRANSLOCATION,0,Note: The MSH3 - TSTA3 rearrangement is a translocation that results in the fusion of MSH3 exon 4 to TSTA3 exon 4. One of the breakpoints is within MSH3 exon 4. Multiple rearrangements involving MSH3 were detected in this sample and a more complex rearran,SOMATIC,7264.0
UC0wMDE2NjI3LVQwMi1JTTY6YnJlYXN0X21za18yMDI1,UC0wMDE2NjI3OmJyZWFzdF9tc2tfMjAyNQ,breast_msk_2025_structural_variants,P-0016627-T02-IM6,P-0016627,breast_msk_2025,GLI1,NA,12,57857810,NA,NA,-1,Exon 3 of GLI1(+),,,NA,1,188655289,NA,NA,-1,IGR: 1Mb before BRINP3(-),NA,GRCh37,NA,NA,0,0,0,174,-1,-1,-1,-1,GLI1 (NM_005269) rearrangement: t(1;12)(q31.1;q13.3)(chr1:g.188655289::chr12:g.57857810),PRECISE,3to3,GLI1-intragenic,TRANSLOCATION,0,Note: The GLI1 rearrangement is a translocation with breakpoint in exon 3 of GLI1. The functional significance is undetermined.,SOMATIC,2735.0
UC0wMDE2NjI3LVQwMS1JTTY6YnJlYXN0X21za18yMDI1,UC0wMDE2NjI3OmJyZWFzdF9tc2tfMjAyNQ,breast_msk_2025_structural_variants,P-0016627-T01-IM6,P-0016627,breast_msk_2025,GLI1,NA,12,57857810,NA,NA,-1,Exon 3 of GLI1(+),,,NA,1,188655289,NA,NA,-1,IGR: 1Mb before BRINP3(-),NA,GRCh37,NA,NA,0,0,0,101,-1,-1,-1,-1,GLI1 (NM_005269)  rearrangement: t(1;12)(q31.1;q13.3)(chr1:g.188655289::chr12:g.57857810),PRECISE,3to3,GLI1-intragenic,TRANSLOCATION,0,Note: The GLI1 rearrangement is a translocation that may result in the truncation of exons 1-3. One of the breakpoints is within exon 3. The functional significance is undetermined.,SOMATIC,2735.0
UC0wMDM3Mzg5LVQwMy1JTTY6YnJlYXN0X21za18yMDI1,UC0wMDM3Mzg5OmJyZWFzdF9tc2tfMjAyNQ,breast_msk_2025_structural_variants,P-0037389-T03-IM6,P-0037389,breast_msk_2025,GLI1,NA,12,47430985,NA,NA,-1,IGR: 39Kb before AMIGO2(-),,,NA,12,57864277,NA,NA,-1,Exon 12 of GLI1(+),NA,GRCh37,yes,unk,269415,406201,0,104,-1,102,-1,10,GLI1 (NM_005269) rearrangement: c.1754:GLI1_chr12:g.47430985del,PRECISE,3to5,GLI1-intragenic,DELETION,10433292,Note: The GLI1 rearrangement results in the deletion of exons 1-12. One of the breakpoints is within exon 12. The functional significance is undetermined.,SOMATIC,2735.0
UC0wMDM3Mzg5LVQwMS1JTTY6YnJlYXN0X21za18yMDI1,UC0wMDM3Mzg5OmJyZWFzdF9tc2tfMjAyNQ,breast_msk_2025_structural_variants,P-0037389-T01-IM6,P-0037389,breast_msk_2025,GLI1,NA,12,47430985,NA,NA,-1,IGR: 39Kb before AMIGO2(-),,,NA,12,57864277,NA,NA,-1,Exon 12 of GLI1(+),NA,GRCh37,NA,NA,208838,268925,0,53,-1,-1,-1,-1,GLI1 (NM_005269) rearrangement: c.1754:GLI1_chr12:g.47430985del,PRECISE,3to5,GLI1-intragenic,DELETION,10433292,Note: The GLI1 rearrangement results in the deletion of exons 1-12. One of the breakpoints is within exon 12. The functional significance is undetermined.,SOMATIC,2735.0
UC0wMDQ0NDEwLVQwMS1JTTY6YnJlYXN0X21za18yMDI1,UC0wMDQ0NDEwOmJyZWFzdF9tc2tfMjAyNQ,breast_msk_2025_structural_variants,P-0044410-T01-IM6,P-0044410,breast_msk_2025,GLI1,NA,12,57865421,NA,NA,-1,Exon 12 of GLI1(+),,,NA,12,133185440,NA,NA,-1,5-UTR of LRCOL1(-):5Kb before coding start,NA,GRCh37,yes,unk,211393,214472,0,58,-1,57,-1,10,GLI1 (NM_005269) rearrangement: c.2898:GLI1_chr12:g.133185440del,PRECISE,3to5,Antisense Fusion,DELETION,75320019,Note: The GLI1 rearrangement is a deletion of exon 12. One of the breakpoints is within exon 12. Functional significance is undetermined.,SOMATIC,2735.0
UC0wMDM0ODE4LVQwMi1JTTY6YnJlYXN0X21za18yMDI1,UC0wMDM0ODE4OmJyZWFzdF9tc2tfMjAyNQ,breast_msk_2025_structural_variants,P-0034818-T02-IM6,P-0034818,breast_msk_2025,GNA11,NA,19,3119247,NA,NA,-1,Exon 6 of GNA11(+),,,NA,6,122459052,NA,NA,-1,IGR: 262Kb before HSF2(+),NA,GRCh37,yes,unk,0,0,0,53,-1,53,-1,10,GNA11 (NM_002067) rearrangement: t(6;19)(q22.31;p13.3)(chr6:g.122459052::chr19:g.3119247),PRECISE,3to3,GNA11-intragenic,TRANSLOCATION,0,Note: The GNA11 rearrangement is a translocation with a breakpoint in exon 6. Functional significance is undetermined.,SOMATIC,2767.0
UC0wMDM0ODE4LVQwMS1JTTY6YnJlYXN0X21za18yMDI1,UC0wMDM0ODE4OmJyZWFzdF9tc2tfMjAyNQ,breast_msk_2025_structural_variants,P-0034818-T01-IM6,P-0034818,breast_msk_2025,GNA11,NA,19,3119247,NA,NA,-1,Exon 6 of GNA11(+),,,NA,6,122459052,NA,NA,-1,IGR: 262Kb before HSF2(+),NA,GRCh37,yes,unk,0,0,0,75,-1,75,-1,10,GNA11 (NM_002067) rearrangement: t(6;19)(q22.31;p13.3)(chr6:g.122459052::chr19:g.3119247),PRECISE,3to3,GNA11-intragenic,TRANSLOCATION,0,Note: The GNA11 rearrangement is a translocation with a breakpoint in exon 6. The functional significance is undetermined.,SOMATIC,2767.0
UC0wMDI1MzQ5LVQwMS1JTTY6YnJlYXN0X21za18yMDI1,UC0wMDI1MzQ5OmJyZWFzdF9tc2tfMjAyNQ,breast_msk_2025_structural_variants,P-0025349-T01-IM6,P-0025349,breast_msk_2025,GNAS,NA,20,38848190,NA,NA,-1,IGR: 215Kb before LINC01370(+),,,NA,20,57485603,NA,NA,-1,Intron of GNAS(+):134bp before exon 13,NA,GRCh37,NA,NA,112036,119173,0,20,-1,-1,-1,-1,GNAS (NM_000516) rearrangement: chr20:g.38848190_c.1039-135del,PRECISE,3to5,GNAS-intragenic,DELETION,18637413,Note: The GNAS rearrangement is a deletion that includes GNAS exons 1-12. The functional significance is undetermined.,SOMATIC,2778.0
UC0wMDIwNjQ0LVQwMS1JTTY6YnJlYXN0X21za18yMDI1,UC0wMDIwNjQ0OmJyZWFzdF9tc2tfMjAyNQ,breast_msk_2025_structural_variants,P-0020644-T01-IM6,P-0020644,breast_msk_2025,GNAS,NA,20,57478864,NA,NA,-1,Intron of GNAS(+):18bp after exon 5,,,NA,20,57480500,NA,NA,-1,Exon 6 of GNAS(+),NA,GRCh37,NA,NA,703,700,0,46,-1,-1,-1,-1,GNAS (NM_000516) rearrangement: c.432+18_c.495del,PRECISE,3to5,Deletion within transcript : mid-exon,DELETION,1636,Note: The GNAS rearrangement is an intragenic deletion of exon 6. One of the breakpoints is within exon. The functional significance is undetermined.,SOMATIC,2778.0
UC0wMDEyMTc2LVQwMS1JTTU6YnJlYXN0X21za18yMDI1,UC0wMDEyMTc2OmJyZWFzdF9tc2tfMjAyNQ,breast_msk_2025_structural_variants,P-0012176-T01-IM5,P-0012176,breast_msk_2025,GOSR1,NA,17,28802813,NA,NA,-1,Promoter of GOSR1(+): 2Kb from tx start,4763.0,NF1,NA,17,29496867,NA,NA,-1,Intron of NF1(+): 42bp before exon 5,NA,GRCh37,yes,unk,9042,6193,0,8,-1,8,-1,16,NF1 (NM_001042492) Rearrangement : chr17:g.28802813_c.480-42:NF1del,PRECISE,3to5,Transcript fusion (GOSR1-NF1),DELETION,694054,Note: The NF1 Rearrangement results in the possible deletion of exons 1-4 of NF1. The functional significance is undetermined.,SOMATIC,9527.0
UC0wMDIyMzEwLVQwMS1JTTY6YnJlYXN0X21za18yMDI1,UC0wMDIyMzEwOmJyZWFzdF9tc2tfMjAyNQ,breast_msk_2025_structural_variants,P-0022310-T01-IM6,P-0022310,breast_msk_2025,GPR137,NA,11,64053207,NA,NA,-1,Intron of GPR137(+):774bp before exon 3,8986.0,RPS6KA4,NA,11,64137399,NA,NA,-1,Intron of RPS6KA4(+):34bp after exon 14,NA,GRCh37,yes,unk,26038,31656,0,29,-1,27,-1,10,RPS6KA4 (NM_003942) - GPR137 (NM_001170726) Rearrangement: c.1797+34:RPS6KA4_c.160-775:GPR137dup,PRECISE,5to3,Protein Fusion: in frame  {RPS6KA4:GPR137},DUPLICATION,84192,Note: The RPS6KA4 -GPR137 Rearrangement results in the fusion of RPSK6KA4 exons 1-14 with GPR137 exons 3-8. Its functional significance is undetermined.,SOMATIC,56834.0
UC0wMDQwOTg4LVQwMS1JTTY6YnJlYXN0X21za18yMDI1,UC0wMDQwOTg4OmJyZWFzdF9tc2tfMjAyNQ,breast_msk_2025_structural_variants,P-0040988-T01-IM6,P-0040988,breast_msk_2025,GPS2,NA,17,7217760,NA,NA,-1,Intron of GPS2(-):38bp before exon 4,,,NA,17,7251129,NA,NA,-1,Intron of ACAP1(+):111bp before exon 15,NA,GRCh37,NA,NA,2952,3302,0,54,-1,-1,-1,-1,GPS2 (NM_004489) rearrangement: c.205-38:GPS2_chr17:g.7251129dup,PRECISE,5to3,Antisense Fusion,DUPLICATION,33369,Note: The GPS2 rearrangement is a duplication of exons 1 - 3. Functional significance is undetermined.,SOMATIC,2874.0
UC0wMDUxNjc0LVQwMS1JTTY6YnJlYXN0X21za18yMDI1,UC0wMDUxNjc0OmJyZWFzdF9tc2tfMjAyNQ,breast_msk_2025_structural_variants,P-0051674-T01-IM6,P-0051674,breast_msk_2025,GPS2,NA,17,7216806,NA,NA,-1,Intron of GPS2(-):18bp before exon 8,,,NA,15,40262316,NA,NA,-1,Intron of EIF2AK4(+):2Kb after exon 9,NA,GRCh37,yes,unk,0,0,0,19,-1,20,-1,10,GPS2 (NM_004489) rearrangement: t(15;17)(q15.1;p13.1)(chr15:g.40262316::chr17:g.7216806),PRECISE,5to3,Antisense Fusion,TRANSLOCATION,0,Note: The GPS2 rearrangement is a translocation with a breakpoint in intron 7. Functional significance is undetermined.,SOMATIC,2874.0
UC0wMDIyNTY2LVQwMS1JTTY6YnJlYXN0X21za18yMDI1,UC0wMDIyNTY2OmJyZWFzdF9tc2tfMjAyNQ,breast_msk_2025_structural_variants,P-0022566-T01-IM6,P-0022566,breast_msk_2025,GRIN2A,NA,16,10032373,NA,NA,-1,Exon 3 of GRIN2A(-),,,NA,16,18959069,NA,NA,-1,IGR: 36Kb before TMC7(+),NA,GRCh37,NA,NA,34157,24263,0,7,-1,-1,-1,-1,GRIN2A (NM_001134407) rearrangement: chr16:g.18959069_c.450:GRIN2inv,PRECISE,5to5,GRIN2A-intragenic,INVERSION,8926696,Note: The GRIN2A rearrangement results in the inversion of exons 1-3. One of the breakpoints is within exon 3. Its functional significance is undetermined.,SOMATIC,2903.0
UC0wMDE5MDIyLVQwMi1JTTY6YnJlYXN0X21za18yMDI1,UC0wMDE5MDIyOmJyZWFzdF9tc2tfMjAyNQ,breast_msk_2025_structural_variants,P-0019022-T02-IM6,P-0019022,breast_msk_2025,GRK4,NA,4,1795705,NA,NA,-1,Exon 2 of FGFR3(+),2261.0,FGFR3,NA,4,2997210,NA,NA,-1,Intron of GRK4(+):3Kb after exon 3,NA,GRCh37,NA,NA,95792,112480,0,40,-1,-1,-1,-1,GRK4 (NM_182982) - FGFR3 (NM_000142) rearrangement: c.339+3191:GRK4_c.44:FGFR3dup,PRECISE,5to3,Protein Fusion: mid-exon  {GRK4:FGFR3},DUPLICATION,1201505,Note: The GRK4 - FGFR3 rearrangement is a duplication that results in the fusion of GRK4 exons 1-4 with FGFR3 exons 2-18. One of the breakpoints is within FGFR3 exon 2. The functional significance is undetermined.,SOMATIC,2868.0
UC0wMDE3MzY4LVQwMS1JTTY6YnJlYXN0X21za18yMDI1,UC0wMDE3MzY4OmJyZWFzdF9tc2tfMjAyNQ,breast_msk_2025_structural_variants,P-0017368-T01-IM6,P-0017368,breast_msk_2025,H2BC5,NA,6,26158623,NA,NA,-1,Exon 1 of HIST1H2BD(+),5796.0,PTPRK,NA,6,128386296,NA,NA,-1,Intron of PTPRK(-):357bp before exon 13,NA,GRCh37,yes,unk,577732,1397828,0,762,-1,615,-1,0,HIST1H2BD (NM_021063) - PTPRK  (NM_001135648) rearrangement : c.226: HIST1H2BD_c.2158-357:PTPRKinv,IMPPRECISE,3to3,Protein Fusion: mid-exon  {HIST1H2BD:PTPRK},INVERSION,102227673,Note: The HIST1H2BD - PTPRK rearrangement is an inversion that results in the fusion of HIST1H2BD exon 1 with PTPRK exons 12-31. One of the breakpoints is within HIST1H2BD exon 1 and this fusion includes the phosphatase domains of PTPRK. The functional si,SOMATIC,3017.0
UC0wMDE3MzE3LVQwMS1JTTY6YnJlYXN0X21za18yMDI1,UC0wMDE3MzE3OmJyZWFzdF9tc2tfMjAyNQ,breast_msk_2025_structural_variants,P-0017317-T01-IM6,P-0017317,breast_msk_2025,H3C3,NA,6,26044924,NA,NA,-1,Promoter of HIST1H3C(+):714bp from tx start,,,NA,6,26045640,NA,NA,-1,Exon 1 of HIST1H3C(+),NA,GRCh37,yes,unk,743,1189,0,30,-1,27,-1,10,HIST1H3C (NM_003531) Rearrangement : c.-715_c.2del,PRECISE,3to5,Deletion within transcript : mid-exon,DELETION,716,Note: The HIST1H3C Rearrangement results in the partial deletion of exon1. One of the breakpoints is within exon1. Its functional significance is undetermined.,SOMATIC,8352.0
UC0wMDQ0NzY0LVQwMS1JTTY6YnJlYXN0X21za18yMDI1,UC0wMDQ0NzY0OmJyZWFzdF9tc2tfMjAyNQ,breast_msk_2025_structural_variants,P-0044764-T01-IM6,P-0044764,breast_msk_2025,H3C3,NA,X,62989539,NA,NA,-1,Intron of ARHGEF9(-):15Kb after exon 1,23229.0,ARHGEF9,NA,6,26045776,NA,NA,-1,Exon 1 of HIST1H3C(+),NA,GRCh37,yes,unk,0,0,0,20,-1,20,-1,10,HIST1H3C (NM_003531) - ARHGEF9 (NM_001173479) rearrangement: t(6;X)(p22.2;q11.1)(chr6:g.26045776::chrX:g.62989539),PRECISE,3to3,Protein Fusion: mid-exon  {HIST1H3C:ARHGEF9},TRANSLOCATION,0,Note: The HIST1H3C - ARHGEF9 rearrangement is a translocation that results in a fusion of HIST1H3C exon 1 to ARHGEF9 exons 2 - 9. One of the breakpoints is within HIST1H3C exon 1. Functional significance is undetermined.,SOMATIC,8352.0
UC0wMDEyODI5LVQwMi1JTTY6YnJlYXN0X21za18yMDI1,UC0wMDEyODI5OmJyZWFzdF9tc2tfMjAyNQ,breast_msk_2025_structural_variants,P-0012829-T02-IM6,P-0012829,breast_msk_2025,H3C4,NA,6,26197293,NA,NA,-1,Exon 2 of HIST1H3D(-),,,NA,6,27965778,NA,NA,-1,IGR: 41Kb before OR2B6(+),NA,GRCh37,NA,NA,11407,22348,0,11,-1,-1,-1,-1,HIST1H3D (NM_003530) rearrangement: c.186_chr6:g.27965778dup,PRECISE,5to3,HIST1H3D-intragenic,DUPLICATION,1768485,Note: The HIST1H3D rearrangement is a duplication which includes exons 1-2. One of the breakpoints is within exon2. The functional significance is undetermined.,SOMATIC,8351.0
UC0wMDM2MTgxLVQwMS1JTTY6YnJlYXN0X21za18yMDI1,UC0wMDM2MTgxOmJyZWFzdF9tc2tfMjAyNQ,breast_msk_2025_structural_variants,P-0036181-T01-IM6,P-0036181,breast_msk_2025,HCFC1,NA,X,153221893,NA,NA,-1,Intron of HCFC1(-):31bp before exon 16,2120.0,ETV6,NA,12,11905367,NA,NA,-1,Intron of ETV6(+):16bp before exon 2,NA,GRCh37,yes,unk,0,0,0,53,-1,48,-1,0,HCFC1 (NM_005334) - ETV6 (NM_0019870) rearrangement: t(X;12)(q28;p13.2)(chrX:g.153221893::chr12:g.11905367),IMPPRECISE,5to5,Protein Fusion: out of frame  {HCFC1:ETV6},TRANSLOCATION,0,Note: the HCFC1 - ETV6 rearrangement is a translocation which may result in the fusion of HCFC1 exons 1-15 with ETV6 exons 2-8. Its functional significance is undetermined.,SOMATIC,3054.0
UC0wMDM0Mzg1LVQwMi1JTTY6YnJlYXN0X21za18yMDI1,UC0wMDM0Mzg1OmJyZWFzdF9tc2tfMjAyNQ,breast_msk_2025_structural_variants,P-0034385-T02-IM6,P-0034385,breast_msk_2025,HCN1,NA,5,31451860,NA,NA,-1,Intron of DROSHA(-):113bp before exon 20,29102.0,DROSHA,NA,5,45597022,NA,NA,-1,Intron of HCN1(-):48Kb after exon 2,NA,GRCh37,NA,NA,94016,99235,0,4,-1,-1,-1,-1,HCN1 (NM_021072) - DROSHA (NM_013235) rearrangement: c.849+48265:HCN1_c.2575-113:DROSHAdel,PRECISE,3to5,Protein Fusion: in frame  {HCN1:DROSHA},DELETION,14145162,Note: The HCN1 - DROSHA rearrangement is a deletion that results in the in-frame fusion of HCN1 exons 1-2 with DROSHA exons 20-35. The functional significance is undetermined.,SOMATIC,348980.0
UC0wMDAyNjQ5LVQwMS1JTTM6YnJlYXN0X21za18yMDI1,UC0wMDAyNjQ5OmJyZWFzdF9tc2tfMjAyNQ,breast_msk_2025_structural_variants,P-0002649-T01-IM3,P-0002649,breast_msk_2025,HDAC7,NA,12,48182044,NA,NA,-1,Intron of HDAC7(-): 97bp before exon 20,8085.0,KMT2D,NA,12,49437396,NA,NA,-1,Intron of MLL2(-): 22bp after exon 23,NA,GRCh37,yes,unk,36285,47719,0,7,-1,7,-1,18,NA,PRECISE,3to5,Protein fusion: out of frame (MLL2-HDAC7),DELETION,1255352,Note: The MLL2-HDAC7 deletion is a structural rearrangement in which exons 1 to 23 of MLL2 are fused to exons 20 to 26 of HDAC7. Functional significance of this fusion is not determined.,SOMATIC,51564.0
UC0wMDA2MDg2LVQwMS1JTTU6YnJlYXN0X21za18yMDI1,UC0wMDA2MDg2OmJyZWFzdF9tc2tfMjAyNQ,breast_msk_2025_structural_variants,P-0006086-T01-IM5,P-0006086,breast_msk_2025,HELZ,NA,17,65231020,NA,NA,-1,5-UTR of HELZ(-): 16Kb before coding start,257194.0,NEGR1,NA,1,72748066,NA,NA,-1,Exon 1 of NEGR1(-),NA,GRCh37,yes,unk,0,0,0,16,-1,18,-1,0,HELZ (NM_014877) - NEGR1 (NM_173808) Rearrangement :  t(17;1)(chr17q24.2;chr1p31.1)(chr17:g.65231020::chr1:g.72748066),IMPRECISE,5to3,Protein fusion: mid-exon (HELZ-NEGR1),TRANSLOCATION,0,Note: The HELZ (NM_014877) - NEGR1 (NM_173808) Rearrangement results in the fusion of exons 1 to 3 of HELZ1 to exons 1 to 7 of NEGR1. The breakpoint is within exon 1 of NEGR1. Its functional significance is undetermined.,SOMATIC,9931.0
UC0wMDEyNjc0LVQwMS1JTTU6YnJlYXN0X21za18yMDI1,UC0wMDEyNjc0OmJyZWFzdF9tc2tfMjAyNQ,breast_msk_2025_structural_variants,P-0012674-T01-IM5,P-0012674,breast_msk_2025,HNF1B,NA,17,36060998,NA,NA,-1,Exon 7 of HNF1B(-),,,NA,17,36067756,NA,NA,-1,Intron of HNF1B(-): 3Kb before exon 6,NA,GRCh37,yes,unk,259,477,0,12,-1,12,-1,11,HNF1B (NM_000458) rearrangement: c.1207-2700_c.1524dup,PRECISE,5to3,Duplication within transcript: mid-exon,DUPLICATION,6758,Note: The HNF1B rarrangement is a duplication of exons 6-7. One of the breakpoints is within exon 7. The functional significance is undetermined.,SOMATIC,6928.0
UC0wMDM0OTAwLVQwMS1JTTY6YnJlYXN0X21za18yMDI1,UC0wMDM0OTAwOmJyZWFzdF9tc2tfMjAyNQ,breast_msk_2025_structural_variants,P-0034900-T01-IM6,P-0034900,breast_msk_2025,HOOK3,NA,11,67198652,NA,NA,-1,Intron of RPS6KB2(+):186bp before exon 5,6199.0,RPS6KB2,NA,8,42762715,NA,NA,-1,Intron of HOOK3(+):1Kb after exon 2,NA,GRCh37,yes,unk,0,0,0,20,-1,20,-1,10,HOOK3 (NM_032410) - RPS6KB2 (NM_003952) rearrangement: t(8;11)(p11.21;q13.2)(chr8:g.42762715::chr11:g.67198652),PRECISE,5to3,Protein Fusion: out of frame  {HOOK3:RPS6KB2},TRANSLOCATION,0,Note: The HOOK3 - RPS6KB2 rearrangement is a translocation that results in the fusion of HOOK3  exons 1-2 with RPS6KB2 exons 5-15. The functional significance is undetermined.,SOMATIC,84376.0
UC0wMDI2NzEwLVQwMi1JTTY6YnJlYXN0X21za18yMDI1,UC0wMDI2NzEwOmJyZWFzdF9tc2tfMjAyNQ,breast_msk_2025_structural_variants,P-0026710-T02-IM6,P-0026710,breast_msk_2025,HOXB13,NA,17,46804603,NA,NA,-1,Intron of HOXB13(-):198bp before exon 2,,,NA,17,48898867,NA,NA,-1,IGR: 14Kb before WFIKKN2(+),NA,GRCh37,yes,unk,15878,25811,0,12,-1,12,-1,9,HOXB13 (NM_006361) rearrangement: c.602-198:HOXB13_chr17:g.48898867del,PRECISE,3to5,HOXB13-intragenic,DELETION,2094264,Note: The HOXB13 rearrangement is a deletion of exon 1.,SOMATIC,10481.0
UC0wMDI5NzI2LVQwMS1JTTY6YnJlYXN0X21za18yMDI1,UC0wMDI5NzI2OmJyZWFzdF9tc2tfMjAyNQ,breast_msk_2025_structural_variants,P-0029726-T01-IM6,P-0029726,breast_msk_2025,HSF2BP,NA,NA,-1,NA,NA,-1,NA,2078.0,ERG,NA,NA,-1,NA,NA,-1,NA,NA,GRCh37,yes,unk,-1,-1,-1,-1,-1,-1,-1,-1,POSITIVE FOR GENE FUSIONS IN THE INVESTIGATIONAL PANEL: HSF2BP-ERG fusion. Note: The rearrangement is an in-frame fusion between genes HSF2BP Exon8 (NM_007031) and ERG Exon6 (NM_004449). Note: Functional significance is unknown for HSF2BP-ERG fusion.,NA,NA,HSF2BP-ERG Fusion - Archer,NA,-1,Lab Notes Run Number: ArcherV2-CLIN-20180071 Macro-dissection: Unknown,SOMATIC,11077.0
UC0wMDI5MzI3LVQwMi1JTTY6YnJlYXN0X21za18yMDI1,UC0wMDI5MzI3OmJyZWFzdF9tc2tfMjAyNQ,breast_msk_2025_structural_variants,P-0029327-T02-IM6,P-0029327,breast_msk_2025,ICOSLG,NA,21,45514280,NA,NA,-1,Intron of TRAPPC10(+):166bp after exon 20,,,NA,21,45658493,NA,NA,-1,Intron of ICOSLG(-):122bp before exon 2,NA,GRCh37,yes,unk,14889,20814,0,21,-1,20,-1,10,ICOSLG (NM_015259) rearrangement: c.15-122:ICOSLG_chr21:g.45514280dup,PRECISE,5to3,ICOSLG-intragenic,DUPLICATION,144213,Note: The ICOSLG rearrangement is a duplication of exons 2 - 7. Functional significance is undetermined.,SOMATIC,23308.0
UC0wMDI5MzI3LVQwMy1JTTY6YnJlYXN0X21za18yMDI1,UC0wMDI5MzI3OmJyZWFzdF9tc2tfMjAyNQ,breast_msk_2025_structural_variants,P-0029327-T03-IM6,P-0029327,breast_msk_2025,ICOSLG,NA,21,45514280,NA,NA,-1,Intron of TRAPPC10(+):166bp after exon 20,,,NA,21,45658493,NA,NA,-1,Intron of ICOSLG(-):122bp before exon 2,NA,GRCh37,yes,unk,15478,12589,0,16,-1,16,-1,10,ICOSLG (NM_015259) rearrangement: c.15-122:ICOSLG_chr21:g.45514280dup,PRECISE,5to3,ICOSLG-intragenic,DUPLICATION,144213,Note: The ICOSLG rearrangement is a duplication of exons 2 - 7. Functional significance is undetermined.,SOMATIC,23308.0
UC0wMDA2MzEwLVQwMS1JTTU6YnJlYXN0X21za18yMDI1,UC0wMDA2MzEwOmJyZWFzdF9tc2tfMjAyNQ,breast_msk_2025_structural_variants,P-0006310-T01-IM5,P-0006310,breast_msk_2025,IDH1,NA,2,209108817,NA,NA,-1,Intron of IDH1(-): 489bp before exon 6,,,NA,2,209110109,NA,NA,-1,Exon 5 of IDH1(-),NA,GRCh37,yes,unk,1161,1141,0,5,-1,5,-1,28,IDH1 (NM_005896) Rearrangement :  c.454_521-489dup,PRECISE,5to3,Duplication within transcript: mid-exon,DUPLICATION,1292,Note: The IDH1 (NM_005896) Rearrangement results in the intragenic duplication of exon 5. The breakpoint is within exon5. Its functional significance is undetermined.,SOMATIC,3417.0
UC0wMDAwNTMyLVQwMi1JTTU6YnJlYXN0X21za18yMDI1,UC0wMDAwNTMyOmJyZWFzdF9tc2tfMjAyNQ,breast_msk_2025_structural_variants,P-0000532-T02-IM5,P-0000532,breast_msk_2025,IDH2,NA,15,79893257,NA,NA,-1,IGR: 168Kb before KIAA1024(+),,,NA,15,90627508,NA,NA,-1,Exon 11 of IDH2(-),NA,GRCh37,NA,NA,44849,46130,0,35,-1,-1,-1,-1,IDH2 (NM_002168) Rearrangement : c.1349_chr15:g.79893257inv,PRECISE,5to5,IDH2-intragenic,INVERSION,10734251,Note: The IDH2 (NM_002168) Rearrangement results in the inversion of exon 11 of IDH2.The breakpoint is within exon 11.Its functional significance is undetremined.,SOMATIC,3418.0
UC0wMDA2NDU4LVQwMS1JTTU6YnJlYXN0X21za18yMDI1,UC0wMDA2NDU4OmJyZWFzdF9tc2tfMjAyNQ,breast_msk_2025_structural_variants,P-0006458-T01-IM5,P-0006458,breast_msk_2025,IDH2,NA,15,90631503,NA,NA,-1,Intron of IDH2(-): 88bp after exon 5,10509.0,SEMA4B,NA,15,90757389,NA,NA,-1,Intron of SEMA4B(+): 3Kb before exon 3,NA,GRCh37,yes,unk,8022,14516,0,14,-1,14,-1,22,IDH2 (NM_002168) - SEMA4B (NM_198925) fusion: c.678+88:IDH2_c.158-3282:SEMA4Binv,PRECISE,5to5,Protein fusion: out of frame (IDH2-SEMA4B),INVERSION,125886,Note: IDH2 (NM_002168) - SEMA4B (NM_198925) fusion is a reciprocal inversion.,SOMATIC,3418.0
UC0wMDU5NzEwLVQwMS1JTTc6YnJlYXN0X21za18yMDI1,UC0wMDU5NzEwOmJyZWFzdF9tc2tfMjAyNQ,breast_msk_2025_structural_variants,P-0059710-T01-IM7,P-0059710,breast_msk_2025,IFNGR1,NA,6,137521103,NA,NA,-1,Intron of IFNGR1(-):914bp after exon 6,,,NA,6,137530707,NA,NA,-1,Intron of IFNGR1(-):2Kb before exon 2,NA,GRCh37,NA,NA,5529,4590,0,8,-1,-1,-1,-1,IFNGR1 (NM_000416) rearrangement: c.86-2493_c.861+915inv,PRECISE,3to3,IFNGR1-intragenic,INVERSION,9604,Note: The IFNGR1 rearrangement is an intragenic inversion of exons 2 - 6. Functional significance is undetermined.,SOMATIC,3459.0
UC0wMDUyMTMzLVQwMS1JTTY6YnJlYXN0X21za18yMDI1,UC0wMDUyMTMzOmJyZWFzdF9tc2tfMjAyNQ,breast_msk_2025_structural_variants,P-0052133-T01-IM6,P-0052133,breast_msk_2025,IFNGR1,NA,6,137522084,NA,NA,-1,Exon 6 of IFNGR1(-),,,NA,6,139333408,NA,NA,-1,IGR: 16Kb before ABRACL(+),NA,GRCh37,NA,NA,37287,14311,0,3,-1,-1,-1,-1,IFNGR1 (NM_000416) rearrangement: c.795:IFNGR1_chr6:g.139333408inv,PRECISE,5to5,IFNGR1-intragenic,INVERSION,1811324,Note: The IFNGR1 rearrangement is an inversion of exons 1 - 6. One of the breakpoints is within exon 6. Functional significance is undetermined.,SOMATIC,3459.0
UC0wMDA1ODE4LVQwMS1JTTU6YnJlYXN0X21za18yMDI1,UC0wMDA1ODE4OmJyZWFzdF9tc2tfMjAyNQ,breast_msk_2025_structural_variants,P-0005818-T01-IM5,P-0005818,breast_msk_2025,IGF1R,NA,15,99304900,NA,NA,-1,Intron of IGF1R(+): 54Kb after exon 2,,,NA,15,99434721,NA,NA,-1,Exon 3 of IGF1R(+),NA,GRCh37,yes,unk,1759,2173,0,10,-1,10,-1,17,IGF1R (NM_000875)  Rearrangement:  c.640+53564_808dup,PRECISE,5to3,Duplication within transcript: mid-exon,DUPLICATION,129821,Note: The IGF1R (NM_000875)  rearrangement results in the intragenic duplication of exon3 of IGF1R . Its functional significance is undetermined.,SOMATIC,3480.0
UC0wMDAzNzc5LVQwMS1JTTU6YnJlYXN0X21za18yMDI1,UC0wMDAzNzc5OmJyZWFzdF9tc2tfMjAyNQ,breast_msk_2025_structural_variants,P-0003779-T01-IM5,P-0003779,breast_msk_2025,IGF1R,NA,15,99438142,NA,NA,-1,Intron of IGF1R(+): 2Kb before exon 4,,,NA,15,99440041,NA,NA,-1,Exon 4 of IGF1R(+),NA,GRCh37,yes,unk,720,3432,1,88,-1,39,-1,98,IGF1R (NM_000875) rearrangement: c.954-1844_1009del,PRECISE,3to5,Deletion within transcript: mid-exon,DELETION,1899,Note: The IGF1R(NM_000875) rearrangement results in the intragenic deletion of exon 4 . The breakpoint is within exon 4.Its functional significance is undetermined.,SOMATIC,3480.0
UC0wMDEwNDY0LVQwMS1JTTU6YnJlYXN0X21za18yMDI1,UC0wMDEwNDY0OmJyZWFzdF9tc2tfMjAyNQ,breast_msk_2025_structural_variants,P-0010464-T01-IM5,P-0010464,breast_msk_2025,IGF1R,NA,15,99434762,NA,NA,-1,Exon 3 of IGF1R(+),,,NA,7,113198852,NA,NA,-1,IGR: 318Kb before PPP1R3A(-),NA,GRCh37,NA,NA,0,0,0,29,-1,-1,-1,-1,IGF1R (NM_000875) rearrangement: t(7;15)(q31.1;q25.3)(chr7:g.113198852::chr15:g.99434762),PRECISE,3to5,IGF1R-intragenic,TRANSLOCATION,0,Note: The IGF1R rearrangement is a translocation with a breakpoint within exon3 of IGF1R. The functional significance is undetermined.,SOMATIC,3480.0
UC0wMDUyMjkxLVQwMS1JTTY6YnJlYXN0X21za18yMDI1,UC0wMDUyMjkxOmJyZWFzdF9tc2tfMjAyNQ,breast_msk_2025_structural_variants,P-0052291-T01-IM6,P-0052291,breast_msk_2025,IGF1R,NA,15,99312545,NA,NA,-1,Intron of IGF1R(+):61Kb after exon 2,,,NA,15,99465630,NA,NA,-1,Exon 11 of IGF1R(+),NA,GRCh37,yes,unk,15842,8029,0,18,-1,17,-1,10,IGF1R (NM_000875) rearrangement: c.640+61209_c.2455del,PRECISE,3to5,Deletion within transcript : mid-exon,DELETION,153085,Note: The IGF1R rearrangement is an intragenic deletion of exons 3 - 11. One of the breakpoints is within exon 11. The rearrangement does not include the kinase domain of IGF1R. Functional significance is undetermined.,SOMATIC,3480.0
UC0wMDUyMjkxLVQwMi1JTTY6YnJlYXN0X21za18yMDI1,UC0wMDUyMjkxOmJyZWFzdF9tc2tfMjAyNQ,breast_msk_2025_structural_variants,P-0052291-T02-IM6,P-0052291,breast_msk_2025,IGF1R,NA,15,99312545,NA,NA,-1,Intron of IGF1R(+):61Kb after exon 2,,,NA,15,99465630,NA,NA,-1,Exon 11 of IGF1R(+),NA,GRCh37,yes,unk,16841,12446,0,60,-1,58,-1,10,IGF1R (NM_000875) rearrangement: c.640+61209_c.2455del,PRECISE,3to5,Deletion within transcript : mid-exon,DELETION,153085,Note: The IGF1R rearrangement is an intragenic deletion of exons 3 - 11. One of the breakpoints is within exon 11. The rearrangement does not include the kinase domain of IGF1R. Functional significance is undetermined.,SOMATIC,3480.0
UC0wMDIxOTgzLVQwMS1JTTY6YnJlYXN0X21za18yMDI1,UC0wMDIxOTgzOmJyZWFzdF9tc2tfMjAyNQ,breast_msk_2025_structural_variants,P-0021983-T01-IM6,P-0021983,breast_msk_2025,IGF1R,NA,15,99467786,NA,NA,-1,Exon 13 of IGF1R(+),,,NA,6,13582729,NA,NA,-1,5-UTR of SIRT5(+):2Kb before coding start,NA,GRCh37,NA,NA,0,0,0,17,-1,-1,-1,-1,IGF1R (NM_000875) rearrangement: t(6;15)(p23;q26.3)(chr6:g.13582729::chr15:g.99467786),PRECISE,5to5,IGF1R-intragenic,TRANSLOCATION,0,Note: The IGF1R rearrangement is a translocation that may result in a truncation of exons 13-21. One of the breakpoints is within exon 13. The functional significance is undetermined.,SOMATIC,3480.0
UC0wMDAyNDM1LVQwMS1JTTM6YnJlYXN0X21za18yMDI1,UC0wMDAyNDM1OmJyZWFzdF9tc2tfMjAyNQ,breast_msk_2025_structural_variants,P-0002435-T01-IM3,P-0002435,breast_msk_2025,IGF1R,NA,15,99452116,NA,NA,-1,Exon 6 of IGF1R(+),84320.0,ACBD6,NA,1,180399173,NA,NA,-1,Intron of ACBD6(-): 142bp after exon 4,NA,GRCh37,yes,unk,0,0,0,7,-1,7,-1,22,NA,PRECISE,5to5,Protein fusion: mid-exon (ACBD6-IGF1R),TRANSLOCATION,0,NA,SOMATIC,3480.0
UC0wMDA0OTEyLVQwMS1JTTU6YnJlYXN0X21za18yMDI1,UC0wMDA0OTEyOmJyZWFzdF9tc2tfMjAyNQ,breast_msk_2025_structural_variants,P-0004912-T01-IM5,P-0004912,breast_msk_2025,IGSF8,NA,1,160066615,NA,NA,-1,Intron of IGSF8(-): 2Kb before exon 2,6391.0,SDHC,NA,1,161298176,NA,NA,-1,Intron of SDHC(+): 10bp before exon 3,NA,GRCh37,NA,NA,3686,5807,0,20,-1,-1,-1,-1,IGSF8(NM_001206665) - SDHC(NM_003001) Rearrangement :  c.65-1579:IGSF8_c.78-10:SDHCinv,PRECISE,5to5,Protein fusion: out of frame (IGSF8-SDHC),INVERSION,1231561,Note: The IGSF8(NM_001206665) - SDHC(NM_003001) Rearrangement results in fusion of exons 1 and 2 of IGSF8 with exons 3 to 6 of SDHC.its functional significance is undetermined.,SOMATIC,93185.0
UC0wMDU2MTg1LVQwMS1JTTY6YnJlYXN0X21za18yMDI1,UC0wMDU2MTg1OmJyZWFzdF9tc2tfMjAyNQ,breast_msk_2025_structural_variants,P-0056185-T01-IM6,P-0056185,breast_msk_2025,IKBKE,NA,12,98574161,NA,NA,-1,IGR: 185Kb before MIR4303(-),,,NA,1,206667151,NA,NA,-1,Intron of IKBKE(+):101bp before exon 21,NA,GRCh37,yes,unk,0,0,0,62,-1,62,-1,10,IKBKE (NM_014002) rearrangement: t(1;12)(q32.1;q23.1)(chr1:g.206667151::chr12:g.98574161),PRECISE,3to5,IKBKE-intragenic,TRANSLOCATION,0,Note: The IKBKE rearrangement is a translocation with a breakpoint in intron 20. Functional significance is undetermined.,SOMATIC,9641.0
UC0wMDE0NTA5LVQwMS1JTTY6YnJlYXN0X21za18yMDI1,UC0wMDE0NTA5OmJyZWFzdF9tc2tfMjAyNQ,breast_msk_2025_structural_variants,P-0014509-T01-IM6,P-0014509,breast_msk_2025,IKBKE,NA,1,206651668,NA,NA,-1,Exon 9 of IKBKE(+),,,NA,1,206657642,NA,NA,-1,Intron of IKBKE(+): 692bp before exon 14,NA,GRCh37,NA,NA,6970,8309,0,10,-1,-1,-1,-1,IKBKE (NM_014002) rearrangement: c.978_c.1428-692dup,PRECISE,5to3,Duplication within transcript: mid-exon,DUPLICATION,5974,Note: The IKBKE rearrangement is an intragenic duplication of exons 9-14. One of the breakpoints is within exon 9. The functional significance is undetermined.,SOMATIC,9641.0
UC0wMDI0MjY2LVQwMS1JTTY6YnJlYXN0X21za18yMDI1,UC0wMDI0MjY2OmJyZWFzdF9tc2tfMjAyNQ,breast_msk_2025_structural_variants,P-0024266-T01-IM6,P-0024266,breast_msk_2025,IKBKE,NA,1,206653952,NA,NA,-1,Intron of IKBKE(+):76bp after exon 13,,,NA,1,206659574,NA,NA,-1,Intron of IKBKE(+):931bp after exon 15,NA,GRCh37,yes,unk,2891,2106,0,27,-1,24,-1,10,IKBKE (NM_014002) Rearrangement : c.1427+76_c.1616+931del,PRECISE,3to5,Deletion of 2 exons : in frame,DELETION,5622,Note: The IKBKE Rearrangement results in the intragenic deletion of exons 14-15. Its functional significance is undetermined.,SOMATIC,9641.0
UC0wMDU2MTg1LVQwMi1JTTY6YnJlYXN0X21za18yMDI1,UC0wMDU2MTg1OmJyZWFzdF9tc2tfMjAyNQ,breast_msk_2025_structural_variants,P-0056185-T02-IM6,P-0056185,breast_msk_2025,IKBKE,NA,12,98574161,NA,NA,-1,IGR: 185Kb before MIR4303(-),,,NA,1,206667151,NA,NA,-1,Intron of IKBKE(+):101bp before exon 21,NA,GRCh37,yes,unk,0,0,0,27,-1,27,-1,10,IKBKE (NM_014002) rearrangement: t(1;12)(q32.1;q23.1)(chr1:g.206667151::chr12:g.98574161),PRECISE,3to5,IKBKE-intragenic,TRANSLOCATION,0,Note: The IKBKE rearrangement is a translocation with a breakpoint in intron 20. Functional significance is undetermined.,SOMATIC,9641.0
UC0wMDMyOTQ5LVQwMS1JTTY6YnJlYXN0X21za18yMDI1,UC0wMDMyOTQ5OmJyZWFzdF9tc2tfMjAyNQ,breast_msk_2025_structural_variants,P-0032949-T01-IM6,P-0032949,breast_msk_2025,IKBKE,NA,1,206653507,NA,NA,-1,Intron of IKBKE(+):51bp after exon 12,,,NA,1,214506738,NA,NA,-1,Intron of SMYD2(+):804bp before exon 11,NA,GRCh37,NA,NA,25676,27613,0,14,-1,-1,-1,-1,IKBKE (NM_014002) rearrangement: c.1340+51:IKBKE_chr1:g.214506738inv,PRECISE,3to3,Antisense Fusion,INVERSION,7853231,Note: The IKBKE rearrangement is an inversion of exons 13-22. Its functional significance is undetermined.,SOMATIC,9641.0
UC0wMDMyOTQ5LVQwMS1JTTY6YnJlYXN0X21za18yMDI1,UC0wMDMyOTQ5OmJyZWFzdF9tc2tfMjAyNQ,breast_msk_2025_structural_variants,P-0032949-T01-IM6,P-0032949,breast_msk_2025,IKBKE,NA,5,84458674,NA,NA,-1,IGR: 1Mb before NBPF22P(+),,,NA,1,206669470,NA,NA,-1,Exon 22 of IKBKE(+),NA,GRCh37,NA,NA,0,0,0,26,-1,-1,-1,-1,IKBKE (NM_014002) rearrangement: t(1;5)(q14.3;q32.1)(chr5:g.84458674::chr1:g.206669470),PRECISE,3to3,IKBKE-intragenic,TRANSLOCATION,0,"Note: The IKBKE rearrangement is a translocation involving a breakpoint in exon 22. Its functional significance is undetermined. Multiple IKBKE structural variants are detected, more complex event cannot be ruled out.",SOMATIC,9641.0
UC0wMDM3NjE4LVQwMi1JTTY6YnJlYXN0X21za18yMDI1,UC0wMDM3NjE4OmJyZWFzdF9tc2tfMjAyNQ,breast_msk_2025_structural_variants,P-0037618-T02-IM6,P-0037618,breast_msk_2025,IKBKE,NA,1,180523683,NA,NA,-1,IGR: 4Kb before OVAAL(+),,,NA,1,206647719,NA,NA,-1,Exon 4 of IKBKE(+),NA,GRCh37,yes,unk,44857,107303,0,72,-1,70,-1,10,IKBKE (NM_014002) rearrangement: c.133:IKBKE_chr1:g.180523683del,PRECISE,3to5,IKBKE-intragenic,DELETION,26124036,Note: The IKBKE rearrangement is a deletion of exons 1-4. One of the breakpoints is within exon 4. The functional significance is undetermined.,SOMATIC,9641.0
UC0wMDM0MzkxLVQwMS1JTTY6YnJlYXN0X21za18yMDI1,UC0wMDM0MzkxOmJyZWFzdF9tc2tfMjAyNQ,breast_msk_2025_structural_variants,P-0034391-T01-IM6,P-0034391,breast_msk_2025,IKZF1,NA,7,50358698,NA,NA,-1,Intron of IKZF1(+):1bp after exon 2,,,NA,7,55967697,NA,NA,-1,IGR: 13Kb before ZNF713(+),NA,GRCh37,NA,NA,87995,235534,0,21,-1,-1,-1,-1,IKZF1 (NM_006060) rearrangement: c.40+1:IKZF1_chr7:g.55967697inv,PRECISE,3to3,IKZF1-intragenic,INVERSION,5608999,Note: The IKZF1 rearrangement is an inversion of exons 3-8. Its functional significance is undetermined.,SOMATIC,10320.0
UC0wMDE3ODQ2LVQwMS1JTTY6YnJlYXN0X21za18yMDI1,UC0wMDE3ODQ2OmJyZWFzdF9tc2tfMjAyNQ,breast_msk_2025_structural_variants,P-0017846-T01-IM6,P-0017846,breast_msk_2025,IL10,NA,1,201374280,NA,NA,-1,3-UTR of TNNI1(-):5Kb after coding stop,,,NA,1,206944213,NA,NA,-1,Intron of IL10(-):38bp after exon 3,NA,GRCh37,NA,NA,37072,87278,0,6,-1,-1,-1,-1,IL10 (NM_000572) Rearrangement : chr1:g.201374280_c.378+39:IL10del,PRECISE,3to5,IL10-intragenic,DELETION,5569933,Note: The IL10 Rearrangement results in the deletion of exons 4-5 of IL10. Its functional significance is undetermined.,SOMATIC,3586.0
UC0wMDI0MDgzLVQwNC1JTTY6YnJlYXN0X21za18yMDI1,UC0wMDI0MDgzOmJyZWFzdF9tc2tfMjAyNQ,breast_msk_2025_structural_variants,P-0024083-T04-IM6,P-0024083,breast_msk_2025,INHA,NA,2,37386053,NA,NA,-1,Promoter of EIF2AK2(-):54Kb from tx start,,,NA,2,220440232,NA,NA,-1,Exon 2 of INHA(+),NA,GRCh37,yes,unk,889169,1075695,0,70,-1,69,-1,10,INHA (NM_002191) rearrangement: c.1085:INHA_chr2:g.37386053inv,PRECISE,3to3,Protein Fusion: mid-exon  {INHA:EIF2AK2},INVERSION,183054179,Note: The INHA rearrangement is an inversion of exons 1 - 2. One of the breakpoints is within exon 2. Functional significance is undetermined.,SOMATIC,3623.0
UC0wMDI0MDgzLVQwMy1JTTY6YnJlYXN0X21za18yMDI1,UC0wMDI0MDgzOmJyZWFzdF9tc2tfMjAyNQ,breast_msk_2025_structural_variants,P-0024083-T03-IM6,P-0024083,breast_msk_2025,INHA,NA,2,37386053,NA,NA,-1,Promoter of EIF2AK2(-):54Kb from tx start,,,NA,2,220440232,NA,NA,-1,Exon 2 of INHA(+),NA,GRCh37,yes,unk,686911,993243,0,53,-1,53,-1,10,INHA (NM_002191) rearrangement: c.1085:INHA_chr2:g.37386053inv,PRECISE,3to3,Protein Fusion: mid-exon  {INHA:EIF2AK2},INVERSION,183054179,Note: The INHA rearrangement is an inversion of exons 1 - 2. One of the breakpoints is within exon 2. Functional significance is undetermined.,SOMATIC,3623.0
UC0wMDI0MDgzLVQwMi1JTTY6YnJlYXN0X21za18yMDI1,UC0wMDI0MDgzOmJyZWFzdF9tc2tfMjAyNQ,breast_msk_2025_structural_variants,P-0024083-T02-IM6,P-0024083,breast_msk_2025,INHA,NA,2,37386053,NA,NA,-1,Promoter of EIF2AK2(-):54Kb from tx start,,,NA,2,220440232,NA,NA,-1,Exon 2 of INHA(+),NA,GRCh37,yes,unk,803813,1372241,0,99,-1,100,-1,10,INHA (NM_002191) rearrangement: c.1085:INHA_chr2:g.37386053inv,PRECISE,3to3,Protein Fusion: mid-exon  {INHA:EIF2AK2},INVERSION,183054179,Note: The INHA rearrangement is an inversion of exons 1 - 2. One of the breakpoints is within exon 2. Functional significance is undetermined.,SOMATIC,3623.0
UC0wMDA5NzkxLVQwMS1JTTU6YnJlYXN0X21za18yMDI1,UC0wMDA5NzkxOmJyZWFzdF9tc2tfMjAyNQ,breast_msk_2025_structural_variants,P-0009791-T01-IM5,P-0009791,breast_msk_2025,INPP4B,NA,4,133235766,NA,NA,-1,IGR: 835Kb before PCDH10(+),,,NA,4,143130135,NA,NA,-1,Exon 14 of INPP4B(-),NA,GRCh37,yes,unk,33763,30101,0,19,-1,18,-1,59,INPP4B (NM_001101669)  Rearrangement: chr4:g.133235766_ c.881:INPP4Binv,PRECISE,5to5,INPP4B-intragenic,INVERSION,9894369,Note: The INPP4B (NM_001101669)  Rearrangement results in the inversion of exons 14-26 of INPP4B. One of the breakpoints is within exon14 .Its functional significance is undetermined.,SOMATIC,8821.0
UC0wMDA5NzkxLVQwMi1JTTY6YnJlYXN0X21za18yMDI1,UC0wMDA5NzkxOmJyZWFzdF9tc2tfMjAyNQ,breast_msk_2025_structural_variants,P-0009791-T02-IM6,P-0009791,breast_msk_2025,INPP4B,NA,4,133235767,NA,NA,-1,IGR: 276Kb before LINC01256(+),,,NA,4,143130136,NA,NA,-1,Exon 13 of INPP4B(-),NA,GRCh37,yes,unk,16868,20177,0,22,-1,17,-1,10,INPP4B (NM_001101669) rearrangement: c.880:INPP4B_chr4:g.133235767inv,PRECISE,5to5,INPP4B-intragenic,INVERSION,9894369,Note: The INPP4B rearrangement is an inversion of exons 13 - 26. One of the breakpoints is within exon 13. Functional significance is undetermined.,SOMATIC,8821.0
UC0wMDM5Mjc2LVQwMS1JTTY6YnJlYXN0X21za18yMDI1,UC0wMDM5Mjc2OmJyZWFzdF9tc2tfMjAyNQ,breast_msk_2025_structural_variants,P-0039276-T01-IM6,P-0039276,breast_msk_2025,INPP4B,NA,12,50117803,NA,NA,-1,IGR: 17Kb before TMBIM6(+),,,NA,4,143326279,NA,NA,-1,Intron of INPP4B(-):79bp after exon 6,NA,GRCh37,yes,unk,0,0,0,11,-1,33,-1,0,INPP4B (NM_001101669) rearrangement: t(4;12)(q31.21;q13.12)(chr4:g.143326279::chr12:g.50117803),IMPPRECISE,5to5,INPP4B-intragenic,TRANSLOCATION,0,Note: The INPP4B rearrangement is a translocation with a breakpoint in intron 6. Functional significance is undetermined.,SOMATIC,8821.0
UC0wMDEzMTcyLVQwMi1JTTY6YnJlYXN0X21za18yMDI1,UC0wMDEzMTcyOmJyZWFzdF9tc2tfMjAyNQ,breast_msk_2025_structural_variants,P-0013172-T02-IM6,P-0013172,breast_msk_2025,INPPL1,NA,11,71945445,NA,NA,-1,Intron of INPPL1(+):7bp after exon 20,,,NA,11,76694825,NA,NA,-1,Intron of ACER3(+):2Kb before exon 4,NA,GRCh37,NA,NA,26977,72661,0,70,-1,-1,-1,-1,INPPL1 (NM_001567) rearrangement: c.2326+7:INPPL1_chr11:g.76694825inv,PRECISE,5to5,INPPL1-intragenic,INVERSION,4749380,Note: The INPPL1 rearrangement is an inversion with a breakpoint in intron 20. The functional significance is undetermined.,SOMATIC,3636.0
UC0wMDMyMjMzLVQwMS1JTTY6YnJlYXN0X21za18yMDI1,UC0wMDMyMjMzOmJyZWFzdF9tc2tfMjAyNQ,breast_msk_2025_structural_variants,P-0032233-T01-IM6,P-0032233,breast_msk_2025,INPPL1,NA,11,2934580,NA,NA,-1,Intron of SLC22A18(+):3Kb before exon 6,,,NA,11,71944115,NA,NA,-1,Intron of INPPL1(+):3bp before exon 17,NA,GRCh37,NA,NA,195752,278153,0,17,-1,-1,-1,-1,INPPL1 (NM_001567) rearrangement: c.1952-4:INPPL1_chr11:g.2934580inv,PRECISE,3to3,Antisense Fusion,INVERSION,69009535,Note: The INPPL1 rearrangement results in the inversion of exons 1-17. The functional significance is undetermined.,SOMATIC,3636.0
UC0wMDMxNTIzLVQwMi1JTTY6YnJlYXN0X21za18yMDI1,UC0wMDMxNTIzOmJyZWFzdF9tc2tfMjAyNQ,breast_msk_2025_structural_variants,P-0031523-T02-IM6,P-0031523,breast_msk_2025,INPPL1,NA,11,71940164,NA,NA,-1,Exon 5 of INPPL1(+),81570.0,CLPB,NA,11,72024501,NA,NA,-1,Intron of CLPB(-):4Kb after exon 9,NA,GRCh37,yes,unk,54622,53336,0,18,-1,19,-1,10,INPPL1 (NM_00156) rearrangement: c.549:INPPL1_chr11:g.72024501del,PRECISE,3to5,Antisense Fusion,DELETION,84337,Note: The INPPL1 rearrangement is a deletion of exons 5-28. One of the breakpoints is within exon 5. The functional significance is undetermined.,SOMATIC,3636.0
UC0wMDA5NzkxLVQwMi1JTTY6YnJlYXN0X21za18yMDI1,UC0wMDA5NzkxOmJyZWFzdF9tc2tfMjAyNQ,breast_msk_2025_structural_variants,P-0009791-T02-IM6,P-0009791,breast_msk_2025,INPPL1,NA,11,71940493,NA,NA,-1,Intron of INPPL1(+):15bp before exon 6,9846.0,GAB2,NA,11,78110367,NA,NA,-1,Intron of GAB2(-):18Kb after exon 1,NA,GRCh37,yes,unk,79762,97996,0,3,-1,3,-1,9,INPPL1 (NM_001567) - GAB2 (NM_080491) rearrangement: c.660-16:INPPL1_c.75+18325:GAB2inv,PRECISE,3to3,Protein Fusion: out of frame  {INPPL1:GAB2},INVERSION,6169874,Note: The INPPL1 - GAB2 rearrangement is an inversion that results in a fusion of INPPL1 exons 1 - 5 to GAB2 exons 2 - 10. Functional significance is undetermined. Multiple rearrangements involving INPPL1 were detected in this sample and a more complex re,SOMATIC,3636.0
UC0wMDM5NzA2LVQwMS1JTTY6YnJlYXN0X21za18yMDI1,UC0wMDM5NzA2OmJyZWFzdF9tc2tfMjAyNQ,breast_msk_2025_structural_variants,P-0039706-T01-IM6,P-0039706,breast_msk_2025,INSR,NA,19,7267365,NA,NA,-1,Exon 2 of INSR(-),,,NA,19,7275266,NA,NA,-1,Intron of INSR(-):7Kb before exon 2,NA,GRCh37,NA,NA,3848,1955,0,18,-1,-1,-1,-1,INSR (NM_000208) rearrangement: c.101-7359_c.643del,PRECISE,3to5,Deletion within transcript : mid-exon,DELETION,7901,Note: The INSR rearrangement is an intragenic deletion of exon 2. One of the breakpoints is within exon 2. The rearrangement does not include the kinase domain of INSR. Functional significance is undetermined.,SOMATIC,3643.0
UC0wMDI5MjkxLVQwMS1JTTY6YnJlYXN0X21za18yMDI1,UC0wMDI5MjkxOmJyZWFzdF9tc2tfMjAyNQ,breast_msk_2025_structural_variants,P-0029291-T01-IM6,P-0029291,breast_msk_2025,INSR,NA,19,7125617,NA,NA,-1,Intron of INSR(-):79bp before exon 17,,,NA,8,100814425,NA,NA,-1,Intron of VPS13B(+):7Kb before exon 44,NA,GRCh37,NA,NA,0,0,0,7,-1,-1,-1,-1,INSR (NM_000208) rearrangement: t(8;19)(q22.2;p13.2)(chr8:g.100814425::chr19:g.7125617),PRECISE,3to5,INSR-intragenic,TRANSLOCATION,0,Note: The INSR rearrangement is a translocation involving exon 17.  The functional significance is undetermined.,SOMATIC,3643.0
UC0wMDE1MDk5LVQwMS1JTTY6YnJlYXN0X21za18yMDI1,UC0wMDE1MDk5OmJyZWFzdF9tc2tfMjAyNQ,breast_msk_2025_structural_variants,P-0015099-T01-IM6,P-0015099,breast_msk_2025,IRS2,NA,13,99829420,NA,NA,-1,IGR: 23Kb before UBAC2(+),,,NA,13,110435791,NA,NA,-1,Exon 1 of IRS2(-),NA,GRCh37,NA,NA,74547,121091,0,117,-1,-1,-1,-1,IRS2 (NM_003749) rearrangement: g.99829420_c.2610del,PRECISE,3to5,IRS2-intragenic,DELETION,10606371,Note: The IRS2 (NM_003749) rearrangement results in the deletion of exons 1 and 2. One of the breakpoints is within exon 1. The functional significance is undetermined.,SOMATIC,8660.0
UC0wMDEzMzQ1LVQwMS1JTTU6YnJlYXN0X21za18yMDI1,UC0wMDEzMzQ1OmJyZWFzdF9tc2tfMjAyNQ,breast_msk_2025_structural_variants,P-0013345-T01-IM5,P-0013345,breast_msk_2025,IRS2,NA,13,110437592,NA,NA,-1,Exon 1 of IRS2(-),55074.0,OXR1,NA,8,107336496,NA,NA,-1,5-UTR of OXR1(+): 35Kb before coding start,NA,GRCh37,yes,unk,0,0,0,8,-1,10,-1,19,"IRS2 (NM_003749) - OXR1 (NM_001198532) Rearrangement : t(8,13)(8q23.1,13q34)(chr8:g.107336496::chr13:g.110437592)",PRECISE,5to5,Protein fusion: mid-exon (IRS2-OXR1),TRANSLOCATION,0,Note: The IRS2 - OXR1 Rearrangement is a translocation event which results in the fusion of exon 1 of IRS2 with exons 2 to 16 of OXR1. Its functional significance is undetermined.,SOMATIC,8660.0
UC0wMDE1NDk2LVQwMS1JTTY6YnJlYXN0X21za18yMDI1,UC0wMDE1NDk2OmJyZWFzdF9tc2tfMjAyNQ,breast_msk_2025_structural_variants,P-0015496-T01-IM6,P-0015496,breast_msk_2025,ITPR1,NA,3,4566397,NA,NA,-1,Intron of ITPR1(+): 4Kb after exon 4,55193.0,PBRM1,NA,3,52598084,NA,NA,-1,Exon 24 of PBRM1(-),NA,GRCh37,yes,unk,403560,305998,0,64,-1,65,-1,61,PBRM1 (NM_018313) Rearrangement : c.3782:PBRM1_c.163+3619:ITPR1del,PRECISE,3to5,Antisense fusion,DELETION,48031687,Note: The PBRM1 Rearrangement results in the deletion of exons 24-30 of PBRM1. One of the breakpoints is within exon24. Its functional significance is undetermined.,SOMATIC,3708.0
UC0wMDAzNzg3LVQwMy1JTTY6YnJlYXN0X21za18yMDI1,UC0wMDAzNzg3OmJyZWFzdF9tc2tfMjAyNQ,breast_msk_2025_structural_variants,P-0003787-T03-IM6,P-0003787,breast_msk_2025,JAK1,NA,1,65312107,NA,NA,-1,Intron of JAK1(-):224bp after exon 14,,,NA,1,65313172,NA,NA,-1,Intron of JAK1(-):42bp after exon 13,NA,GRCh37,yes,unk,1472,326,0,100,-1,99,-1,10,JAK1 (NM_002227) rearrangement: c.1899+43_c.1987+225del,PRECISE,3to5,Deletion of 1 exon : out of frame,DELETION,1065,Note: The JAK1 rearrangement is an intragenic deletion of exon 14.,SOMATIC,3716.0
UC0wMDA2MTY5LVQwMS1JTTU6YnJlYXN0X21za18yMDI1,UC0wMDA2MTY5OmJyZWFzdF9tc2tfMjAyNQ,breast_msk_2025_structural_variants,P-0006169-T01-IM5,P-0006169,breast_msk_2025,JAK1,NA,1,65309878,NA,NA,-1,Exon 17 of JAK1(-),,,NA,1,65490725,NA,NA,-1,IGR: 33Kb before MIR101-1(-),NA,GRCh37,NA,NA,27920,28740,0,20,-1,-1,-1,-1,JAK1 (NM_002227)  Rearrangement :  c.2272:JAK1_chr1:g.65490725dup,PRECISE,5to3,JAK1-intragenic,DUPLICATION,180847,Note: The JAK1 (NM_002227)  rearrangement results in the duplication of exons 1 to 17 of JAK1.  The breakpoint is within exon17. Its functional significance is undetermined.,SOMATIC,3716.0
UC0wMDIwMDM4LVQwMS1JTTY6YnJlYXN0X21za18yMDI1,UC0wMDIwMDM4OmJyZWFzdF9tc2tfMjAyNQ,breast_msk_2025_structural_variants,P-0020038-T01-IM6,P-0020038,breast_msk_2025,JAK1,NA,1,65332979,NA,NA,-1,Intron of JAK1(-):88bp before exon 7,,,NA,1,65567911,NA,NA,-1,IGR: 44Kb before MIR101-1(-),NA,GRCh37,NA,NA,5516,4517,0,9,-1,-1,-1,-1,JAK1 (NM_002227) rearrangement: c.648-88_chr1:g.65567911del,PRECISE,3to5,JAK1-intragenic,DELETION,234932,Note: The JAK1 rearrangement is a deletion (234932  bp) which includes exon 1-7 of JAK1. The functional significance is undetermined.,SOMATIC,3716.0
UC0wMDQwOTg4LVQwMS1JTTY6YnJlYXN0X21za18yMDI1,UC0wMDQwOTg4OmJyZWFzdF9tc2tfMjAyNQ,breast_msk_2025_structural_variants,P-0040988-T01-IM6,P-0040988,breast_msk_2025,JAK1,NA,8,121037868,NA,NA,-1,Intron of DEPTOR(+):16Kb after exon 8,64798.0,DEPTOR,NA,1,65323270,NA,NA,-1,Intron of JAK1(-):68bp after exon 10,NA,GRCh37,NA,NA,0,0,0,6,-1,-1,-1,-1,JAK1 (NM_002227) - DEPTOR (NM_022783) rearrangement: t(1;8)(p31.3;q24.12)(chr1:g.65323270::chr8:g.121037868),PRECISE,5to5,Protein Fusion: in frame  {JAK1:DEPTOR},TRANSLOCATION,0,Note: The JAK1 - DEPTOR rearrangement is a translocation that results in a fusion of JAK1 exons 1 - 10 to DEPTOR exon 9. The fusion is predicted to be in frame. Functional significance is undetermined.,SOMATIC,3716.0
UC0wMDA3Nzk0LVQwMS1JTTU6YnJlYXN0X21za18yMDI1,UC0wMDA3Nzk0OmJyZWFzdF9tc2tfMjAyNQ,breast_msk_2025_structural_variants,P-0007794-T01-IM5,P-0007794,breast_msk_2025,JAK2,NA,9,5090887,NA,NA,-1,Exon 22 of JAK2(+),,,NA,9,5097361,NA,NA,-1,Intron of JAK2(+): 6Kb after exon 22,NA,GRCh37,yes,unk,139,284,0,27,-1,27,-1,38,JAK2 (NM_004972) Rearrangement :  c.3035_c.3059+6450del,PRECISE,3to5,Deletion within transcript: mid-exon,DELETION,6474,Note: The JAK2 (NM_004972) Rearrangement results in the intragenic deletion of exon 22 of JAK2.One of the breakpoints is within exon22. Its functional significance  is undetermined.,SOMATIC,3717.0
UC0wMDA3NzU5LVQwMS1JTTU6YnJlYXN0X21za18yMDI1,UC0wMDA3NzU5OmJyZWFzdF9tc2tfMjAyNQ,breast_msk_2025_structural_variants,P-0007759-T01-IM5,P-0007759,breast_msk_2025,JAK2,NA,9,5053476,NA,NA,-1,Intron of JAK2(+): 1Kb before exon 7,,,NA,9,5054581,NA,NA,-1,Exon 7 of JAK2(+),NA,GRCh37,yes,unk,716,789,0,10,-1,10,-1,0,JAK2 (NM_004972) rearrangement: c.615-1087_c.633del,IMPRECISE,3to5,Deletion within transcript: mid-exon,DELETION,1105,Note: The JAK2 (NM_004972) rearrangement is an intragenic deletion of exon 7. One of the breakpoints is within exon 7 of JAK2. The functional significance is undetermined.,SOMATIC,3717.0
UC0wMDEzOTY5LVQwMS1JTTU6YnJlYXN0X21za18yMDI1,UC0wMDEzOTY5OmJyZWFzdF9tc2tfMjAyNQ,breast_msk_2025_structural_variants,P-0013969-T01-IM5,P-0013969,breast_msk_2025,JAK2,NA,9,5029150,NA,NA,-1,Intron of JAK2(+): 633bp before exon 4,,,NA,9,5126427,NA,NA,-1,Exon 24 of JAK2(+),NA,GRCh37,yes,unk,42056,31174,0,31,-1,32,-1,51,JAK2 (NM_004972) Rearrangement : c.227-633_c.3272dup,PRECISE,5to3,Duplication within transcript: mid-exon,DUPLICATION,97277,Note: The JAK2 Rearrangement results in the duplication of exons  4-24 of JAK2. This includes the kinase domain of JAK2. Its functional significance is undetermined.,SOMATIC,3717.0
UC0wMDU2ODUxLVQwMS1JTTY6YnJlYXN0X21za18yMDI1,UC0wMDU2ODUxOmJyZWFzdF9tc2tfMjAyNQ,breast_msk_2025_structural_variants,P-0056851-T01-IM6,P-0056851,breast_msk_2025,JAK2,NA,9,5042669,NA,NA,-1,Intron of JAK2(+):2Kb before exon 5,,,NA,9,5111564,NA,NA,-1,Intron of JAK2(+):11Kb before exon 23,NA,GRCh37,yes,unk,22632,28977,0,6,-1,6,-1,8,JAK2 (NM_004972) rearrangement: c.351-1734_c.3060-11440dup,PRECISE,5to3,Duplication of 18 exons : in frame,DUPLICATION,68895,Note: The JAK2 rearrangement is an intragenic duplication of exons 5 - 22. Functional significance is undetermined.,SOMATIC,3717.0
UC0wMDE4NjMwLVQwMS1JTTY6YnJlYXN0X21za18yMDI1,UC0wMDE4NjMwOmJyZWFzdF9tc2tfMjAyNQ,breast_msk_2025_structural_variants,P-0018630-T01-IM6,P-0018630,breast_msk_2025,JAK2,NA,11,44939223,NA,NA,-1,Intron of TSPAN18(+):299bp before exon 5,,,NA,9,5044464,NA,NA,-1,Exon 5 of JAK2(+),NA,GRCh37,NA,NA,0,0,0,46,-1,-1,-1,-1,JAK2 (NM_004972) rearrangement: t(9;11)(q24.12;p11.2)(chr9:g.5044464::chr11:g.44939223),PRECISE,5to5,JAK2-intragenic,TRANSLOCATION,0,Note: The JAK2 rearrangement is a translocation that may result in the truncation of exons 5-25. One of the breakpoints is within exon 5. The functional significance is undetermined.,SOMATIC,3717.0
UC0wMDE2NTY0LVQwMS1JTTY6YnJlYXN0X21za18yMDI1,UC0wMDE2NTY0OmJyZWFzdF9tc2tfMjAyNQ,breast_msk_2025_structural_variants,P-0016564-T01-IM6,P-0016564,breast_msk_2025,JAK3,NA,19,17944583,NA,NA,-1,Intron of JAK3(-):796bp after exon 17,,,NA,19,17948613,NA,NA,-1,Intron of JAK3(-):127bp after exon 12,NA,GRCh37,yes,unk,7066,6661,0,10,-1,10,-1,10,JAK3 (NM_000215) rearrangement: c.2350+797_c.1701+128del,PRECISE,3to5,Deletion of 5 exons : out of frame,DELETION,4030,Note: The JAK3 rearrangement results in the deletion of exons 13-17.  The functional significance is undetermined.,SOMATIC,3718.0
UC0wMDMwNjk5LVQwMS1JTTY6YnJlYXN0X21za18yMDI1,UC0wMDMwNjk5OmJyZWFzdF9tc2tfMjAyNQ,breast_msk_2025_structural_variants,P-0030699-T01-IM6,P-0030699,breast_msk_2025,JAK3,NA,19,17941916,NA,NA,-1,Intron of JAK3(-):120bp after exon 21,,,NA,11,119908524,NA,NA,-1,IGR: 73Kb before TRIM29(-),NA,GRCh37,NA,NA,0,0,0,43,-1,-1,-1,-1,JAK3 (NM_000215) rearrangement: t(11;19)(q23.3;p13.11)(chr11:g.119908524::chr19:g.17941916),PRECISE,5to3,JAK3-intragenic,TRANSLOCATION,0,Note: The JAK3 rearrangement is a translocation which involves exon 21. its functional significance is undetermined.,SOMATIC,3718.0
UC0wMDM0Njg1LVQwMS1JTTY6YnJlYXN0X21za18yMDI1,UC0wMDM0Njg1OmJyZWFzdF9tc2tfMjAyNQ,breast_msk_2025_structural_variants,P-0034685-T01-IM6,P-0034685,breast_msk_2025,KCNMA1,NA,10,63829403,NA,NA,-1,Intron of ARID5B(+):55bp before exon 8,84159.0,ARID5B,NA,10,78740695,NA,NA,-1,Intron of KCNMA1(-):11Kb before exon 20,NA,GRCh37,NA,NA,57979,85572,0,113,-1,-1,-1,-1,KCNMA1 (NM_001161352) - ARID5B (NM_032199) Rearrangement : c.2267-10870:KCNMA1_c.1102-56:ARID5Binv,PRECISE,5to5,Protein Fusion: out of frame  {KCNMA1:ARID5B},INVERSION,14911292,Note: The KCNMA1 - ARID5B Rearrangement  results in the fusion of exons 1-19 of KCNMA1 with exons 8-10 of ARID5B.Its functional significance is undetermined.,SOMATIC,3778.0
UC0wMDA5NDkwLVQwMS1JTTU6YnJlYXN0X21za18yMDI1,UC0wMDA5NDkwOmJyZWFzdF9tc2tfMjAyNQ,breast_msk_2025_structural_variants,P-0009490-T01-IM5,P-0009490,breast_msk_2025,KDM4C,NA,9,7149751,NA,NA,-1,Intron of KDM4C(+): 15Kb before exon 20,5789.0,PTPRD,NA,9,8633523,NA,NA,-1,Intron of PTPRD(-): 65bp before exon 14,NA,GRCh37,yes,unk,80440,121595,0,5,-1,5,-1,4,KDM4C (NM_015061) - PTPRD (NM_002839) rearrangement: c.2782-15487:KDM4C_c.211-65:PTPRDinv,PRECISE,3to3,Protein fusion: in frame (KDM4C-PTPRD),INVERSION,1483772,Note: The KDM4C (NM_015061) - PTPRD (NM_002839) rearrangement is an inversion that results in an in frame fusion of KDM4C exons 1-19 with PTPRD exons 14-46. The functional significance of this rearrangement is undetermined.,SOMATIC,23081.0
UC0wMDM3MTYyLVQwMi1JTTY6YnJlYXN0X21za18yMDI1,UC0wMDM3MTYyOmJyZWFzdF9tc2tfMjAyNQ,breast_msk_2025_structural_variants,P-0037162-T02-IM6,P-0037162,breast_msk_2025,KDM5A,NA,12,420107,NA,NA,-1,Exon 21 of KDM5A(-),,,NA,12,597211,NA,NA,-1,Intron of B4GALNT3(+):28Kb after exon 1,NA,GRCh37,yes,unk,26383,35463,0,6,-1,6,-1,10,KDM5A (NM_005056) Rearrangement :  c.3160:KDM5A_c.169+27500: B4GALNT3del,PRECISE,3to5,KDM5A-intragenic,DELETION,177104,Note: The KDM5A Rearrangement results in the deletion of exons 1-21 of KDM5A. The breakpoint in KDM5A is within exon21. Its functional significance is undetermined.,SOMATIC,5927.0
UC0wMDIyMDg2LVQwMS1JTTY6YnJlYXN0X21za18yMDI1,UC0wMDIyMDg2OmJyZWFzdF9tc2tfMjAyNQ,breast_msk_2025_structural_variants,P-0022086-T01-IM6,P-0022086,breast_msk_2025,KDM5A,NA,12,425057,NA,NA,-1,Intron of KDM5A(-):2Kb after exon 19,,,NA,12,427449,NA,NA,-1,Exon 19 of KDM5A(-),NA,GRCh37,yes,unk,1839,1637,0,6,-1,6,-1,0,KDM5A (NM_001042603) Rearrangement: c.2720_c.2897+2215del,IMPPRECISE,3to5,Deletion within transcript : mid-exon,DELETION,2392,Note: The KDM5A Rearrangement results in the intragenic deletion of exon19. One of the breakpoints is within exon19. The functional significance is undetermined.,SOMATIC,5927.0
UC0wMDIzMTkyLVQwMS1JTTY6YnJlYXN0X21za18yMDI1,UC0wMDIzMTkyOmJyZWFzdF9tc2tfMjAyNQ,breast_msk_2025_structural_variants,P-0023192-T01-IM6,P-0023192,breast_msk_2025,KDM5C,NA,X,53218213,NA,NA,-1,Promoter of KDM5C(-):2Kb from tx start,,,NA,X,53231051,NA,NA,-1,Exon 13 of KDM5C(-),NA,GRCh37,yes,unk,39146,35753,0,32,-1,31,-1,10,KDM5C (NM_004187) rearrangement: c.1851_c.*3936del,PRECISE,3to5,Deletion within transcript : mid-exon,DELETION,12838,Note: The KDM5C rearrangement is a deletion of exons 13-26. One of the breakpoints is within exon 13. The functional significance is undetermined.,SOMATIC,8242.0
UC0wMDAzNzYyLVQwMi1JTTU6YnJlYXN0X21za18yMDI1,UC0wMDAzNzYyOmJyZWFzdF9tc2tfMjAyNQ,breast_msk_2025_structural_variants,P-0003762-T02-IM5,P-0003762,breast_msk_2025,KDM6A,NA,X,44787359,NA,NA,-1,Intron of KDM6A(+): 33Kb before exon 3,,,NA,X,44833834,NA,NA,-1,Intron of KDM6A(+): 77bp before exon 4,NA,GRCh37,yes,unk,3214,1395,0,48,-1,51,-1,47,KDM6A (NM_021140) rearrangement: c.226-33170_c.335-77del.,PRECISE,3to5,Deletion of 1 exon: out of frame,DELETION,46475,The KDM6A (NM_021140) rearrangement is an intragenic deletion of exon3. The functional significance is undetermined.,SOMATIC,7403.0
UC0wMDA2ODA5LVQwMS1JTTU6YnJlYXN0X21za18yMDI1,UC0wMDA2ODA5OmJyZWFzdF9tc2tfMjAyNQ,breast_msk_2025_structural_variants,P-0006809-T01-IM5,P-0006809,breast_msk_2025,KDM6A,NA,X,44896626,NA,NA,-1,Intron of KDM6A(+): 274bp before exon 8,,,NA,X,44913295,NA,NA,-1,Intron of KDM6A(+): 95bp after exon 10,NA,GRCh37,yes,unk,6470,6224,0,19,-1,23,-1,34,KDM6A (NM_021140) Rearrangement : c.620-274_875+95dup,PRECISE,5to3,Duplication of 3 exons: out of frame,DUPLICATION,16669,Note: The KDM6A (NM_021140) Rearrangement results in the duplication of exons 8 to 10. Its functional significance is undetermined.,SOMATIC,7403.0
UC0wMDIwOTM4LVQwMi1JTTY6YnJlYXN0X21za18yMDI1,UC0wMDIwOTM4OmJyZWFzdF9tc2tfMjAyNQ,breast_msk_2025_structural_variants,P-0020938-T02-IM6,P-0020938,breast_msk_2025,KDM6A,NA,X,43650588,NA,NA,-1,Intron of MAOB(-):2Kb after exon 8,,,NA,X,44941909,NA,NA,-1,Intron of KDM6A(+):24bp after exon 21,NA,GRCh37,NA,NA,33995,46262,0,3,-1,-1,-1,-1,KDM6A (NM_021140) rearrangement: chrX:g.43650588_c.3209+24:KDM6Adel,PRECISE,3to5,KDM6A-intragenic,DELETION,1291321,Note: The KDM6A rearrangement is a deletion of exons 1-21.,SOMATIC,7403.0
UC0wMDIxOTgzLVQwMS1JTTY6YnJlYXN0X21za18yMDI1,UC0wMDIxOTgzOmJyZWFzdF9tc2tfMjAyNQ,breast_msk_2025_structural_variants,P-0021983-T01-IM6,P-0021983,breast_msk_2025,KDM6A,NA,X,44740630,NA,NA,-1,Intron of KDM6A(+):7Kb after exon 2,,,NA,X,44929230,NA,NA,-1,Exon 17 of KDM6A(+),NA,GRCh37,NA,NA,23519,8736,0,37,-1,-1,-1,-1,KDM6A (NM_021140) rearrangement: c.225+7397_c.2330del,PRECISE,3to5,Deletion within transcript : mid-exon,DELETION,188600,Note: The KDM6A rearrangement results in the deletion of exons 3-17. One of the breakpoints is within exon 17. The functional significance is undetermined.,SOMATIC,7403.0
UC0wMDIxOTgzLVQwMi1JTTY6YnJlYXN0X21za18yMDI1,UC0wMDIxOTgzOmJyZWFzdF9tc2tfMjAyNQ,breast_msk_2025_structural_variants,P-0021983-T02-IM6,P-0021983,breast_msk_2025,KDM6A,NA,X,44740630,NA,NA,-1,Intron of KDM6A(+):7Kb after exon 2,,,NA,X,44929230,NA,NA,-1,Exon 17 of KDM6A(+),NA,GRCh37,yes,unk,23135,10267,0,82,-1,80,-1,10,KDM6A (NM_021140) rearrangement: c.225+7397_c.2330del,PRECISE,3to5,Deletion within transcript : mid-exon,DELETION,188600,Note: The KDM6A rearrangement is a deletion of exons 3-17. One of the breakpoints is within exon 17. The functional significance is undetermined.,SOMATIC,7403.0
UC0wMDEwMDM1LVQwMi1JTTY6YnJlYXN0X21za18yMDI1,UC0wMDEwMDM1OmJyZWFzdF9tc2tfMjAyNQ,breast_msk_2025_structural_variants,P-0010035-T02-IM6,P-0010035,breast_msk_2025,KDR,NA,4,55950150,NA,NA,-1,Intron of KDR(-):1Kb before exon 28,,,NA,4,55955293,NA,NA,-1,Intron of KDR(-):153bp before exon 26,NA,GRCh37,yes,unk,2756,4731,0,6,-1,7,-1,10,KDR (NM_002253) rearrangement: c.3405-153_c.3663-1348dup,PRECISE,5to3,Duplication of 2 exons : in frame,DUPLICATION,5143,Note: The KDR rearrangement is an intragenic duplication of exons 26 - 27. The rearrangement includes a part of the kinase domain of KDR. Functional significance is undetermined.,SOMATIC,3791.0
UC0wMDQ0ODI0LVQwMS1JTTY6YnJlYXN0X21za18yMDI1,UC0wMDQ0ODI0OmJyZWFzdF9tc2tfMjAyNQ,breast_msk_2025_structural_variants,P-0044824-T01-IM6,P-0044824,breast_msk_2025,KDR,NA,4,55980834,NA,NA,-1,Intron of KDR(-):206bp after exon 5,,,NA,4,78666042,NA,NA,-1,Intron of CNOT6L(-):13bp before exon 7,NA,GRCh37,NA,NA,35086,39100,0,15,-1,-1,-1,-1,KDR (NM_002253) rearrangement: c.658+207:KDR_chr4:g.78666042inv,PRECISE,5to5,Antisense Fusion,INVERSION,22685208,Note: The KDR rearrangement is an inversion of exons 1 - 5. The rearrangement does not include the kinase domain of KDR. Functional significance is undetermined.,SOMATIC,3791.0
UC0wMDIwMDA4LVQwMi1JTTY6YnJlYXN0X21za18yMDI1,UC0wMDIwMDA4OmJyZWFzdF9tc2tfMjAyNQ,breast_msk_2025_structural_variants,P-0020008-T02-IM6,P-0020008,breast_msk_2025,KEAP1,NA,19,10610082,NA,NA,-1,Exon 2 of KEAP1(-),,,NA,19,21086726,NA,NA,-1,IGR: 19Kb before ZNF85(+),NA,GRCh37,NA,NA,501428,415440,0,20,-1,-1,-1,-1,KEAP1 (NM_203500) rearrangement: c.628_chr19:g.21086726inv.,PRECISE,5to5,KEAP1-intragenic,INVERSION,10476644,Note: The KEAP1 rearrangement results in the inversion of KEAP1 exons 1-2. Its significance is undetermined.,SOMATIC,9817.0
UC0wMDM0MTE3LVQwMS1JTTY6YnJlYXN0X21za18yMDI1,UC0wMDM0MTE3OmJyZWFzdF9tc2tfMjAyNQ,breast_msk_2025_structural_variants,P-0034117-T01-IM6,P-0034117,breast_msk_2025,KIAA1549,NA,7,138556165,NA,NA,-1,Intron of KIAA1549(-):57bp before exon 13,673.0,BRAF,NA,7,140483812,NA,NA,-1,Intron of BRAF(-):855bp before exon 10,NA,GRCh37,yes,unk,31939,10856,0,21,-1,19,-1,10,KIAA1549 (NM_001164665) - BRAF (NM_004333) fusion: c.4346-57:KIAA1549_c.1178-855:BRAFdup,PRECISE,5to3,Protein Fusion: in frame  {KIAA1549:BRAF},DUPLICATION,1927647,Note: The KIAA1549-BRAF fusion involves KIAA1549 exons 1-12 and BRAF exons 10-18. The fusion is predicted to be in-frame and involves the kinase domain of BRAF. This sample has also been nominated for further analysis of this fusion using the Archer targe,SOMATIC,57670.0
UC0wMDE2Nzk1LVQwMS1JTTY6YnJlYXN0X21za18yMDI1,UC0wMDE2Nzk1OmJyZWFzdF9tc2tfMjAyNQ,breast_msk_2025_structural_variants,P-0016795-T01-IM6,P-0016795,breast_msk_2025,KIT,NA,4,55576694,NA,NA,-1,Intron of KIT(+):989bp after exon 7,,,NA,4,55602832,NA,NA,-1,Intron of KIT(+):54bp before exon 19,NA,GRCh37,NA,NA,9515,20603,0,18,-1,-1,-1,-1,KIT (NM_000222) Rearrangement : c.1231+989_2597-55dup,PRECISE,5to3,Duplication of 11 exons : in frame,DUPLICATION,26138,Note: The KIT Rearrangement results in the intragenic duplication of exons 8-18. Its functional significance is undetermined.,SOMATIC,3815.0
UC0wMDEyOTg1LVQwMS1JTTU6YnJlYXN0X21za18yMDI1,UC0wMDEyOTg1OmJyZWFzdF9tc2tfMjAyNQ,breast_msk_2025_structural_variants,P-0012985-T01-IM5,P-0012985,breast_msk_2025,KIT,NA,4,55603197,NA,NA,-1,Intron of KIT(+): 144bp before exon 20,,,NA,4,55618064,NA,NA,-1,IGR: 11Kb after KIT(+),NA,GRCh37,yes,unk,3858,4924,0,10,-1,10,-1,15,KIT (NM_000222) rearrangement: c.2697-144_chr4:g.55618064dup,PRECISE,5to3,KIT-intragenic,DUPLICATION,14867,Note: The KIT rearrangement is a duplication which includes exons 20 -21. The functional significance is undetermined.,SOMATIC,3815.0
UC0wMDIyMTY2LVQwMi1JTTY6YnJlYXN0X21za18yMDI1,UC0wMDIyMTY2OmJyZWFzdF9tc2tfMjAyNQ,breast_msk_2025_structural_variants,P-0022166-T02-IM6,P-0022166,breast_msk_2025,KITLG,NA,12,88926122,NA,NA,-1,Intron of KITLG(-):95bp after exon 3,472.0,ATM,NA,11,108224556,NA,NA,-1,Exon 60 of ATM(+),NA,GRCh37,yes,unk,0,0,0,49,-1,48,-1,10,ATM (NM_000051) rearrangement: t(11;12)(q22.3;q21.32)(chr11:g.108224556::chr12:g.88926122),PRECISE,5to3,Antisense Fusion,TRANSLOCATION,0,Note: The ATM rearrangement is a translocation with a breakpoint in exon 60. The functional significance is undetermined.,SOMATIC,4254.0
UC0wMDAzMTA4LVQwMS1JTTU6YnJlYXN0X21za18yMDI1,UC0wMDAzMTA4OmJyZWFzdF9tc2tfMjAyNQ,breast_msk_2025_structural_variants,P-0003108-T01-IM5,P-0003108,breast_msk_2025,KLHL13,NA,X,117305158,NA,NA,-1,IGR: 54Kb after KLHL13(-),5925.0,RB1,NA,13,49051053,NA,NA,-1,Intron of RB1(+): 74bp after exon 25,NA,GRCh37,NA,NA,0,0,0,19,-1,-1,-1,-1,NA,IMPRECISE,3to3,KLHL13-RB1 Fusion,TRANSLOCATION,0,"Note: The RB1 (NM_000321) rearrangement event is a translocation which results in the truncation of RB1 excluding exons 26-27, potentially disabling the function of the gene.",SOMATIC,90293.0
UC0wMDU3MjI5LVQwMS1JTTY6YnJlYXN0X21za18yMDI1,UC0wMDU3MjI5OmJyZWFzdF9tc2tfMjAyNQ,breast_msk_2025_structural_variants,P-0057229-T01-IM6,P-0057229,breast_msk_2025,KMT2A,NA,11,118369185,NA,NA,-1,Exon 22 of KMT2A(+),,,NA,11,118378519,NA,NA,-1,Intron of KMT2A(+):195bp after exon 28,NA,GRCh37,yes,unk,19906,18644,0,14,-1,13,-1,10,KMT2A (NM_001197104) rearrangement: c.5903_c.10835+195dup,PRECISE,5to3,Duplication within transcript : mid-exon,DUPLICATION,9334,Note: The KMT2A rearrangement is an intragenic duplication of exons 22 - 28. One of the breakpoints is within exon 22. Functional significance is undetermined.,SOMATIC,4297.0
UC0wMDM2MjkzLVQwMS1JTTY6YnJlYXN0X21za18yMDI1,UC0wMDM2MjkzOmJyZWFzdF9tc2tfMjAyNQ,breast_msk_2025_structural_variants,P-0036293-T01-IM6,P-0036293,breast_msk_2025,KMT2A,NA,11,118226548,NA,NA,-1,Promoter of CD3G(+):11Kb from tx start,,,NA,11,118367063,NA,NA,-1,Exon 20 of KMT2A(+),NA,GRCh37,NA,NA,34225,32839,0,34,-1,-1,-1,-1,KMT2A (NM_001197104) rearrangement: c.5645:KMT2A_chr11:g.118226548del,PRECISE,3to5,Protein Fusion: mid-exon  {CD3G:KMT2A},DELETION,140515,Note: The KMT2A rearrangement is a deletion of exons 1-20. One of the breakpoints is within exon 20. Its functional significance is undetermined.,SOMATIC,4297.0
UC0wMDAzMzgxLVQwMS1JTTU6YnJlYXN0X21za18yMDI1,UC0wMDAzMzgxOmJyZWFzdF9tc2tfMjAyNQ,breast_msk_2025_structural_variants,P-0003381-T01-IM5,P-0003381,breast_msk_2025,KMT2A,NA,11,118353363,NA,NA,-1,Intron of MLL(+): 153bp after exon 8,9099.0,USP2,NA,11,119240539,NA,NA,-1,Intron of USP2(-): 3Kb after exon 2,NA,GRCh37,yes,unk,73757,50996,0,8,-1,9,-1,12,NA,PRECISE,3to3,Protein fusion: in frame (MLL-USP2),INVERSION,887176,Note: The MLL (NM_001197104) - USP2 (NM_004205) rearrangement event is an inversion which results in the fusion of MLL exons 1 to 8 and USP2 exons 3 to 13.,SOMATIC,4297.0
UC0wMDI0MjIzLVQwMS1JTTY6YnJlYXN0X21za18yMDI1,UC0wMDI0MjIzOmJyZWFzdF9tc2tfMjAyNQ,breast_msk_2025_structural_variants,P-0024223-T01-IM6,P-0024223,breast_msk_2025,KMT2B,NA,19,36211645,NA,NA,-1,Exon 3 of KMT2B(+),,,NA,19,36248854,NA,NA,-1,Promoter of HSPB6(-):3Kb from tx start,NA,GRCh37,yes,unk,113829,133104,0,27,-1,27,-1,10,KMT2B (NM_014727) rearrangement: c.1396_chr19:g.36248854dup,PRECISE,5to3,KMT2B-intragenic,DUPLICATION,37209,Note: The KMT2B rearrangement results in the duplication of exons 3-37. One of the breakpoints is within exon 3. The functional significance is undetermined.,SOMATIC,9757.0
UC0wMDM0OTIwLVQwMS1JTTY6YnJlYXN0X21za18yMDI1,UC0wMDM0OTIwOmJyZWFzdF9tc2tfMjAyNQ,breast_msk_2025_structural_variants,P-0034920-T01-IM6,P-0034920,breast_msk_2025,KMT2B,NA,20,51347028,NA,NA,-1,IGR: 110Kb before LINC01524(+),,,NA,19,36216506,NA,NA,-1,Exon 12 of KMT2B(+),NA,GRCh37,NA,NA,0,0,0,516,-1,-1,-1,-1,KMT2B (NM_014727) rearrangement: t(19;20)(q13.12;q13.2)(chr19:g.36216506::chr20:g.51347028),PRECISE,5to3,KMT2B-intragenic,TRANSLOCATION,0,Note: The KMT2B rearrangement is a translocation involving a breakpoint in exon 12. Its functional significance is undetermined.,SOMATIC,9757.0
UC0wMDIzODM1LVQwMS1JTTY6YnJlYXN0X21za18yMDI1,UC0wMDIzODM1OmJyZWFzdF9tc2tfMjAyNQ,breast_msk_2025_structural_variants,P-0023835-T01-IM6,P-0023835,breast_msk_2025,KMT2B,NA,19,36229354,NA,NA,-1,Exon 37 of KMT2B(+),,,NA,19,55726888,NA,NA,-1,IGR: 11Kb before TMEM86B(-),NA,GRCh37,NA,NA,192955,353663,0,84,-1,-1,-1,-1,KMT2B (NM_014727) rearrangement: c.8044_chr19:g.55726888inv,PRECISE,5to5,KMT2B-intragenic,INVERSION,19497534,Note: The KMT2B rearrangement results in the inversion of exon 37. One of the breakpoints is within exon 37. The functional significance is undetermined.,SOMATIC,9757.0
UC0wMDA1MjIwLVQwMS1JTTU6YnJlYXN0X21za18yMDI1,UC0wMDA1MjIwOmJyZWFzdF9tc2tfMjAyNQ,breast_msk_2025_structural_variants,P-0005220-T01-IM5,P-0005220,breast_msk_2025,KMT2C,NA,7,151075514,NA,NA,-1,3-UTR of NUB1(+): 1Kb after coding stop,,,NA,7,151878666,NA,NA,-1,Exon 36 of MLL3(-),NA,GRCh37,NA,NA,135240,297782,0,125,-1,-1,-1,-1,MLL3 (NM_170606) Rearrangement: g.15107551_c.62794inv,PRECISE,5to5,MLL3-intragenic,INVERSION,803152,Note: MLL3 rearrangement is an inversion event where exons 1 to 36 are inverted. Internal breakpoint is within exon 36. Its functional significance is not determined.,SOMATIC,58508.0
UC0wMDA3ODg4LVQwMS1JTTU6YnJlYXN0X21za18yMDI1,UC0wMDA3ODg4OmJyZWFzdF9tc2tfMjAyNQ,breast_msk_2025_structural_variants,P-0007888-T01-IM5,P-0007888,breast_msk_2025,KMT2C,NA,7,151867954,NA,NA,-1,Intron of MLL3(-): 395bp after exon 40,,,NA,7,151878039,NA,NA,-1,Exon 36 of MLL3(-),NA,GRCh37,yes,unk,19066,16704,0,18,-1,20,-1,21,MLL3 (NM_170606) rearrangement : c.6906:MLL3_9453+395inv,PRECISE,3to3,MLL3-intragenic,INVERSION,10085,Note: The MLL3 (NM_170606) rearrangement event results in the inversion of MLL3 exons 36-40. One of the breakpoints is within MLL3 exon36.,SOMATIC,58508.0
UC0wMDAyNjIyLVQwMy1JTTY6YnJlYXN0X21za18yMDI1,UC0wMDAyNjIyOmJyZWFzdF9tc2tfMjAyNQ,breast_msk_2025_structural_variants,P-0002622-T03-IM6,P-0002622,breast_msk_2025,KMT2C,NA,10,101616120,NA,NA,-1,IGR: 19Kb before DNMBP(-),,,NA,7,151851626,NA,NA,-1,Intron of KMT2C(-):96bp before exon 47,NA,GRCh37,NA,NA,0,0,0,8,-1,-1,-1,-1,"KMT2C (NM_170606) Rearrangement : t(7,10)(q36.1,q24.32)(chr7:g.151851626::chr10:g.101616120)",PRECISE,5to3,KMT2C-intragenic,TRANSLOCATION,0,Note: The KMT2C Rearrangement results in the possible truncation of exons 47-59 of KMT2C. Its functional significance is undetermined.,SOMATIC,58508.0
UC0wMDAxMzcyLVQwMi1JTTY6YnJlYXN0X21za18yMDI1,UC0wMDAxMzcyOmJyZWFzdF9tc2tfMjAyNQ,breast_msk_2025_structural_variants,P-0001372-T02-IM6,P-0001372,breast_msk_2025,KMT2C,NA,7,130083707,NA,NA,-1,Promoter of CEP41(-):50Kb from tx start,,,NA,7,151874390,NA,NA,-1,Exon 38 of KMT2C(-),NA,GRCh37,NA,NA,311794,182954,0,19,-1,-1,-1,-1,KMT2C (NM_170606) rearrangement: g.130083707_c.8148inv,PRECISE,3to3,KMT2C-intragenic,INVERSION,21790683,Note: The KMT2C rearrangement results in the inversion of exon 38. One of the breakpoints is within exon 38. The functional significance is undetermined.,SOMATIC,58508.0
UC0wMDAzMTk1LVQwMi1JTTY6YnJlYXN0X21za18yMDI1,UC0wMDAzMTk1OmJyZWFzdF9tc2tfMjAyNQ,breast_msk_2025_structural_variants,P-0003195-T02-IM6,P-0003195,breast_msk_2025,KMT2C,NA,7,144838860,NA,NA,-1,IGR: 690Kb before TPK1(-),,,NA,7,151845617,NA,NA,-1,Exon 52 of KMT2C(-),NA,GRCh37,NA,NA,45654,48078,0,53,-1,-1,-1,-1,MLL3 (NM_170606) Rearrangement : chr7:g.144838860_c.13395:KMT2Cinv,PRECISE,3to3,MLL3-intragenic,INVERSION,7006757,Note: The MLL3 Rearrangement results in the inversion of  exons 52-59 of KMT2C. One of the breakpoints is within exons 52. Its functional significance is undetermined.,SOMATIC,58508.0
UC0wMDQ5NjEwLVQwMS1JTTY6YnJlYXN0X21za18yMDI1,UC0wMDQ5NjEwOmJyZWFzdF9tc2tfMjAyNQ,breast_msk_2025_structural_variants,P-0049610-T01-IM6,P-0049610,breast_msk_2025,KMT2C,NA,7,151816647,NA,NA,-1,Intron of GALNT11(+):780bp after exon 10,,,NA,7,151845063,NA,NA,-1,Intron of KMT2C(-):54bp after exon 52,NA,GRCh37,yes,unk,7995,4903,0,67,-1,66,-1,10,KMT2C (NM_170606) rearrangement: c.13894+55:KMT2C_chr7:g.151816647del,PRECISE,3to5,Antisense Fusion,DELETION,28416,Note: The KMT2C rearrangement is a deletion of exons 53 - 59.,SOMATIC,58508.0
UC0wMDM4MDE4LVQwMS1JTTY6YnJlYXN0X21za18yMDI1,UC0wMDM4MDE4OmJyZWFzdF9tc2tfMjAyNQ,breast_msk_2025_structural_variants,P-0038018-T01-IM6,P-0038018,breast_msk_2025,KMT2C,NA,7,151854877,NA,NA,-1,Intron of KMT2C(-):1Kb after exon 44,,,NA,7,151952175,NA,NA,-1,Intron of KMT2C(-):2Kb before exon 10,NA,GRCh37,yes,unk,60220,63288,0,6,-1,4,-1,10,KMT2C (NM_170606) Rearrangement: c.1300-2375_c.11670+1071inv,PRECISE,5to5,Antisense Fusion,INVERSION,97298,Note: The KMT2C rearrangement is an inversion of KMT2C exons 10 to 44. The functional significance is undetermined.,SOMATIC,58508.0
UC0wMDEyMzA3LVQwMS1JTTU6YnJlYXN0X21za18yMDI1,UC0wMDEyMzA3OmJyZWFzdF9tc2tfMjAyNQ,breast_msk_2025_structural_variants,P-0012307-T01-IM5,P-0012307,breast_msk_2025,KMT2C,NA,7,151874849,NA,NA,-1,Exon 38 of MLL3(-),,,NA,7,151960022,NA,NA,-1,Intron of MLL3(-): 79bp after exon 9,NA,GRCh37,yes,unk,53097,61363,0,26,-1,26,-1,25,MLL3 (NM_170606) rearrangement: c.1299+79_c.7689dup,PRECISE,5to3,Duplication within transcript: mid-exon,DUPLICATION,85173,Note: The MLL3 rearrangement is an intragenic duplication of exons 10 - 38. One of the breakpoint is within exon 38.,SOMATIC,58508.0
UC0wMDE0NDg2LVQwMS1JTTY6YnJlYXN0X21za18yMDI1,UC0wMDE0NDg2OmJyZWFzdF9tc2tfMjAyNQ,breast_msk_2025_structural_variants,P-0014486-T01-IM6,P-0014486,breast_msk_2025,KMT2C,NA,7,148881016,NA,NA,-1,IGR: 900bp after ZNF398(+),,,NA,7,151878758,NA,NA,-1,Exon 36 of MLL3(-),NA,GRCh37,NA,NA,78163,95575,0,25,-1,-1,-1,-1,MLL3 (NM_170606) rearrangement: chr7:g.148881016_c.6187dup,PRECISE,5to3,MLL3-intragenic,DUPLICATION,2997742,Note: The MLL3 (NM_170606) rearrangement is a duplication of MLL3 exons 36-59. One of the breakpoints is within exon 36. The functional significance is undetermined.,SOMATIC,58508.0
UC0wMDE0NDgxLVQwMS1JTTY6YnJlYXN0X21za18yMDI1,UC0wMDE0NDgxOmJyZWFzdF9tc2tfMjAyNQ,breast_msk_2025_structural_variants,P-0014481-T01-IM6,P-0014481,breast_msk_2025,KMT2C,NA,7,151874945,NA,NA,-1,Exon 38 of MLL3(-),,,NA,7,152705153,NA,NA,-1,IGR: 248Kb before ACTR3B(+),NA,GRCh37,NA,NA,70512,69845,0,15,-1,-1,-1,-1,MLL3 (NM_170606) rearrangement: c.7593_chr7:g.152705153dup,PRECISE,5to3,MLL3-intragenic,DUPLICATION,830208,Note: The MLL3 (NM_170606) rearrangement is a duplication of exons 1-38. One of the breakpoints is within exon 38. The functional significance is undetermined.,SOMATIC,58508.0
UC0wMDE5MjIyLVQwMS1JTTY6YnJlYXN0X21za18yMDI1,UC0wMDE5MjIyOmJyZWFzdF9tc2tfMjAyNQ,breast_msk_2025_structural_variants,P-0019222-T01-IM6,P-0019222,breast_msk_2025,KMT2C,NA,7,151860388,NA,NA,-1,Exon 43 of KMT2C(-),,,NA,7,151867651,NA,NA,-1,Intron of KMT2C(-):697bp after exon 40,NA,GRCh37,yes,unk,6249,9635,0,65,-1,57,-1,10,KMT2C (NM_170606) rearrangement: c.9453+698_c.10274dup,PRECISE,5to3,Duplication within transcript : mid-exon,DUPLICATION,7263,Note: The KMT2C rearrangement is duplication (7263 bp) of exons 41-43. One of the breakpoints is within exon 43. The functional significance is undetermined.,SOMATIC,58508.0
UC0wMDMyNjU4LVQwMS1JTTY6YnJlYXN0X21za18yMDI1,UC0wMDMyNjU4OmJyZWFzdF9tc2tfMjAyNQ,breast_msk_2025_structural_variants,P-0032658-T01-IM6,P-0032658,breast_msk_2025,KMT2C,NA,7,151878081,NA,NA,-1,Exon 36 of KMT2C(-),,,NA,7,151887848,NA,NA,-1,Intron of KMT2C(-):3Kb before exon 32,NA,GRCh37,yes,unk,15844,20064,0,117,-1,111,-1,10,KMT2C (NM_170606) Rearrangement: c.4661-2916_c.6864dup,PRECISE,5to3,Duplication within transcript : mid-exon,DUPLICATION,9767,Note: The KMT2C rearrangement is a duplication of exons 32 to 36. One of the breakpoints is within exon 36. The functional significance is undetermined.,SOMATIC,58508.0
UC0wMDQwNDYzLVQwMS1JTTY6YnJlYXN0X21za18yMDI1,UC0wMDQwNDYzOmJyZWFzdF9tc2tfMjAyNQ,breast_msk_2025_structural_variants,P-0040463-T01-IM6,P-0040463,breast_msk_2025,KMT2C,NA,7,151843765,NA,NA,-1,Exon 53 of KMT2C(-),,,NA,7,151847844,NA,NA,-1,Intron of KMT2C(-):140bp after exon 51,NA,GRCh37,yes,unk,7176,11694,0,14,-1,13,-1,10,KMT2C (NM_170606) rearrangement: c.12774+141_c.13950dup,PRECISE,5to3,Duplication within transcript : mid-exon,DUPLICATION,4079,Note: The KMT2C rearrangement is an intragenic duplication of exons 52 - 53. One of the breakpoints is within exon 53. Functional significance is undetermined.,SOMATIC,58508.0
UC0wMDE4NTM2LVQwMS1JTTY6YnJlYXN0X21za18yMDI1,UC0wMDE4NTM2OmJyZWFzdF9tc2tfMjAyNQ,breast_msk_2025_structural_variants,P-0018536-T01-IM6,P-0018536,breast_msk_2025,KMT2C,NA,7,151891246,NA,NA,-1,Intron of KMT2C(-):33bp before exon 31,,,NA,6,106189129,NA,NA,-1,IGR: 345Kb before PRDM1(+),NA,GRCh37,NA,NA,0,0,0,64,-1,-1,-1,-1,KMT2C (NM_170606)  Rearrangement :  t(6;7)(q21;q36.1)(chr6:g.106189129::chr7:g.151891246),PRECISE,5to3,KMT2C-intragenic,TRANSLOCATION,0,Note: The KMT2C Rearrangement results in the possible truncation of exons 31-59. Its functional significance is undetermined.,SOMATIC,58508.0
UC0wMDE0MTI5LVQwMy1JTTY6YnJlYXN0X21za18yMDI1,UC0wMDE0MTI5OmJyZWFzdF9tc2tfMjAyNQ,breast_msk_2025_structural_variants,P-0014129-T03-IM6,P-0014129,breast_msk_2025,KMT2C,NA,7,151874232,NA,NA,-1,Exon 38 of KMT2C(-),,,NA,7,152299391,NA,NA,-1,IGR: 44Kb before XRCC2(-),NA,GRCh37,NA,NA,67805,66280,0,31,-1,-1,-1,-1,KMT2C (NM_170606) rearrangement: c.8306_chr7:g.152299391dup,PRECISE,5to3,KMT2C-intragenic,DUPLICATION,425159,Note: The KMT2C rearrangement is a duplication that includes KMT2C exons 1-38. One of the breakpoints is within exon 38.,SOMATIC,58508.0
UC0wMDM0ODExLVQwMi1JTTY6YnJlYXN0X21za18yMDI1,UC0wMDM0ODExOmJyZWFzdF9tc2tfMjAyNQ,breast_msk_2025_structural_variants,P-0034811-T02-IM6,P-0034811,breast_msk_2025,KMT2C,NA,7,151916746,NA,NA,-1,Intron of KMT2C(-):861bp after exon 23,,,NA,7,152008811,NA,NA,-1,Intron of KMT2C(-):71bp after exon 5,NA,GRCh37,yes,unk,26286,25056,0,44,-1,43,-1,10,KMT2C (NM_170606) Rearrangement : c.739+72_c.3712+862del,PRECISE,3to5,Deletion of 18 exons : in frame,DELETION,92065,Note: The KMT2C Rearrangement results in the intragenic deletion of exons 6-22. Its functional significance is undetermined.,SOMATIC,58508.0
UC0wMDM0ODExLVQwMS1JTTY6YnJlYXN0X21za18yMDI1,UC0wMDM0ODExOmJyZWFzdF9tc2tfMjAyNQ,breast_msk_2025_structural_variants,P-0034811-T01-IM6,P-0034811,breast_msk_2025,KMT2C,NA,7,151916746,NA,NA,-1,Intron of KMT2C(-):861bp after exon 23,,,NA,7,152008811,NA,NA,-1,Intron of KMT2C(-):71bp after exon 5,NA,GRCh37,yes,unk,22528,20059,0,28,-1,26,-1,10,KMT2C (NM_170606) rearrangement: c.739+72_c.3712+862del,PRECISE,3to5,Deletion of 18 exons : in frame,DELETION,92065,Note: The KMT2C rearrangement results in the in-frame deletion of exons 6-23. The functional significance is undetermined.,SOMATIC,58508.0
UC0wMDA2NDI0LVQwMy1JTTY6YnJlYXN0X21za18yMDI1,UC0wMDA2NDI0OmJyZWFzdF9tc2tfMjAyNQ,breast_msk_2025_structural_variants,P-0006424-T03-IM6,P-0006424,breast_msk_2025,KMT2C,NA,7,151873311,NA,NA,-1,Exon 38 of KMT2C(-),9698.0,PUM1,NA,1,31532327,NA,NA,-1,Exon 2 of PUM1(-),NA,GRCh37,yes,unk,0,0,0,11,-1,11,-1,10,PUM1 (NM_001020658) - KMT2C (NM_170606): t(1;7)(p35.2;q36.1)(chr1:g.31532327::chr7:g.151873311),PRECISE,3to5,Protein Fusion: mid-exon  {PUM1:KMT2C},TRANSLOCATION,0,Note: The PUM1 - KMT2C rearrangement is a translocation that results in the fusion of PUM1 exons 1-2 with KMT2C exons 38-59. Both breakpoints are within exon. The functional significance is undetermined.,SOMATIC,58508.0
UC0wMDA2NDI0LVQwMi1JTTY6YnJlYXN0X21za18yMDI1,UC0wMDA2NDI0OmJyZWFzdF9tc2tfMjAyNQ,breast_msk_2025_structural_variants,P-0006424-T02-IM6,P-0006424,breast_msk_2025,KMT2C,NA,7,151873311,NA,NA,-1,Exon 38 of KMT2C(-),9698.0,PUM1,NA,1,31532327,NA,NA,-1,Exon 2 of PUM1(-),NA,GRCh37,yes,unk,0,0,0,14,-1,14,-1,10,PUM1 (NM_001020658) - KMT2C (NM_170606) rearrangement: t(1;7)(p35.2;q36.1)(chr1:g.31532327::chr7:g.151873311),PRECISE,3to5,Protein Fusion: mid-exon  {PUM1:KMT2C},TRANSLOCATION,0,Note: The PUM1 - KMT2C rearrangement is a translocation which may result in the fusion of PUM1 exons 1-2 with KMT2C exons 38-59. The breakpoints are within PUM1 exon 2 and KMT2C exon 38. Its functional significance is undetermined.,SOMATIC,58508.0
UC0wMDI0ODU5LVQwMS1JTTY6YnJlYXN0X21za18yMDI1,UC0wMDI0ODU5OmJyZWFzdF9tc2tfMjAyNQ,breast_msk_2025_structural_variants,P-0024859-T01-IM6,P-0024859,breast_msk_2025,KMT2C,NA,7,152009024,NA,NA,-1,Exon 5 of KMT2C(-),28983.0,TMPRSS11E,NA,4,69356592,NA,NA,-1,Intron of TMPRSS11E(+):6Kb before exon 10,NA,GRCh37,NA,NA,0,0,0,8,-1,-1,-1,-1,KMT2C (NM_170606) - TMPRSS11E (NM_014058) rearrangement: t(4;7)(q13.2;q36.1)(chr4:g.69356592::chr7:g.152009024),PRECISE,3to5,KMT2C-TMPRSS11E Fusion,TRANSLOCATION,0,Note: The KMT2C rearrangement is a translocation involving KMT2C exon 5 and TMPRSS11E exon 10. One of the breakpoints is within KMT2C exon 5. Its functional significance is undetermined.,SOMATIC,58508.0
UC0wMDI0NjMxLVQwMS1JTTY6YnJlYXN0X21za18yMDI1,UC0wMDI0NjMxOmJyZWFzdF9tc2tfMjAyNQ,breast_msk_2025_structural_variants,P-0024631-T01-IM6,P-0024631,breast_msk_2025,KMT2D,NA,12,49447056,NA,NA,-1,Exon 7 of KMT2D(-),,,NA,12,52691392,NA,NA,-1,IGR: 4Kb before KRT86(+),NA,GRCh37,NA,NA,28550,43775,0,13,-1,-1,-1,-1,KMT2D (NM_003482) rearrangement: c.888_chr12:g.52691392inv,PRECISE,3to3,KMT2D-intragenic,INVERSION,3244336,Note: The KMT2D rearrangement results in the inversion of exons 1-7. One of the breakpoints is within exon 7. The functional significance is undetermined.,SOMATIC,8085.0
UC0wMDI0NjMxLVQwMi1JTTY6YnJlYXN0X21za18yMDI1,UC0wMDI0NjMxOmJyZWFzdF9tc2tfMjAyNQ,breast_msk_2025_structural_variants,P-0024631-T02-IM6,P-0024631,breast_msk_2025,KMT2D,NA,12,49447056,NA,NA,-1,Exon 7 of KMT2D(-),,,NA,12,52691392,NA,NA,-1,IGR: 4Kb before KRT86(+),NA,GRCh37,NA,NA,24601,38484,0,17,-1,-1,-1,-1,KMT2D (NM_003482) rearrangement: c.888:KMT2D_chr12:g.52691392inv,PRECISE,3to3,KMT2D-intragenic,INVERSION,3244336,Note: The KMT2D rearrangement results in the inversion of exons 1-7. One of the breakpoints is within exon 7.,SOMATIC,8085.0
UC0wMDE2ODA3LVQwMS1JTTY6YnJlYXN0X21za18yMDI1,UC0wMDE2ODA3OmJyZWFzdF9tc2tfMjAyNQ,breast_msk_2025_structural_variants,P-0016807-T01-IM6,P-0016807,breast_msk_2025,KMT2D,NA,16,9209176,NA,NA,-1,Intron of C16orf72(+):1Kb before exon 4,,,NA,12,49444705,NA,NA,-1,Exon 10 of KMT2D(-),NA,GRCh37,NA,NA,0,0,0,24,-1,-1,-1,-1,KMT2D (NM_003482) rearrangement: t(12;16)(q13.12;p13.2)(chr12:g.49444705::chr16:g.9209176),PRECISE,5to3,KMT2D-intragenic,TRANSLOCATION,0,Note: The KMT2D rearrangement is a translocation that may result in the truncation of exons 10-54. One of the breakpoints is within exon 10. The functional significance is undetermined.,SOMATIC,8085.0
UC0wMDI1Mzk2LVQwMi1JTTY6YnJlYXN0X21za18yMDI1,UC0wMDI1Mzk2OmJyZWFzdF9tc2tfMjAyNQ,breast_msk_2025_structural_variants,P-0025396-T02-IM6,P-0025396,breast_msk_2025,KSR1,NA,17,25912019,NA,NA,-1,Intron of KSR1(+):2Kb after exon 5,4763.0,NF1,NA,17,29557697,NA,NA,-1,Intron of NF1(+):162bp before exon 24,NA,GRCh37,yes,unk,33960,28144,0,17,-1,14,-1,10,KSR1 (NM_014238) - NF1 (NM_001042492) rearrangement: c.570-664:KSR1_c.3114-163:NF1del,PRECISE,3to5,Protein Fusion: out of frame  {KSR1:NF1},DELETION,3645678,Note: The KSR1 - NF1 rearrangement is a deletion that results in a fusion of KSR1 exon 1-5 to NF1 exons 24-58.,SOMATIC,8844.0
UC0wMDI1Mzk2LVQwMy1JTTY6YnJlYXN0X21za18yMDI1,UC0wMDI1Mzk2OmJyZWFzdF9tc2tfMjAyNQ,breast_msk_2025_structural_variants,P-0025396-T03-IM6,P-0025396,breast_msk_2025,KSR1,NA,17,25912019,NA,NA,-1,Intron of KSR1(+):2Kb after exon 5,4763.0,NF1,NA,17,29557697,NA,NA,-1,Intron of NF1(+):162bp before exon 24,NA,GRCh37,yes,unk,46486,17046,0,19,-1,17,-1,10,KSR1 (NM_014238) - NF1 (NM_001042492) rearrangement: c.570-664:KSR1_c.3114-163:NF1del,PRECISE,3to5,Protein Fusion: out of frame  {KSR1:NF1},DELETION,3645678,Note: The KSR1 - NF1 rearrangement is a deletion that results in a fusion of KSR1 exons 1 - 5 to NF1 exons 24 - 58.,SOMATIC,8844.0
UC0wMDI0MDgzLVQwMS1JTTY6YnJlYXN0X21za18yMDI1,UC0wMDI0MDgzOmJyZWFzdF9tc2tfMjAyNQ,breast_msk_2025_structural_variants,P-0024083-T01-IM6,P-0024083,breast_msk_2025,LAMA4,NA,6,112437814,NA,NA,-1,Intron of LAMA4(-):618bp before exon 36,2099.0,ESR1,NA,6,152163649,NA,NA,-1,Intron of ESR1(+):82bp before exon 3,NA,GRCh37,yes,unk,274225,265914,0,36,-1,35,-1,10,LAMA4 (NM_001105206) - ESR1 (NM_001122740) rearrangement: c.4982-618:LAMA4_c.453-83:ESR1inv,PRECISE,5to5,Protein Fusion: out of frame  {LAMA4:ESR1},INVERSION,39725835,Note: The LAMA4 - ESR1 rearrangement is an inversion that results in the fusion of LAMA4 exons 1-35 to ESR1 exons 3-9. The functional significance is undetermined.,SOMATIC,3910.0
UC0wMDI0MDgzLVQwMi1JTTY6YnJlYXN0X21za18yMDI1,UC0wMDI0MDgzOmJyZWFzdF9tc2tfMjAyNQ,breast_msk_2025_structural_variants,P-0024083-T02-IM6,P-0024083,breast_msk_2025,LAMA4,NA,6,112437814,NA,NA,-1,Intron of LAMA4(-):618bp before exon 36,2099.0,ESR1,NA,6,152163649,NA,NA,-1,Intron of ESR1(+):82bp before exon 3,NA,GRCh37,yes,unk,281635,439517,0,47,-1,46,-1,10,LAMA4 (NM_001105206) - ESR1 (NM_001122740) rearrangement: c.4982-618:LAMA4_c.453-83:ESR1inv,PRECISE,5to5,Protein Fusion: out of frame  {LAMA4:ESR1},INVERSION,39725835,Note: The LAMA4 - ESR1 rearrangement is an inversion that results in a fusion of LAMA4 exons 1 - 35 to ESR1 exons 3 - 9. Functional significance is undetermined.,SOMATIC,3910.0
UC0wMDI0MDgzLVQwMy1JTTY6YnJlYXN0X21za18yMDI1,UC0wMDI0MDgzOmJyZWFzdF9tc2tfMjAyNQ,breast_msk_2025_structural_variants,P-0024083-T03-IM6,P-0024083,breast_msk_2025,LAMA4,NA,6,112437814,NA,NA,-1,Intron of LAMA4(-):618bp before exon 36,2099.0,ESR1,NA,6,152163649,NA,NA,-1,Intron of ESR1(+):82bp before exon 3,NA,GRCh37,yes,unk,208760,266352,0,18,-1,17,-1,10,LAMA4 (NM_001105206) - ESR1 (NM_001122740) rearrangement: c.4982-618:LAMA4_c.453-83:ESR1inv,PRECISE,5to5,Protein Fusion: out of frame  {LAMA4:ESR1},INVERSION,39725835,Note: The LAMA4 - ESR1 rearrangement is an inversion that results in a fusion of LAMA4 exons 1 - 35 to ESR1 exons 3 - 9. Functional significance is undetermined.,SOMATIC,3910.0
UC0wMDI0MDgzLVQwNC1JTTY6YnJlYXN0X21za18yMDI1,UC0wMDI0MDgzOmJyZWFzdF9tc2tfMjAyNQ,breast_msk_2025_structural_variants,P-0024083-T04-IM6,P-0024083,breast_msk_2025,LAMA4,NA,6,112437814,NA,NA,-1,Intron of LAMA4(-):618bp before exon 36,2099.0,ESR1,NA,6,152163649,NA,NA,-1,Intron of ESR1(+):82bp before exon 3,NA,GRCh37,yes,unk,304264,363547,0,31,-1,31,-1,10,LAMA4 (NM_001105206) - ESR1 (NM_001122740) rearrangement: c.4982-618:LAMA4_c.453-83:ESR1inv,PRECISE,5to5,Protein Fusion: out of frame  {LAMA4:ESR1},INVERSION,39725835,Note: The LAMA4 - ESR1 rearrangement is an inversion that results in a fusion of LAMA4 exons 1 - 35 to ESR1 exons 3 - 9. Functional significance is undetermined.,SOMATIC,3910.0
UC0wMDI5MDgzLVQwMi1JTTY6YnJlYXN0X21za18yMDI1,UC0wMDI5MDgzOmJyZWFzdF9tc2tfMjAyNQ,breast_msk_2025_structural_variants,P-0029083-T02-IM6,P-0029083,breast_msk_2025,LATS1,NA,6,29087816,NA,NA,-1,IGR: 8Kb before OR2J3(+),,,NA,6,150004527,NA,NA,-1,Exon 4 of LATS1(-),NA,GRCh37,NA,NA,585060,883744,0,38,-1,-1,-1,-1,LATS1 (NM_004690) rearrangement: c.1698:LATS1_chr6:g.29087816inv,PRECISE,5to5,LATS1-intragenic,INVERSION,120916711,"Note: The LATS1 rearrangement is an inversion of exons 4-8. One of the breakpoints is within exon 4.This structural variant occurs along with another distinct rearrangement in LATS1, suggesting a complex rearrangement. The functional significance is undet",SOMATIC,9113.0
UC0wMDE4MDQ2LVQwMi1JTTY6YnJlYXN0X21za18yMDI1,UC0wMDE4MDQ2OmJyZWFzdF9tc2tfMjAyNQ,breast_msk_2025_structural_variants,P-0018046-T02-IM6,P-0018046,breast_msk_2025,LATS1,NA,6,149996431,NA,NA,-1,Intron of LATS1(-):964bp after exon 7,,,NA,6,149997679,NA,NA,-1,Intron of LATS1(-):11bp after exon 6,NA,GRCh37,yes,unk,1474,1868,0,3,-1,3,-1,4,LATS1 (NM_004690) Rearrangement: c.2883+965_c.2776+12del,PRECISE,3to5,Deletion of 1 exon : out of frame,DELETION,1248,Note: The LATS1 rearrangement is a deletion of LATS1 exon 7. The functional significance is undetermined.,SOMATIC,9113.0
UC0wMDE0NjI0LVQwMS1JTTY6YnJlYXN0X21za18yMDI1,UC0wMDE0NjI0OmJyZWFzdF9tc2tfMjAyNQ,breast_msk_2025_structural_variants,P-0014624-T01-IM6,P-0014624,breast_msk_2025,LCP2,NA,5,169707068,NA,NA,-1,Intron of LCP2(-): 4Kb before exon 4,2034.0,EPAS1,NA,2,46588195,NA,NA,-1,Exon 6 of EPAS1(+),NA,GRCh37,yes,unk,0,0,0,11,-1,11,-1,8,LCP2 (NM_005565) - EPAS1(NM_001430) rearrangement: t(2;5)(p21;q35.1)(chr2:g.46588195::chr5:g.169707068),PRECISE,5to5,Protein fusion: mid-exon (LCP2-EPAS1),TRANSLOCATION,0,Note: The LCP2 - EPAS1 rearrangement is a translocation which results in the fusion of LCP2 exon3 to EPAS1 exon 6. The functional significance is undetermined.,SOMATIC,3937.0
UC0wMDE0NjI0LVQwMi1JTTY6YnJlYXN0X21za18yMDI1,UC0wMDE0NjI0OmJyZWFzdF9tc2tfMjAyNQ,breast_msk_2025_structural_variants,P-0014624-T02-IM6,P-0014624,breast_msk_2025,LCP2,NA,5,169707068,NA,NA,-1,Intron of LCP2(-): 4Kb before exon 4,2034.0,EPAS1,NA,2,46588195,NA,NA,-1,Exon 6 of EPAS1(+),NA,GRCh37,yes,unk,0,0,0,14,-1,14,-1,12,LCP2 (NM_005565)- EPAS1 (NM_001430) Rearrangement : t(2;5)(p21;q35.1)(chr2:g.46588195::chr5:g.169707068),PRECISE,5to5,Protein fusion: mid-exon (LCP2-EPAS1),TRANSLOCATION,0,Note: The LCP2 - EPAS1  Rearrangement is a translocation event which results in the fusion of exons1-3 of LCP2 with exons 6-16 of EPAS1. The breakpoint in EPAS1 is within exon 6. Its functional significance is undetermined.,SOMATIC,3937.0
UC0wMDMxNzEwLVQwMi1JTTc6YnJlYXN0X21za18yMDI1,UC0wMDMxNzEwOmJyZWFzdF9tc2tfMjAyNQ,breast_msk_2025_structural_variants,P-0031710-T02-IM7,P-0031710,breast_msk_2025,LDLR,NA,19,11136045,NA,NA,-1,Intron of SMARCA4(+):52bp before exon 22,6597.0,SMARCA4,NA,19,11202508,NA,NA,-1,Intron of LDLR(+):2Kb after exon 1,NA,GRCh37,yes,unk,19188,32313,0,36,-1,36,-1,10,LDLR (NM_000527) - SMARCA4 (NM_003072) rearrangement: c.67+2217:LDLR_c.3082-53:SMARCA4dup,PRECISE,5to3,Protein Fusion: out of frame  {LDLR:SMARCA4},DUPLICATION,66463,Note: The LDLR - SMARCA4 rearrangement is a duplication that results in a fusion of LDLR exon 1 to SMARCA4 exons 22 - 35. Functional significance is undetermined.,SOMATIC,3949.0
UC0wMDMzMDE4LVQwMy1JTTY6YnJlYXN0X21za18yMDI1,UC0wMDMzMDE4OmJyZWFzdF9tc2tfMjAyNQ,breast_msk_2025_structural_variants,P-0033018-T03-IM6,P-0033018,breast_msk_2025,LETM2,NA,8,38172365,NA,NA,-1,Intron of WHSC1L1(-):74bp before exon 12,54904.0,NSD3,NA,8,38258686,NA,NA,-1,Intron of LETM2(+):115bp after exon 6,NA,GRCh37,yes,unk,23167,281746,0,6,-1,5,-1,0,LETM2 (NM_001199659) - WHSC1L1 (NM_023034) rearrangement: c.843+115:LETM2_c.2116-74:WHSC1L1inv,IMPPRECISE,3to3,Protein Fusion: in frame  {LETM2:WHSC1L1},INVERSION,86321,Note: The LETM2 - WHSC1L1 rearrangement is an inversion that results in the in-frame fusion of LETM2 exons 1-6 with WHSC1L1 exons 12-24. The functional significance is undetermined.,SOMATIC,137994.0
UC0wMDU5MTYzLVQwMS1JTTc6YnJlYXN0X21za18yMDI1,UC0wMDU5MTYzOmJyZWFzdF9tc2tfMjAyNQ,breast_msk_2025_structural_variants,P-0059163-T01-IM7,P-0059163,breast_msk_2025,LIN9,NA,1,226487209,NA,NA,-1,Intron of LIN9(-):2Kb after exon 2,142.0,PARP1,NA,1,226556167,NA,NA,-1,Intron of PARP1(-):145bp before exon 16,NA,GRCh37,yes,unk,9772,18371,0,10,-1,7,-1,9,LIN9 (NM_173083) - PARP1 (NM_001618) rearrangement: c.112+1665:LIN9_c.2155-145:PARP1dup,PRECISE,5to3,Protein Fusion: out of frame  {LIN9:PARP1},DUPLICATION,68958,Note: The LIN9 - PARP1 rearrangement is a duplication that results in a fusion of LIN9 exons 1 - 2 to PARP1 exons 16 - 23. Functional significance is undetermined.,SOMATIC,286826.0
UC0wMDA4NzEyLVQwMi1JTTY6YnJlYXN0X21za18yMDI1,UC0wMDA4NzEyOmJyZWFzdF9tc2tfMjAyNQ,breast_msk_2025_structural_variants,P-0008712-T02-IM6,P-0008712,breast_msk_2025,LINGO2,NA,9,29168846,NA,NA,-1,5-UTR of LINGO2(-):1Mb before coding start,5079.0,PAX5,NA,9,36923292,NA,NA,-1,Intron of PAX5(-):59bp after exon 7,NA,GRCh37,yes,unk,12655,31281,0,59,-1,59,-1,10,PAX5 (NM_016734) rearrangement: c.910+60_chr9:g.29168846del,PRECISE,3to5,Transcript Fusion {PAX5:LINGO2},DELETION,7754446,Note: The PAX5 (NM_016734) rearrangement is a deletion of exons 8-10. The functional significance is undetermined.,SOMATIC,158038.0
UC0wMDU5NzYwLVQwMS1JTTc6YnJlYXN0X21za18yMDI1,UC0wMDU5NzYwOmJyZWFzdF9tc2tfMjAyNQ,breast_msk_2025_structural_variants,P-0059760-T01-IM7,P-0059760,breast_msk_2025,LMF1,NA,16,1013919,NA,NA,-1,Intron of LMF1(-):7Kb after exon 1,84231.0,TRAF7,NA,16,2225698,NA,NA,-1,Intron of TRAF7(+):75bp after exon 17,NA,GRCh37,yes,unk,94479,98667,0,27,-1,26,-1,10,LMF1 (NM_022773) - TRAF7 (NM_032271) rearrangement: c.193+6869:LMF1_c.1626+75:TRAF7inv,PRECISE,5to5,Protein Fusion: out of frame  {LMF1:TRAF7},INVERSION,1211779,Note: The LMF1 - TRAF7 rearrangement is an inversion that results in a fusion of LMF1 exon 1 to TRAF7 exons 18 - 21. Functional significance is undetermined.,SOMATIC,64788.0
UC0wMDIzOTk0LVQwNS1JTTY6YnJlYXN0X21za18yMDI1,UC0wMDIzOTk0OmJyZWFzdF9tc2tfMjAyNQ,breast_msk_2025_structural_variants,P-0023994-T05-IM6,P-0023994,breast_msk_2025,LMNA,NA,1,156107917,NA,NA,-1,Intron of LMNA(+):361bp before exon 10,4914.0,NTRK1,NA,1,156844525,NA,NA,-1,Intron of NTRK1(+):107bp after exon 10,NA,GRCh37,yes,unk,44819,56799,0,36,-1,36,-1,10,LMNA (NM_170707) - NTRK1 (NM_002529) Fusion (LMNA exon 10 fused with NTRK1 exon 11) : c.1699-362:LMNA_c.1251+107:NTRK1del,PRECISE,3to5,Protein Fusion: in frame  {LMNA:NTRK1},DELETION,736608,Note: The LMNA-NTRK1 fusion is predicted to be in-frame and includes the protein kinase domain of NTRK1.,SOMATIC,4000.0
UC0wMDQ2NTYwLVQwMS1JTTY6YnJlYXN0X21za18yMDI1,UC0wMDQ2NTYwOmJyZWFzdF9tc2tfMjAyNQ,breast_msk_2025_structural_variants,P-0046560-T01-IM6,P-0046560,breast_msk_2025,LMNA,NA,NA,-1,NA,NA,-1,NA,4914.0,NTRK1,NA,NA,-1,NA,NA,-1,NA,NA,GRCh37,yes,unk,-1,-1,-1,-1,-1,-1,-1,-1,POSITIVE FOR THE FOLLOWING GENE FUSION IN THE CLINICALLY VALIDATED PANEL: LMNA-NTRK1 fusion. Note: The rearrangement is an out of frame fusion between genes LMNA Exon12 (NM_170707) and NTRK1 Exon12 (NM_002529).,NA,NA,LMNA-NTRK1 Fusion - Archer,NA,-1,Lab Notes Run Number: ArcherV3-CLIN-20190172 Macro-dissection: Not Performed,SOMATIC,4000.0
UC0wMDIzOTk0LVQwNi1JTTY6YnJlYXN0X21za18yMDI1,UC0wMDIzOTk0OmJyZWFzdF9tc2tfMjAyNQ,breast_msk_2025_structural_variants,P-0023994-T06-IM6,P-0023994,breast_msk_2025,LMNA,NA,1,156107917,NA,NA,-1,Intron of LMNA(+):361bp before exon 10,4914.0,NTRK1,NA,1,156844525,NA,NA,-1,Intron of NTRK1(+):107bp after exon 10,NA,GRCh37,yes,unk,51619,68862,0,20,-1,20,-1,10,LMNA (NM_170707) - NTRK1 (NM_002529) fusion: c.1699-362:LMNA_c.1251+107:NTRK1del,PRECISE,3to5,Protein Fusion: in frame  {LMNA:NTRK1},DELETION,736608,Note: The LMNA - NTRK1 fusion involves LMNA exons 1 - 9 and NTRK1 exons 11 - 17. The fusion is predicted to be in frame and includes the kinase domain of NTRK1.,SOMATIC,4000.0
UC0wMDMwMDAxLVQwMS1JTTY6YnJlYXN0X21za18yMDI1,UC0wMDMwMDAxOmJyZWFzdF9tc2tfMjAyNQ,breast_msk_2025_structural_variants,P-0030001-T01-IM6,P-0030001,breast_msk_2025,LTO1,NA,11,69483088,NA,NA,-1,Intron of ORAOV1(-):308bp before exon 4,9965.0,FGF19,NA,11,69515809,NA,NA,-1,Intron of FGF19(-):1Kb before exon 3,NA,GRCh37,yes,unk,4898,11339,0,34,-1,33,-1,10,FGF19 (NM_005117) - ORAOV1 (NM_153451) rearrangement: c.337-1465:FGF19_c.228-308:ORAOV1del,PRECISE,3to5,Protein Fusion: out of frame  {FGF19:ORAOV1},DELETION,32721,Note: The FGF19 - ORAOV1 rearrangement is a deletion that results in the fusion of FGF19 exons 1-2 with ORAOV1 exons 4-5. The functional significance is undetermined.,SOMATIC,220064.0
UC0wMDMwNTQ1LVQwMi1JTTY6YnJlYXN0X21za18yMDI1,UC0wMDMwNTQ1OmJyZWFzdF9tc2tfMjAyNQ,breast_msk_2025_structural_variants,P-0030545-T02-IM6,P-0030545,breast_msk_2025,MAP2K2,NA,22,41578462,NA,NA,-1,Promoter of EP300(+):90Kb from tx start,,,NA,19,4095405,NA,NA,-1,Exon 9 of MAP2K2(-),NA,GRCh37,NA,NA,0,0,0,37,-1,-1,-1,-1,MAP2K2 (NM_030662) rearrangement: t(19;22)(p13.3;q13.2)(chr19:g.4095405::chr22:g.41578462),PRECISE,5to3,MAP2K2-intragenic,TRANSLOCATION,0,Note: The MAP2K2 rearrangement is a translocation with breakpoint is exon 9. The functional significance is undetermined.,SOMATIC,5605.0
UC0wMDYwODYwLVQwMS1JTTc6YnJlYXN0X21za18yMDI1,UC0wMDYwODYwOmJyZWFzdF9tc2tfMjAyNQ,breast_msk_2025_structural_variants,P-0060860-T01-IM7,P-0060860,breast_msk_2025,MAP2K2,NA,19,4123753,NA,NA,-1,Intron of MAP2K2(-):27bp after exon 1,,,NA,19,4160504,NA,NA,-1,Intron of CREB3L3(+):725bp after exon 4,NA,GRCh37,yes,unk,1129,1073,0,23,-1,20,-1,10,MAP2K2 (NM_030662) rearrangement: c.92+28:MAP2K2_chr19:g.4160504del,PRECISE,3to5,MAP2K2-intragenic,DELETION,36751,Note: The MAP2K2 rearrangement is a deletion of exon 1. The rearrangement does not include the kinase domain of MAP2K2. Functional significance is undetermined.,SOMATIC,5605.0
UC0wMDMyODAyLVQwMS1JTTY6YnJlYXN0X21za18yMDI1,UC0wMDMyODAyOmJyZWFzdF9tc2tfMjAyNQ,breast_msk_2025_structural_variants,P-0032802-T01-IM6,P-0032802,breast_msk_2025,MAP2K2,NA,19,4117593,NA,NA,-1,Exon 2 of MAP2K2(-),10036.0,CHAF1A,NA,19,4418675,NA,NA,-1,Intron of CHAF1A(+):602bp after exon 4,NA,GRCh37,yes,unk,1221,2238,0,38,-1,14,-1,10,CHAF1A (NM_005483) - MAP2K2 (NM_030662) fusion (CHAF1A exons 1-4 fused to MAP2K2 exons 2-11): c.1017+602:CHAF1A_c.127:MAP2K2 inv,PRECISE,3to3,Protein Fusion: mid-exon  {CHAF1A:MAP2K2},INVERSION,301082,Note: The CHAF1A - MAP2K2 rearrangement is an inversion that results in the fusion of CHAF1A exons 1-4 with MAP2K2 exons 2 to 11 and includes the kinase domain of MAP2K2. One of the breakpoints is with exon 2 of MAP2K2. The functional significance is unde,SOMATIC,5605.0
UC0wMDI2ODM4LVQwMS1JTTY6YnJlYXN0X21za18yMDI1,UC0wMDI2ODM4OmJyZWFzdF9tc2tfMjAyNQ,breast_msk_2025_structural_variants,P-0026838-T01-IM6,P-0026838,breast_msk_2025,MAP2K4,NA,17,12001640,NA,NA,-1,Intron of MAP2K4(+):3Kb after exon 4,,,NA,17,12016423,NA,NA,-1,Intron of MAP2K4(+):126bp before exon 7,NA,GRCh37,yes,unk,1665,2601,0,5,-1,2,-1,8,MAP2K4 (NM_003010): c.513+2629_c.686-127inv,PRECISE,5to5,MAP2K4-intragenic,INVERSION,14783,Note: The MAK2K4 rearrangement is an intragenic inversion of exons 5-6. This includes the kinase domain. The functional significance is undetermined.,SOMATIC,6416.0
UC0wMDI5MzI4LVQwMi1JTTY6YnJlYXN0X21za18yMDI1,UC0wMDI5MzI4OmJyZWFzdF9tc2tfMjAyNQ,breast_msk_2025_structural_variants,P-0029328-T02-IM6,P-0029328,breast_msk_2025,MAP2K4,NA,17,11940850,NA,NA,-1,Intron of MAP2K4(+):17Kb after exon 1,,,NA,17,11984775,NA,NA,-1,Exon 3 of MAP2K4(+),NA,GRCh37,yes,unk,2642,4055,0,12,-1,12,-1,10,MAP2K4 (NM_003010) rearrangement: c.115+16532_c.321del,PRECISE,3to5,Deletion within transcript : mid-exon,DELETION,43925,Note: The MAP2K4 rearrangement is an intragenic deletion of exons 2-3. One of the breakpoints is within exon 3.  The functional significance is undetermined.,SOMATIC,6416.0
UC0wMDI5MzI4LVQwMS1JTTY6YnJlYXN0X21za18yMDI1,UC0wMDI5MzI4OmJyZWFzdF9tc2tfMjAyNQ,breast_msk_2025_structural_variants,P-0029328-T01-IM6,P-0029328,breast_msk_2025,MAP2K4,NA,17,11940850,NA,NA,-1,Intron of MAP2K4(+):17Kb after exon 1,,,NA,17,11984775,NA,NA,-1,Exon 3 of MAP2K4(+),NA,GRCh37,yes,unk,2334,2776,0,27,-1,26,-1,10,MAP2K4 (NM_003010) rearrangement: c.115+16532_c.321del,PRECISE,3to5,Deletion within transcript : mid-exon,DELETION,43925,Note: The MAP2K4 rearrangement results in the deletion of exons 2-3. One of the breakpoints is within exon 3. The functional significance is undetermined.,SOMATIC,6416.0
UC0wMDE1NTcyLVQwMS1JTTY6YnJlYXN0X21za18yMDI1,UC0wMDE1NTcyOmJyZWFzdF9tc2tfMjAyNQ,breast_msk_2025_structural_variants,P-0015572-T01-IM6,P-0015572,breast_msk_2025,MAP2K4,NA,17,12032518,NA,NA,-1,Exon 9 of MAP2K4(+),2194.0,FASN,NA,17,80042668,NA,NA,-1,Intron of FASN(-): 7bp after exon 26,NA,GRCh37,yes,unk,772246,706665,0,7,-1,8,-1,18,MAP2K4 (NM_003010) - FASN (NM_004104) rearrangement: c.954:MAP2K4_c.4564+7:FASNinv,PRECISE,3to3,Protein fusion: mid-exon (MAP2K4-FASN),INVERSION,68010150,"Note: The MAP2K4 - FASN rearrangement is an inversion that results in the fusion of MAP2K4 exons 1-9, including the kinase domain, to FASN exons 27-43. One of the breakpoints is within exon 9. The functional significance is undetermined.",SOMATIC,6416.0
UC0wMDE5OTU3LVQwMS1JTTY6YnJlYXN0X21za18yMDI1,UC0wMDE5OTU3OmJyZWFzdF9tc2tfMjAyNQ,breast_msk_2025_structural_variants,P-0019957-T01-IM6,P-0019957,breast_msk_2025,MAP2K4,NA,17,12043212,NA,NA,-1,Intron of MAP2K4(+):11bp after exon 10,284034.0,LINC00670,NA,17,12465067,NA,NA,-1,5-UTR of LINC00670(+):75Kb before coding start,NA,GRCh37,yes,unk,1792,575,0,61,-1,17,-1,10,MAP2K4 (NM_003010) rearrangement: c.1086+11_chr17:g.12465067del,PRECISE,3to5,Transcript Fusion {MAP2K4:LINC00670},DELETION,421855,Note: The MAP2K4 rearrangement is a deletion (421855 bp) which includes MAP2K4 exon 11. The functional significance is undetermined.,SOMATIC,6416.0
UC0wMDA2OTkwLVQwMS1JTTU6YnJlYXN0X21za18yMDI1,UC0wMDA2OTkwOmJyZWFzdF9tc2tfMjAyNQ,breast_msk_2025_structural_variants,P-0006990-T01-IM5,P-0006990,breast_msk_2025,MAP3K1,NA,5,55024979,NA,NA,-1,IGR: 9Kb before DDX4(+),,,NA,5,56177931,NA,NA,-1,Exon 14 of MAP3K1(+),NA,GRCh37,NA,NA,22256,22796,0,8,-1,-1,-1,-1,MAP3K1 (NM_005921) rearrangement : chr5:g.55024979_c.2904:MAP3K1inv,PRECISE,3to3,MAP3K1-intragenic,INVERSION,1152952,Note: The MAP3K1 (NM_005921) rearrangement results in the inversion of exon 1 to 14 of MAP3K1. One of the breakpoints is within exon14 . Its functional significance is undetermined.,SOMATIC,4214.0
UC0wMDEzNjEzLVQwMi1JTTY6YnJlYXN0X21za18yMDI1,UC0wMDEzNjEzOmJyZWFzdF9tc2tfMjAyNQ,breast_msk_2025_structural_variants,P-0013613-T02-IM6,P-0013613,breast_msk_2025,MAP3K1,NA,5,56173934,NA,NA,-1,Intron of MAP3K1(+):872bp before exon 11,,,NA,5,56175053,NA,NA,-1,Intron of MAP3K1(+):125bp after exon 11,NA,GRCh37,yes,unk,1137,2365,0,2,-1,2,-1,9,MAP3K1 (NM_005921) Rearrangement : c.1966-873_c.2087+125inv,PRECISE,3to3,Antisense Fusion,INVERSION,1119,Note: The MAP3K1 Rearrangement results in the intragenic inversion of exon 11 of MAP3K1. Its functional significance is unknown.,SOMATIC,4214.0
UC0wMDE2MTkwLVQwMS1JTTY6YnJlYXN0X21za18yMDI1,UC0wMDE2MTkwOmJyZWFzdF9tc2tfMjAyNQ,breast_msk_2025_structural_variants,P-0016190-T01-IM6,P-0016190,breast_msk_2025,MAP3K1,NA,5,56161244,NA,NA,-1,Exon 5 of MAP3K1(+),,,NA,5,56348204,NA,NA,-1,IGR: 122Kb before GPBP1(+),NA,GRCh37,NA,NA,24270,12787,0,68,-1,-1,-1,-1,MAP3K1 (NM_005921) rearrangement : c.1113:MAP3K1_chr5:g.56348204del,PRECISE,3to5,MAP3K1-intragenic,DELETION,186960,Note: The MAP3K1 (NM_005921) rearrangement event is a deletion MAP3K1 exon 5-20 including kinase domain (exon 15-20),SOMATIC,4214.0
UC0wMDE2ODE1LVQwMS1JTTY6YnJlYXN0X21za18yMDI1,UC0wMDE2ODE1OmJyZWFzdF9tc2tfMjAyNQ,breast_msk_2025_structural_variants,P-0016815-T01-IM6,P-0016815,breast_msk_2025,MAP3K1,NA,5,50161653,NA,NA,-1,IGR: 103Kb before LOC100287592(-),,,NA,5,56179533,NA,NA,-1,Intron of MAP3K1(+):27bp after exon 15,NA,GRCh37,NA,NA,23467,47124,0,12,-1,-1,-1,-1,MAP3K1 (NM_005921) rearrangement: g.50161653_c.3819+27:MAP3K1inv,PRECISE,3to3,MAP3K1-intragenic,INVERSION,6017880,Note: The MAP3K1 rearrangement results in an inversion of exons 1-15. The functional significance is undetermined.,SOMATIC,4214.0
UC0wMDE3MzE2LVQwMS1JTTY6YnJlYXN0X21za18yMDI1,UC0wMDE3MzE2OmJyZWFzdF9tc2tfMjAyNQ,breast_msk_2025_structural_variants,P-0017316-T01-IM6,P-0017316,breast_msk_2025,MAP3K1,NA,5,56177814,NA,NA,-1,Exon 14 of MAP3K1(+),,,NA,5,56181387,NA,NA,-1,Intron of MAP3K1(+):371bp before exon 17,NA,GRCh37,yes,unk,5671,11617,0,18,-1,17,-1,10,MAP3K1 (NM_005921) Rearrangement :  c.2787_c.3983-372dup,PRECISE,5to3,Duplication within transcript : mid-exon,DUPLICATION,3573,Note: The MAP3K1 Rearrangement results in the duplication of exons 14-16 of MAP3K1.One of the breakpoints is within exon 14. The event includes the protein kinase domain of MAP3K1.,SOMATIC,4214.0
UC0wMDI0ODU5LVQwMS1JTTY6YnJlYXN0X21za18yMDI1,UC0wMDI0ODU5OmJyZWFzdF9tc2tfMjAyNQ,breast_msk_2025_structural_variants,P-0024859-T01-IM6,P-0024859,breast_msk_2025,MAP3K1,NA,5,56178171,NA,NA,-1,Exon 14 of MAP3K1(+),,,NA,5,56180597,NA,NA,-1,Exon 16 of MAP3K1(+),NA,GRCh37,NA,NA,3022,2395,0,3,-1,-1,-1,-1,MAP3K1 (NM_005921) rearrangement: c.3144_c.3926dup,PRECISE,5to3,Duplication within transcript : mid-exon,DUPLICATION,2426,Note: The MAP3K1 rearrangement is an intragenic duplication of 14-16. The breakpoints are within exons 14 and 16. Its functional significance is undetermined.,SOMATIC,4214.0
UC0wMDIyMjgyLVQwMS1JTTY6YnJlYXN0X21za18yMDI1,UC0wMDIyMjgyOmJyZWFzdF9tc2tfMjAyNQ,breast_msk_2025_structural_variants,P-0022282-T01-IM6,P-0022282,breast_msk_2025,MAP3K1,NA,5,56161250,NA,NA,-1,Exon 5 of MAP3K1(+),27236.0,ARFIP1,NA,4,153712327,NA,NA,-1,5-UTR of ARFIP1(+):38Kb before coding start,NA,GRCh37,yes,unk,0,0,0,5,-1,5,-1,10,MAP3K1 (NM_005921) - ARFIP1 (NM_001025595)  rearrangement: t(4;5)(q31.3;q11.2)(chr4:g.153712327::chr5:g.56161250),PRECISE,3to5,Protein Fusion: mid-exon  {MAP3K1:ARFIP1},TRANSLOCATION,0,Note: The MAP3K1 - ARFIP1 rearrangement is a translocation which results in the fusion of MAP3K1 exons 1-5 to ARFIP1 exons 2-9. One of the breakpoints is within MAP3K1 exon 5. The functional significance is undetermined.,SOMATIC,4214.0
UC0wMDMzNjQ4LVQwMS1JTTY6YnJlYXN0X21za18yMDI1,UC0wMDMzNjQ4OmJyZWFzdF9tc2tfMjAyNQ,breast_msk_2025_structural_variants,P-0033648-T01-IM6,P-0033648,breast_msk_2025,MAP3K1,NA,5,56168775,NA,NA,-1,Exon 9 of MAP3K1(+),5144.0,PDE4D,NA,5,59021514,NA,NA,-1,Intron of PDE4D(-):263Kb after exon 3,NA,GRCh37,yes,unk,34546,26934,0,34,-1,34,-1,10,MAP3K1 (NM_005921) Rearrangement : c.1629:MAP3K1_c.455+167481:PDE4Ddel,PRECISE,3to5,Antisense Fusion,DELETION,2852739,Note: The MAP3K1 Rearrangement results in the deletion of exons 9-20.The breakpoint in MAP3K1 is within exon9. This includes the protein kinase domain of MAP3K1.,SOMATIC,4214.0
UC0wMDE4NjkwLVQwMS1JTTY6YnJlYXN0X21za18yMDI1,UC0wMDE4NjkwOmJyZWFzdF9tc2tfMjAyNQ,breast_msk_2025_structural_variants,P-0018690-T01-IM6,P-0018690,breast_msk_2025,MAP3K1,NA,5,56176622,NA,NA,-1,Exon 12 of MAP3K1(+),256987.0,SERINC5,NA,5,79481066,NA,NA,-1,Intron of SERINC5(-):7Kb before exon 3,NA,GRCh37,yes,unk,52609,51926,0,23,-1,23,-1,10,MAP3K1 (NM_005921) rearrangement: c.2172:MAP3K1_chr5:g.79481066del,PRECISE,3to5,Antisense Fusion,DELETION,23304444,"Note: The MAP3K1 rearrangement is a deletion of exons 12- 20, which include the kinase domain of MAP3K1. One of the breakpoints is within exon 12.",SOMATIC,4214.0
UC0wMDAwNTg0LVQwMy1JTTY6YnJlYXN0X21za18yMDI1,UC0wMDAwNTg0OmJyZWFzdF9tc2tfMjAyNQ,breast_msk_2025_structural_variants,P-0000584-T03-IM6,P-0000584,breast_msk_2025,MAP3K14,NA,17,43344831,NA,NA,-1,Exon 12 of MAP3K14(-),,,NA,17,64282318,NA,NA,-1,IGR: 17Kb before PRKCA(+),NA,GRCh37,NA,NA,237238,440215,0,18,-1,-1,-1,-1,MAP3K14 (NM_003954): chr17:g.64282318_c.2267:MAP3K14inv,PRECISE,5to5,MAP3K14-intragenic,INVERSION,20937487,Note: The MAP3K14 rearrangement is an inversion of 5UTR and exons 1-12. One of the breakpoints is within exon 12.,SOMATIC,9020.0
UC0wMDQ2NTMwLVQwMS1JTTY6YnJlYXN0X21za18yMDI1,UC0wMDQ2NTMwOmJyZWFzdF9tc2tfMjAyNQ,breast_msk_2025_structural_variants,P-0046530-T01-IM6,P-0046530,breast_msk_2025,MAP3K14,NA,17,43348562,NA,NA,-1,Exon 10 of MAP3K14(-),64750.0,SMURF2,NA,17,62584761,NA,NA,-1,Intron of SMURF2(-):2Kb after exon 5,NA,GRCh37,yes,unk,146618,396717,0,237,-1,231,-1,10,MAP3K14 (NM_003954) - SMURF2 (NM_022739) rearrangement: c.1683:MAP3K14_c.400+2441:SMURF2dup,PRECISE,5to3,Protein Fusion: mid-exon  {MAP3K14:SMURF2},DUPLICATION,19236199,The MAP3K14 - SMURF2 rearrangement is a duplication that results in a fusion of MAP3K14 exons 1 - 10 to SMURF2 exons 6 - 19. One of the breakpoints is within MAP3K14 exon 10. Functional significance is undetermined.,SOMATIC,9020.0
UC0wMDQ2NTMwLVQwMy1JTTY6YnJlYXN0X21za18yMDI1,UC0wMDQ2NTMwOmJyZWFzdF9tc2tfMjAyNQ,breast_msk_2025_structural_variants,P-0046530-T03-IM6,P-0046530,breast_msk_2025,MAP3K14,NA,17,43348562,NA,NA,-1,Exon 10 of MAP3K14(-),64750.0,SMURF2,NA,17,62584761,NA,NA,-1,Intron of SMURF2(-):2Kb after exon 5,NA,GRCh37,yes,unk,231492,343304,0,113,-1,104,-1,10,MAP3K14 (NM_003954) - SMURF2 (NM_022739) rearrangement: c.1683_c.400:MAP3K14+2441:SMURF2dup,PRECISE,5to3,Protein Fusion: mid-exon  {MAP3K14:SMURF2},DUPLICATION,19236199,Note: The MAP3K14 - SMURF2 rearrangement is a duplication which results in a fusion of MAP3K14 exons 1-10 with SMURF2 exons 6 to 19. The functional significance is undetermined.,SOMATIC,9020.0
UC0wMDE1NzM0LVQwMS1JTTY6YnJlYXN0X21za18yMDI1,UC0wMDE1NzM0OmJyZWFzdF9tc2tfMjAyNQ,breast_msk_2025_structural_variants,P-0015734-T01-IM6,P-0015734,breast_msk_2025,MAPK3,NA,16,30134528,NA,NA,-1,Exon 1 of MAPK3(-),,,NA,16,30135079,NA,NA,-1,Promoter of MAPK3(-): 449bp from tx start,NA,GRCh37,yes,unk,0,5,0,83,-1,88,-1,0,MAPK3 (NM_002746) Rearrangement : c.-549_c.3del,IMPRECISE,3to5,Deletion within transcript: mid-exon,DELETION,551,Note: The MAPK3 Rearrangement results in the partial deletion of exon 1. One of the breakpoints is within exon 1. Its functional significance is undetermined.,SOMATIC,5595.0
UC0wMDIwNzMwLVQwMS1JTTY6YnJlYXN0X21za18yMDI1,UC0wMDIwNzMwOmJyZWFzdF9tc2tfMjAyNQ,breast_msk_2025_structural_variants,P-0020730-T01-IM6,P-0020730,breast_msk_2025,MAPK8IP3,NA,16,1773119,NA,NA,-1,Intron of MAPK8IP3(+):1Kb before exon 2,4913.0,NTHL1,NA,16,2090049,NA,NA,-1,Intron of NTHL1(-):1bp before exon 6,NA,GRCh37,NA,NA,3153,3107,0,45,-1,-1,-1,-1,MAPK8IP3 (NM_015133) - NTHL1 (NM_002528) rearrangement: c.319-1439:MAPK8IP3_c.816-1:NTHL1inv,PRECISE,3to3,Protein Fusion: out of frame  {MAPK8IP3:NTHL1},INVERSION,316930,Note: The MAPK8IP3 - NTHL1 rearrangement is an inversion that results in the fusion of MAPK8IP3 exon 1 with NTHL1 exon 6. The functional significance is undetermined.,SOMATIC,23162.0
UC0wMDQyNzY2LVQwMS1JTTY6YnJlYXN0X21za18yMDI1,UC0wMDQyNzY2OmJyZWFzdF9tc2tfMjAyNQ,breast_msk_2025_structural_variants,P-0042766-T01-IM6,P-0042766,breast_msk_2025,MCL1,NA,3,97440154,NA,NA,-1,Intron of EPHA6(+):900bp after exon 15,,,NA,1,150551927,NA,NA,-1,Exon 1 of MCL1(-),NA,GRCh37,yes,unk,0,0,0,27,-1,26,-1,10,MCL1 (NM_021960) rearrangement: t(1;3)(q21.3;q11.2)(chr1:g.150551927::chr3:g.97440154),PRECISE,5to3,MCL1-intragenic,TRANSLOCATION,0,Note: The MCL1 rearrangement is a translocation with a breakpoint in exon 1. Functional significance is undetermined.,SOMATIC,4170.0
UC0wMDA4NzA5LVQwMS1JTTU6YnJlYXN0X21za18yMDI1,UC0wMDA4NzA5OmJyZWFzdF9tc2tfMjAyNQ,breast_msk_2025_structural_variants,P-0008709-T01-IM5,P-0008709,breast_msk_2025,MDC1,NA,6,30675598,NA,NA,-1,Exon 8 of MDC1(-),,,NA,6,30822725,NA,NA,-1,IGR: 29Kb before DDR1(+),NA,GRCh37,NA,NA,31993,34073,0,25,-1,-1,-1,-1,MDC1 (NM_014641) rearrangement: c.2758_chr6:g.30822725dup.,PRECISE,5to3,MDC1-intragenic,DUPLICATION,147127,Note: The MDC1 (NM_014641) rearrangement is a duplication of exons 1-8. One of the breakpoints is within exon 8. The functional significance is undetermined.,SOMATIC,9656.0
UC0wMDE1Njc0LVQwMS1JTTY6YnJlYXN0X21za18yMDI1,UC0wMDE1Njc0OmJyZWFzdF9tc2tfMjAyNQ,breast_msk_2025_structural_variants,P-0015674-T01-IM6,P-0015674,breast_msk_2025,MDC1,NA,6,30668411,NA,NA,-1,Intron of MDC1(-): 2bp before exon 15,,,NA,3,161148916,NA,NA,-1,IGR: 59Kb after C3orf57(-),NA,GRCh37,NA,NA,0,0,0,31,-1,-1,-1,-1,MDC1 (NM_014641) rearrangement: t(3;6)(q26.1;p21.33)(chr3:g.161148916::chr6:g.30668411),PRECISE,3to3,MDC1-intragenic,TRANSLOCATION,0,Note: The MDC1 rearrangement is a translocation that may result in the truncation of exon 15. The function is undetermined.,SOMATIC,9656.0
UC0wMDM2MzcwLVQwMS1JTTY6YnJlYXN0X21za18yMDI1,UC0wMDM2MzcwOmJyZWFzdF9tc2tfMjAyNQ,breast_msk_2025_structural_variants,P-0036370-T01-IM6,P-0036370,breast_msk_2025,MDC1,NA,6,30666529,NA,NA,-1,Promoter of MDC1(-):1Kb from tx start,,,NA,6,30680829,NA,NA,-1,Exon 5 of MDC1(-),NA,GRCh37,yes,unk,39486,37967,0,34,-1,21,-1,10,MDC1 (NM_014641) rearrangement: c.890:MDC1_chr6:g.30666529inv,PRECISE,5to5,Antisense Fusion,INVERSION,14300,Note: The MDC1 rearrangement is an inversion of exons 5-15. One of the breakpoints is within exon 5. Its functional significance is undetermined.,SOMATIC,9656.0
UC0wMDQ4ODg5LVQwMy1JTTc6YnJlYXN0X21za18yMDI1,UC0wMDQ4ODg5OmJyZWFzdF9tc2tfMjAyNQ,breast_msk_2025_structural_variants,P-0048889-T03-IM7,P-0048889,breast_msk_2025,MDM2,NA,12,69222480,NA,NA,-1,Intron of MDM2(+):70bp before exon 8,,,NA,12,69404188,NA,NA,-1,IGR: 159Kb before CPM(-),NA,GRCh37,NA,NA,17436,35433,0,25,-1,-1,-1,-1,MDM2 (NM_002392) rearrangement: c.524-71:MDM2_chr12:g.69404188inv,PRECISE,5to5,MDM2-intragenic,INVERSION,181708,Note: The MDM2 rearrangement is an inversion of exons 8 - 11. Functional significance is undetermined.,SOMATIC,4193.0
UC0wMDM3NjE4LVQwMi1JTTY6YnJlYXN0X21za18yMDI1,UC0wMDM3NjE4OmJyZWFzdF9tc2tfMjAyNQ,breast_msk_2025_structural_variants,P-0037618-T02-IM6,P-0037618,breast_msk_2025,MDM4,NA,1,204254338,NA,NA,-1,5-UTR of PLEKHA6(-):62Kb before coding start,,,NA,1,204507309,NA,NA,-1,Intron of MDM4(+):27bp before exon 7,NA,GRCh37,yes,unk,4869,11919,0,65,-1,57,-1,10,MDM4 (NM_002393) rearrangement: c.412-28:MDM4_chr1:g.204254338inv,PRECISE,5to5,Transcript Fusion {PLEKHA6:MDM4},INVERSION,252971,Note: The MDM4 rearrangement is an inversion of exons 1-6. The functional significance is undetermined.,SOMATIC,4194.0
UC0wMDU5NzEwLVQwMS1JTTc6YnJlYXN0X21za18yMDI1,UC0wMDU5NzEwOmJyZWFzdF9tc2tfMjAyNQ,breast_msk_2025_structural_variants,P-0059710-T01-IM7,P-0059710,breast_msk_2025,ME1,NA,NA,-1,NA,NA,-1,NA,5290.0,PIK3CA,NA,NA,-1,NA,NA,-1,NA,NA,GRCh37,yes,unk,-1,-1,-1,-1,-1,-1,-1,-1,POSITIVE FOR GENE FUSIONS IN THE INVESTIGATIONAL PANEL: ME1-PIK3CA fusion. Note: The rearrangement is an out of frame fusion between genes ME1 Exon1 (NM_002395) and PIK3CA Exon2 (NM_006218). Note2: The functional significance of this event is unknown.,NA,NA,ME1-PIK3CA Fusion - Archer,NA,-1,Lab Notes Run Number: ArcherV4-CLIN-20200192 Macro-dissection: Not Performed,SOMATIC,4199.0
UC0wMDA5Mjk3LVQwMi1JTTU6YnJlYXN0X21za18yMDI1,UC0wMDA5Mjk3OmJyZWFzdF9tc2tfMjAyNQ,breast_msk_2025_structural_variants,P-0009297-T02-IM5,P-0009297,breast_msk_2025,MED12,NA,X,70349725,NA,NA,-1,Intron of MED12(+): 20bp after exon 27,,,NA,X,70354912,NA,NA,-1,Intron of MED12(+): 30bp before exon 36,NA,GRCh37,yes,unk,29454,30912,0,6,-1,8,-1,7,MED12 (NM_005120) Rearrangement : c.3867+20_c.4864-30dup,PRECISE,5to3,Duplication of 8 exons: in frame,DUPLICATION,5187,Note: The MED12  Rearrangement results in the intragenic duplication of exons28-35. The functional significance is undetermined.,SOMATIC,9968.0
UC0wMDMyNTcxLVQwNC1JTTY6YnJlYXN0X21za18yMDI1,UC0wMDMyNTcxOmJyZWFzdF9tc2tfMjAyNQ,breast_msk_2025_structural_variants,P-0032571-T04-IM6,P-0032571,breast_msk_2025,MED12,NA,X,70340002,NA,NA,-1,Exon 4 of MED12(+),,,NA,X,70343489,NA,NA,-1,Exon 12 of MED12(+),NA,GRCh37,NA,NA,9339,12259,0,14,-1,-1,-1,-1,MED12 (NM_005120) rearrangement: c.535_c.1663dup,PRECISE,5to3,Duplication within transcript : mid-exon,DUPLICATION,3487,Note: The MED12 rearrangement is an intragenic duplication of exons 4 - 12. The breakpoints are within exon 4 and exon 12. Functional significance is undetermined.,SOMATIC,9968.0
UC0wMDE5NTI4LVQwMS1JTTY6YnJlYXN0X21za18yMDI1,UC0wMDE5NTI4OmJyZWFzdF9tc2tfMjAyNQ,breast_msk_2025_structural_variants,P-0019528-T01-IM6,P-0019528,breast_msk_2025,MED12,NA,X,70357796,NA,NA,-1,Intron of MED12(+):3bp after exon 41,,,NA,7,57366619,NA,NA,-1,IGR: 106Kb before MIR3147(+),NA,GRCh37,NA,NA,0,0,0,18,-1,-1,-1,-1,MED12 (NM_005120) rearrangement: t(7;X)(p11.2;q13.1)(chr7:g.57366619::chrX:g.70357796),PRECISE,3to3,MED12-intragenic,TRANSLOCATION,0,Note: The MED12 rearrangement is a translocation with a breakpoint within intron 41. The functional significance is undetermined.,SOMATIC,9968.0
UC0wMDI1OTI0LVQwMS1JTTY6YnJlYXN0X21za18yMDI1,UC0wMDI1OTI0OmJyZWFzdF9tc2tfMjAyNQ,breast_msk_2025_structural_variants,P-0025924-T01-IM6,P-0025924,breast_msk_2025,MED12,NA,X,70357566,NA,NA,-1,Intron of MED12(+):9bp before exon 41,,,NA,X,70360885,NA,NA,-1,Intron of MED12(+):178bp after exon 42,NA,GRCh37,yes,unk,5056,7302,0,7,-1,7,-1,10,MED12 (NM_005120) rearrangement: c.5827-10_c.6267+178del,PRECISE,3to5,Deletion of 2 exons : in frame,DELETION,3319,Note: The MED12 rearrangement results in the intragenic deletion of exons 41 and 42. Its functional significance is undetermined.,SOMATIC,9968.0
UC0wMDMyNTcxLVQwMS1JTTY6YnJlYXN0X21za18yMDI1,UC0wMDMyNTcxOmJyZWFzdF9tc2tfMjAyNQ,breast_msk_2025_structural_variants,P-0032571-T01-IM6,P-0032571,breast_msk_2025,MED12,NA,X,70340002,NA,NA,-1,Exon 4 of MED12(+),,,NA,X,70343489,NA,NA,-1,Exon 12 of MED12(+),NA,GRCh37,yes,unk,13841,25068,0,45,-1,45,-1,10,MED12 (NM_005120) Rearrangement : c.535_c.1663dup,PRECISE,5to3,Duplication within transcript : mid-exon,DUPLICATION,3487,Note: The MED12  Rearrangement  results in the intragenic deuplication of exons 4-12. The breakpoints are within exons4 and 12 respectively. Its functional significance is undetermined.,SOMATIC,9968.0
UC0wMDQ4MTA0LVQwMS1JTTY6YnJlYXN0X21za18yMDI1,UC0wMDQ4MTA0OmJyZWFzdF9tc2tfMjAyNQ,breast_msk_2025_structural_variants,P-0048104-T01-IM6,P-0048104,breast_msk_2025,MED13,NA,17,37627894,NA,NA,-1,Exon 2 of CDK12(+),51755.0,CDK12,NA,17,60067043,NA,NA,-1,Intron of MED13(-):3Kb before exon 12,NA,GRCh37,yes,unk,382927,706070,0,121,-1,96,-1,10,MED13 (NM_005121) - CDK12 (NM_016507) rearrangement: c.2264-2554:MED13_c.1809:CDK12inv,PRECISE,5to5,Protein Fusion: mid-exon  {MED13:CDK12},INVERSION,22439149,Note: The MED13 - CDK12 rearrangement is an inversion that results in a fusion of MED13 exons 1 - 11 to CDK12 exons 2 - 14. One of the breakpoints is within CDK12 exon 2. The fusion includes the kinase domain of CDK12. Functional significance is undetermi,SOMATIC,9969.0
UC0wMDM1NTE0LVQwMy1JTTY6YnJlYXN0X21za18yMDI1,UC0wMDM1NTE0OmJyZWFzdF9tc2tfMjAyNQ,breast_msk_2025_structural_variants,P-0035514-T03-IM6,P-0035514,breast_msk_2025,MED20,NA,6,41884989,NA,NA,-1,Intron of MED20(-):312bp before exon 2,896.0,CCND3,NA,6,41904506,NA,NA,-1,Intron of CCND3(-):73bp before exon 4,NA,GRCh37,NA,NA,3715,2136,0,2,-1,-1,-1,-1,MED20 (NM_004275) - CCND3 (NM_001760) rearrangement: c.15-312:MED20_c.575-73:CCND3dup,PRECISE,5to3,Protein Fusion: out of frame  {MED20:CCND3},DUPLICATION,19517,Note: The MED20 - CCND3 rearrangement is a duplication which results in the fusion of MED20 exon 1 with CCND3 exons 4-5. Its functional significance is undetermined.,SOMATIC,9477.0
UC0wMDIxNTgwLVQwMS1JTTY6YnJlYXN0X21za18yMDI1,UC0wMDIxNTgwOmJyZWFzdF9tc2tfMjAyNQ,breast_msk_2025_structural_variants,P-0021580-T01-IM6,P-0021580,breast_msk_2025,MEN1,NA,11,64574597,NA,NA,-1,Intron of MEN1(-):27bp before exon 6,,,NA,11,64576030,NA,NA,-1,Intron of MEN1(-):459bp before exon 3,NA,GRCh37,yes,unk,5273,5686,0,35,-1,33,-1,10,MEN1 (NM_000244) rearrangement: c.840-27_c.461-459del,PRECISE,3to5,Deletion of 3 exons : out of frame,DELETION,1433,Note: The MEN1 rearrangement results in the deletion of exons 3-5. The functional significance is undetermined.,SOMATIC,4221.0
UC0wMDA2Nzg3LVQwMS1JTTU6YnJlYXN0X21za18yMDI1,UC0wMDA2Nzg3OmJyZWFzdF9tc2tfMjAyNQ,breast_msk_2025_structural_variants,P-0006787-T01-IM5,P-0006787,breast_msk_2025,MET,NA,7,116399591,NA,NA,-1,Intron of MET(+): 47bp after exon 10,7982.0,ST7,NA,7,116626286,NA,NA,-1,Intron of ST7(+): 33Kb after exon 1,NA,GRCh37,yes,unk,13343,9075,0,9,-1,9,-1,26,ST7 (NM_021908) - MET (NM_000245)  rearrangement: c.151+32541:ST7_c.2364+47:METdup.,PRECISE,5to3,Protein fusion: out of frame (ST7-MET),DUPLICATION,226695,The ST7 (NM_021908) - MET (NM_000245)  rearrangement is a duplication which results in the fusion of ST7  exon 1 with MET exons 11-21. The functional significance is undetermined.,SOMATIC,4233.0
UC0wMDA2ODA5LVQwMS1JTTU6YnJlYXN0X21za18yMDI1,UC0wMDA2ODA5OmJyZWFzdF9tc2tfMjAyNQ,breast_msk_2025_structural_variants,P-0006809-T01-IM5,P-0006809,breast_msk_2025,MGA,NA,15,42018273,NA,NA,-1,Intron of MGA(+): 1Kb before exon 10,,,NA,15,42021516,NA,NA,-1,Exon 11 of MGA(+),NA,GRCh37,yes,unk,7149,8259,1,151,-1,102,-1,105,MGA (NM_001164273) Rearrangement :  c.3431-1105_3812dup,PRECISE,5to3,Duplication within transcript: mid-exon,DUPLICATION,3243,Note: The MGA (NM_001164273) rearrangement results in the duplication of exons 10 and 11. One of the breakpoints is within exon 11. Its functional significance is undetermined.,SOMATIC,23269.0
UC0wMDIyNTIxLVQwMi1JTTY6YnJlYXN0X21za18yMDI1,UC0wMDIyNTIxOmJyZWFzdF9tc2tfMjAyNQ,breast_msk_2025_structural_variants,P-0022521-T02-IM6,P-0022521,breast_msk_2025,MGA,NA,15,42032110,NA,NA,-1,Intron of MGA(+):140bp before exon 14,,,NA,15,52842861,NA,NA,-1,3-UTR of ARPP19(-):1Kb after coding stop,NA,GRCh37,NA,NA,107246,110612,0,27,-1,-1,-1,-1,MGA (NM_001164273) rearrangement : c.4435-141:MGA_chr15:g.52842861inv,PRECISE,5to5,MGA-intragenic,INVERSION,10810751,Note: The MGA rearrangement results in the inversion of MGA exon 14-24. Its functional significance is undetermined.,SOMATIC,23269.0
UC0wMDI0MjY2LVQwMS1JTTY6YnJlYXN0X21za18yMDI1,UC0wMDI0MjY2OmJyZWFzdF9tc2tfMjAyNQ,breast_msk_2025_structural_variants,P-0024266-T01-IM6,P-0024266,breast_msk_2025,MGA,NA,15,42034324,NA,NA,-1,Intron of MGA(+):419bp before exon 15,,,NA,15,42052533,NA,NA,-1,Exon 20 of MGA(+),NA,GRCh37,yes,unk,23824,16056,0,49,-1,48,-1,10,MGA (NM_001164273) Rearrangement : c.4586-420_c.7204del,PRECISE,3to5,Deletion within transcript : mid-exon,DELETION,18209,Note: The MGA Rearrangement results in the intragenic deletion of exons 15-20. One of the breakpoints is within exon20. Its functional significance is undetermined.,SOMATIC,23269.0
UC0wMDE2NzYzLVQwMS1JTTY6YnJlYXN0X21za18yMDI1,UC0wMDE2NzYzOmJyZWFzdF9tc2tfMjAyNQ,breast_msk_2025_structural_variants,P-0016763-T01-IM6,P-0016763,breast_msk_2025,MGA,NA,15,29907619,NA,NA,-1,IGR: 84Kb before TJP1(-),,,NA,15,42040979,NA,NA,-1,Exon 16 of MGA(+),NA,GRCh37,NA,NA,122273,97510,0,72,-1,-1,-1,-1,MGA (NM_001164273) rearrangement : g.29907619_c.5357:MGAinv,PRECISE,5to5,MGA-intragenic,INVERSION,12133360,Note: The MGA rearrangement results in the inversion of exons 1-16. One of the breakpoints is within exon 16. The functional significance is undetermined.,SOMATIC,23269.0
UC0wMDE1Njc0LVQwMS1JTTY6YnJlYXN0X21za18yMDI1,UC0wMDE1Njc0OmJyZWFzdF9tc2tfMjAyNQ,breast_msk_2025_structural_variants,P-0015674-T01-IM6,P-0015674,breast_msk_2025,MGA,NA,15,41990041,NA,NA,-1,Intron of MGA(+): 820bp after exon 3,,,NA,15,41991319,NA,NA,-1,Exon 5 of MGA(+),NA,GRCh37,NA,NA,3295,1781,0,34,-1,-1,-1,-1,MGA (NM_001164273) rearrangement: 2013+820_c.2150del,PRECISE,3to5,Deletion within transcript: mid-exon,DELETION,1278,Note: The MGA rearrangement results in the deletion of exons 4-5. One of the breakpoints is within exon 5. The functional significance is undetermined.,SOMATIC,23269.0
UC0wMDE0ODIxLVQwMi1JTTY6YnJlYXN0X21za18yMDI1,UC0wMDE0ODIxOmJyZWFzdF9tc2tfMjAyNQ,breast_msk_2025_structural_variants,P-0014821-T02-IM6,P-0014821,breast_msk_2025,MGA,NA,15,41988986,NA,NA,-1,Exon 3 of MGA(+),51332.0,SPTBN5,NA,15,42147224,NA,NA,-1,Intron of SPTBN5(-):50bp before exon 56,NA,GRCh37,yes,unk,60283,50847,0,9,-1,7,-1,10,MGA (NM_001164273) rearrangement: c.1778:MGA_chr15:g.42147224del,PRECISE,3to5,Antisense Fusion,DELETION,158238,Note: The MGA rearrangement is a deletion of exons 3-24. One of the breakpoints is within exon 3. The functional significance is undetermined.,SOMATIC,23269.0
UC0wMDA2NjAxLVQwMy1JTTY6YnJlYXN0X21za18yMDI1,UC0wMDA2NjAxOmJyZWFzdF9tc2tfMjAyNQ,breast_msk_2025_structural_variants,P-0006601-T03-IM6,P-0006601,breast_msk_2025,MINDY4,NA,7,30830415,NA,NA,-1,Intron of FAM188B(+):365bp before exon 5,673.0,BRAF,NA,7,140490696,NA,NA,-1,Intron of BRAF(-):3Kb before exon 9,NA,GRCh37,yes,unk,341413,492673,0,12,-1,12,-1,10,FAM188B (NM_032222) - BRAF(NM_004333) Fusion (FAM188B exon5 fused with BRAF exon9)  : c.664-366:FAM188B_c.1141-3312:BRAF,PRECISE,3to3,Protein Fusion: in frame  {FAM188B:BRAF},INVERSION,109660281,Note: The FAM188B -BRAF Fusion is predicted to be in-frame and includes the  protein kinase domain of BRAF.,SOMATIC,84182.0
UC0wMDA2NjAxLVQwMy1JTTY6YnJlYXN0X21za18yMDI1,UC0wMDA2NjAxOmJyZWFzdF9tc2tfMjAyNQ,breast_msk_2025_structural_variants,P-0006601-T03-IM6,P-0006601,breast_msk_2025,MINDY4,NA,NA,-1,NA,NA,-1,NA,673.0,BRAF,NA,NA,-1,NA,NA,-1,NA,NA,GRCh37,yes,unk,-1,-1,-1,-1,-1,-1,-1,-1,POSITIVE FOR THE FOLLOWING GENE FUSION IN THE CLINICALLY VALIDATED PANEL: FAM188B-BRAF fusion. Note: The rearrangement is an in-frame fusion between genes FAM188B Exon4 (NM_032222) and BRAF Exon9 (NM_004333).,NA,NA,FAM188B-BRAF Fusion - Archer,NA,-1,Lab Notes Run Number: ArcherV3-CLIN-20190034 Macro-dissection: Unknown,SOMATIC,84182.0
UC0wMDAyNTgyLVQwMS1JTTM6YnJlYXN0X21za18yMDI1,UC0wMDAyNTgyOmJyZWFzdF9tc2tfMjAyNQ,breast_msk_2025_structural_variants,P-0002582-T01-IM3,P-0002582,breast_msk_2025,MIR1281,NA,22,41487340,NA,NA,-1,Promoter of MIR1281(+): 1Kb from tx start,2033.0,EP300,NA,22,41562642,NA,NA,-1,Exon 23 of EP300(+),NA,GRCh37,yes,unk,88871,74498,0,16,-1,15,-1,27,NA,PRECISE,3to5,Protein fusion: mid-exon (MIR1281-EP300),DELETION,75302,NA,SOMATIC,100302237.0
UC0wMDE2Nzk1LVQwMS1JTTY6YnJlYXN0X21za18yMDI1,UC0wMDE2Nzk1OmJyZWFzdF9tc2tfMjAyNQ,breast_msk_2025_structural_variants,P-0016795-T01-IM6,P-0016795,breast_msk_2025,MIR940,NA,NA,-1,NA,NA,-1,NA,2120.0,ETV6,NA,NA,-1,NA,NA,-1,NA,NA,GRCh37,yes,unk,-1,-1,-1,-1,-1,-1,-1,-1,Also picked by IMPACT POSITIVE FOR GENE FUSIONS IN THE INVESTIGATIONAL PANEL: MIR940-ETV6 fusion. Note: The rearrangement is an in-frame fusion between genes MIR940 Exon1 (NR_030636) and ETV6 Exon6 (NM_001987).,NA,NA,MIR940-ETV6 Fusion - Archer,NA,-1,Lab Notes Run Number: ArcherV1-CLIN-20170005 Macro-dissection: Performed,SOMATIC,100126328.0
UC0wMDQzNjYyLVQwMS1JTTY6YnJlYXN0X21za18yMDI1,UC0wMDQzNjYyOmJyZWFzdF9tc2tfMjAyNQ,breast_msk_2025_structural_variants,P-0043662-T01-IM6,P-0043662,breast_msk_2025,MLH1,NA,3,37044051,NA,NA,-1,Intron of MLH1(+):2Kb after exon 3,,,NA,3,37048709,NA,NA,-1,Intron of MLH1(+):155bp after exon 5,NA,GRCh37,yes,unk,1856,2710,0,6,-1,7,-1,5,MLH1 (NM_000249) rearrangement: c.306+1507_c.453+155dup,PRECISE,5to3,Duplication of 2 exons : in frame,DUPLICATION,4658,Note: The MLH1 rearrangement is an intragenic duplication of exons 4 - 5. Functional significance is undetermined.,SOMATIC,4292.0
UC0wMDQ2NTMwLVQwMS1JTTY6YnJlYXN0X21za18yMDI1,UC0wMDQ2NTMwOmJyZWFzdF9tc2tfMjAyNQ,breast_msk_2025_structural_variants,P-0046530-T01-IM6,P-0046530,breast_msk_2025,MLH1,NA,19,8765208,NA,NA,-1,IGR: 43Kb before ACTL9(-),,,NA,3,37038246,NA,NA,-1,Intron of MLH1(+):46bp after exon 2,NA,GRCh37,yes,unk,0,0,0,29,-1,27,-1,0,MLH1 (NM_000249) rearrangement: t(3;19)(p22.2;p13.2)(chr3:g.37038246::chr19:g.8765208),IMPPRECISE,5to3,MLH1-intragenic,TRANSLOCATION,0,Note: The MLH1 rearrangement is a translocation with a breakpoint in intron 2. Functional significance is undetermined.,SOMATIC,4292.0
UC0wMDQ2NTMwLVQwMy1JTTY6YnJlYXN0X21za18yMDI1,UC0wMDQ2NTMwOmJyZWFzdF9tc2tfMjAyNQ,breast_msk_2025_structural_variants,P-0046530-T03-IM6,P-0046530,breast_msk_2025,MLH1,NA,19,8765207,NA,NA,-1,IGR: 43Kb before ACTL9(-),,,NA,3,37038268,NA,NA,-1,Intron of MLH1(+):68bp after exon 2,NA,GRCh37,yes,unk,0,0,0,29,-1,27,-1,0,MLH1 (NM_000249) rearrangement: t(3;19)(p22.2;p13.2)(chr3:g.37038268::chr19:g.8765207),IMPPRECISE,5to3,MLH1-intragenic,TRANSLOCATION,0,Note: The MLH1 rearrangement is a translocation with a breakpoint in intron 2. Functional significance is undetermined.,SOMATIC,4292.0
UC0wMDMxODcxLVQwMS1JTTY6YnJlYXN0X21za18yMDI1,UC0wMDMxODcxOmJyZWFzdF9tc2tfMjAyNQ,breast_msk_2025_structural_variants,P-0031871-T01-IM6,P-0031871,breast_msk_2025,MPL,NA,1,37865724,NA,NA,-1,IGR: 55Kb before LINC01137(-),,,NA,1,43805217,NA,NA,-1,Exon 4 of MPL(+),NA,GRCh37,NA,NA,28919,39591,0,67,-1,-1,-1,-1,MPL (NM_005373) rearrangement: c.667:MPL_chr1:g.37865724inv,PRECISE,5to5,MPL-intragenic,INVERSION,5939493,Note: The MPL rearrangement results in the inversion of exons 1-4. One of the breakpoints is within exon 4. The functional significance is undetermined.,SOMATIC,4352.0
UC0wMDMxNzEwLVQwMi1JTTc6YnJlYXN0X21za18yMDI1,UC0wMDMxNzEwOmJyZWFzdF9tc2tfMjAyNQ,breast_msk_2025_structural_variants,P-0031710-T02-IM7,P-0031710,breast_msk_2025,MPL,NA,1,43815119,NA,NA,-1,Intron of MPL(+):89bp after exon 10,11124.0,FAF1,NA,1,51229991,NA,NA,-1,Intron of FAF1(-):20Kb before exon 5,NA,GRCh37,yes,unk,85956,166960,0,9,-1,9,-1,10,MPL (NM_005373) - FAF1 (NM_007051) rearrangement: c.1565+89:MPL_c.368-19544:FAF1inv,PRECISE,3to3,Protein Fusion: out of frame  {MPL:FAF1},INVERSION,7414872,Note: The MPL - FAF1 rearrangement is an inversion that results in a fusion of MPL exons 1 - 10 to FAF1 exons 5 - 19. Functional significance is undetermined.,SOMATIC,4352.0
UC0wMDMxNzEwLVQwMS1JTTY6YnJlYXN0X21za18yMDI1,UC0wMDMxNzEwOmJyZWFzdF9tc2tfMjAyNQ,breast_msk_2025_structural_variants,P-0031710-T01-IM6,P-0031710,breast_msk_2025,MPL,NA,1,43815119,NA,NA,-1,Intron of MPL(+):89bp after exon 10,11124.0,FAF1,NA,1,51229991,NA,NA,-1,Intron of FAF1(-):20Kb before exon 5,NA,GRCh37,yes,unk,86013,37270,0,3,-1,3,-1,10,MPL (NM_005373) - FAF1 (NM_007051) Rearrangement : c.1565+89:MPL_c.368-19544:FAF1inv,PRECISE,3to3,Protein Fusion: out of frame  {MPL:FAF1},INVERSION,7414872,Note: The MPL - FAF1 Rearrangement results in the fusion of MPL exon 10 fused with FAF1 exon5. Its functional significance is undetermined.,SOMATIC,4352.0
UC0wMDU0NTg2LVQwMS1JTTY6YnJlYXN0X21za18yMDI1,UC0wMDU0NTg2OmJyZWFzdF9tc2tfMjAyNQ,breast_msk_2025_structural_variants,P-0054586-T01-IM6,P-0054586,breast_msk_2025,MPND,NA,19,4357196,NA,NA,-1,Intron of MPND(+):53bp before exon 7,5296.0,PIK3R2,NA,19,18274011,NA,NA,-1,Intron of PIK3R2(+):54bp after exon 10,NA,GRCh37,yes,unk,879256,812922,0,23,-1,22,-1,10,MPND (NM_032868) - PIK3R2 (NM_005027) rearrangement: c.997-54:MPND_c.1290+54:PIK3R2del,PRECISE,3to5,Protein Fusion: in frame  {MPND:PIK3R2},DELETION,13916815,Note: The MPND - PIK3R2 rearrangement is a deletion that results in a fusion of MPND exons 1 - 6 to PIK3R2 exons 11 - 16. The fusion is predicted to be in frame.,SOMATIC,84954.0
UC0wMDE2NjI3LVQwMS1JTTY6YnJlYXN0X21za18yMDI1,UC0wMDE2NjI3OmJyZWFzdF9tc2tfMjAyNQ,breast_msk_2025_structural_variants,P-0016627-T01-IM6,P-0016627,breast_msk_2025,MRE11,NA,11,94211999,NA,NA,-1,Exon 6 of MRE11A(-),,,NA,11,113555650,NA,NA,-1,Promoter of TMPRSS5(-):3Kb from tx start,NA,GRCh37,NA,NA,138799,185963,0,252,-1,-1,-1,-1,MRE11A (NM_005591) rearrangement: c.446_g.113555650inv,PRECISE,3to3,MRE11A-intragenic,INVERSION,19343651,Note: The MRE11A rearrangement results in an inversion of exons 1-6 . One of the breakpoints is within exon 6. The functional significance is undetermined.,SOMATIC,4361.0
UC0wMDI4NTcyLVQwMi1JTTY6YnJlYXN0X21za18yMDI1,UC0wMDI4NTcyOmJyZWFzdF9tc2tfMjAyNQ,breast_msk_2025_structural_variants,P-0028572-T02-IM6,P-0028572,breast_msk_2025,MRE11,NA,11,94203753,NA,NA,-1,Exon 9 of MRE11A(-),143686.0,SESN3,NA,11,94965196,NA,NA,-1,Promoter of SESN3(-):67Kb from tx start,NA,GRCh37,yes,unk,21977,33830,0,13,-1,10,-1,10,MRE11A (NM_005591) rearrangement: c.901:MRE11A_chr11:g.94965196inv,PRECISE,5to5,Antisense Fusion,INVERSION,761443,Note: The MRE11A rearrangement is an inversion of exons 1-9. One of the breakpoints is within exon 9. The functional significance is undetermined.,SOMATIC,4361.0
UC0wMDI1MDkyLVQwMS1JTTY6YnJlYXN0X21za18yMDI1,UC0wMDI1MDkyOmJyZWFzdF9tc2tfMjAyNQ,breast_msk_2025_structural_variants,P-0025092-T01-IM6,P-0025092,breast_msk_2025,MS4A15,NA,11,60541820,NA,NA,-1,Intron of MS4A15(+):397bp after exon 6,51162.0,EGFL7,NA,9,139563132,NA,NA,-1,Intron of EGFL7(+):7bp after exon 3,NA,GRCh37,yes,unk,0,0,0,6,-1,6,-1,0,EGFL7 (NM_201446) rearrangement: t(9;11)(q34.3;q12.2)(chr9:g.139563132::chr11:g.60541820),IMPPRECISE,5to3,Protein Fusion: out of frame  {EGFL7:MS4A15},TRANSLOCATION,0,Note: The EGFL7 rearrangement is a translocation with a breakpoint in intron 3. The functional significance is undetermined.,SOMATIC,219995.0
UC0wMDE0NjI2LVQwMS1JTTY6YnJlYXN0X21za18yMDI1,UC0wMDE0NjI2OmJyZWFzdF9tc2tfMjAyNQ,breast_msk_2025_structural_variants,P-0014626-T01-IM6,P-0014626,breast_msk_2025,MSH3,NA,5,80160675,NA,NA,-1,Exon 22 of MSH3(+),,,NA,5,80163801,NA,NA,-1,Intron of MSH3(+): 3Kb after exon 22,NA,GRCh37,yes,unk,1217,1320,0,62,-1,65,-1,50,MSH3 (NM_002439) rearrangement: c.3044_c.3130+3040dup,PRECISE,5to3,Duplication within transcript: mid-exon,DUPLICATION,3126,Note: The MSH3 rearrangement is a duplication of exon 22. One of the breakpoints is within exon. The functional significance is undetermined.,SOMATIC,4437.0
UC0wMDI4ODMzLVQwMS1JTTY6YnJlYXN0X21za18yMDI1,UC0wMDI4ODMzOmJyZWFzdF9tc2tfMjAyNQ,breast_msk_2025_structural_variants,P-0028833-T01-IM6,P-0028833,breast_msk_2025,MSI2,NA,17,55308451,NA,NA,-1,IGR: 25Kb before MSI2(+),,,NA,17,55335639,NA,NA,-1,Exon 4 of MSI2(+),NA,GRCh37,yes,unk,2870,6336,0,8,-1,8,-1,10,MSI2 (NM_138962) rearrangement: c.194_chr17:g.55308451dup,PRECISE,5to3,MSI2-intragenic,DUPLICATION,27188,Note: The MSI2 rearrangement results in duplication of MSI2 exons 1 to 4. One of the breakpoints is within MSI2 exon 4. The functional significance is undetermined.,SOMATIC,124540.0
UC0wMDM0Mzg1LVQwMi1JTTY6YnJlYXN0X21za18yMDI1,UC0wMDM0Mzg1OmJyZWFzdF9tc2tfMjAyNQ,breast_msk_2025_structural_variants,P-0034385-T02-IM6,P-0034385,breast_msk_2025,MSI2,NA,17,55674275,NA,NA,-1,Exon 8 of MSI2(+),54828.0,BCAS3,NA,17,58847151,NA,NA,-1,Intron of BCAS3(+):23Kb after exon 6,NA,GRCh37,NA,NA,70691,137161,0,97,-1,-1,-1,-1,MSI2 (NM_138962) - BCAS3 (NM_001099432) rearrangement: c.501:MSI2_c.403+22511:BCAS3del,IMPPRECISE,3to5,Protein Fusion: mid-exon  {MSI2:BCAS3},DELETION,3172876,Note: The MSI2 - BCAS3 rearrangement is a deletion that results in the fusion of MSI2 exons 1-8 with BCAS3 exons 6-25. One of the breakpoints is within MSI2 exon 8. The functional significance is undetermined.,SOMATIC,124540.0
UC0wMDExNDU0LVQwMi1JTTY6YnJlYXN0X21za18yMDI1,UC0wMDExNDU0OmJyZWFzdF9tc2tfMjAyNQ,breast_msk_2025_structural_variants,P-0011454-T02-IM6,P-0011454,breast_msk_2025,MST1,NA,3,49724163,NA,NA,-1,Exon 7 of MST1(-),,,NA,3,49763320,NA,NA,-1,3-UTR of IP6K1(-):1Kb after coding stop,NA,GRCh37,yes,unk,7589,7830,0,28,-1,12,-1,10,MST1 (NM_020998) rearrangement: c.801:MST1_chr3:g.49763320inv,PRECISE,5to5,MST1-intragenic,INVERSION,39157,Note: The MST1 rearrangement results in the inversion of exons 1-7. One of the breakpoints is within exon 7. The functional significance is undetermined.,SOMATIC,4485.0
UC0wMDE5NDM0LVQwMS1JTTY6YnJlYXN0X21za18yMDI1,UC0wMDE5NDM0OmJyZWFzdF9tc2tfMjAyNQ,breast_msk_2025_structural_variants,P-0019434-T01-IM6,P-0019434,breast_msk_2025,MST1,NA,3,49723504,NA,NA,-1,Exon 9 of MST1(-),,,NA,3,66565721,NA,NA,-1,IGR: 137Kb before LRIG1(-),NA,GRCh37,NA,NA,128848,50964,0,8,-1,-1,-1,-1,MST1 (NM_020998) rearrangement: c.1138_chr3:g.66565721inv,PRECISE,5to5,MST1-intragenic,INVERSION,16842217,Note: The MST1 rearrangement is an inversion of exons 1-9. One of the breakpoints is within exon 9. The functional significance is undetermined.,SOMATIC,4485.0
UC0wMDE2Nzg1LVQwMS1JTTY6YnJlYXN0X21za18yMDI1,UC0wMDE2Nzg1OmJyZWFzdF9tc2tfMjAyNQ,breast_msk_2025_structural_variants,P-0016785-T01-IM6,P-0016785,breast_msk_2025,MST1R,NA,3,49933281,NA,NA,-1,Exon 12 of MST1R(-),654502.0,IQCJ,NA,3,159356211,NA,NA,-1,Intron of SCHIP1(+):126Kb before exon 2,NA,GRCh37,NA,NA,407047,639762,0,35,-1,-1,-1,-1,MST1R (NM_002447) - IQCJ-SCHIP1 (NM_001197113) rearrangement: c.2829:MST1R_c.292-12602:IQCJ-SCHIP1del,PRECISE,3to5,MST1R-IQCJ Fusion,DELETION,109422930,Note: The MST1R - IQC-SCHIP1 rearrangement is a deletion  (109422930 bp) which includes exons 1-12 of MST1R. One of the breakpoints is within MST1R exon 12. The functional significance is undetermined.,SOMATIC,4486.0
UC0wMDE3MDMxLVQwMS1JTTY6YnJlYXN0X21za18yMDI1,UC0wMDE3MDMxOmJyZWFzdF9tc2tfMjAyNQ,breast_msk_2025_structural_variants,P-0017031-T01-IM6,P-0017031,breast_msk_2025,MT1H,NA,16,56702977,NA,NA,-1,Promoter of MT1H(+):748bp from tx start,9688.0,NUP93,NA,16,56839602,NA,NA,-1,Intron of NUP93(+):58bp after exon 5,NA,GRCh37,yes,unk,4191,8746,0,7,-1,7,-1,10,NUP93 (NM_014669) - MT1H (NM_005951) rearrangement: c.489+58:NUP93_c.-820:MT1Hdup,PRECISE,5to3,Transcript Fusion {NUP93:MT1H},DUPLICATION,136625,"Note: The NUP93 - MT1H rearrangement is a duplication with a breakpoint in the promoter region of MT1H, 802 bp upstream of the transcription start site.  This rearrangement may result in the fusion of NUP93 exons 1-5 to the promoter and the entire coding ",SOMATIC,4496.0
UC0wMDAxMzcyLVQwMi1JTTY6YnJlYXN0X21za18yMDI1,UC0wMDAxMzcyOmJyZWFzdF9tc2tfMjAyNQ,breast_msk_2025_structural_variants,P-0001372-T02-IM6,P-0001372,breast_msk_2025,MTOR,NA,5,170503531,NA,NA,-1,Intron of RANBP17(+):94Kb before exon 15,,,NA,1,11300525,NA,NA,-1,Exon 11 of MTOR(-),NA,GRCh37,NA,NA,0,0,0,20,-1,-1,-1,-1,MTOR (NM_004958) rearrangement: t(1;5)(p36.22;q35.1)(chr1:g.11300525::chr5:g.170503531),PRECISE,5to3,MTOR-intragenic,TRANSLOCATION,0,Note: The MTOR rearrangement is a translocation that may result in the truncation of exons 11-58. One of the breakpoints is within exon 11. The functional significance is undetermined.,SOMATIC,2475.0
UC0wMDQ4NzExLVQwMS1JTTY6YnJlYXN0X21za18yMDI1,UC0wMDQ4NzExOmJyZWFzdF9tc2tfMjAyNQ,breast_msk_2025_structural_variants,P-0048711-T01-IM6,P-0048711,breast_msk_2025,MTOR,NA,2,184784500,NA,NA,-1,IGR: 679Kb before ZNF804A(+),,,NA,1,11181415,NA,NA,-1,Exon 49 of MTOR(-),NA,GRCh37,yes,unk,0,0,0,6,-1,6,-1,10,MTOR (NM_004958) rearrangement: t(1;2)(p36.22;q32.1)(chr1:g.11181415::chr2:g.184784500),PRECISE,5to5,MTOR-intragenic,TRANSLOCATION,0,Note: The MTOR rearrangement is a translocation with a breakpoint in exon 49. Functional significance is undetermined.,SOMATIC,2475.0
UC0wMDM1NTE0LVQwMy1JTTY6YnJlYXN0X21za18yMDI1,UC0wMDM1NTE0OmJyZWFzdF9tc2tfMjAyNQ,breast_msk_2025_structural_variants,P-0035514-T03-IM6,P-0035514,breast_msk_2025,MTOR,NA,1,11318618,NA,NA,-1,Exon 3 of MTOR(-),,,NA,1,13939806,NA,NA,-1,Intron of PDPN(+):375bp before exon 4,NA,GRCh37,NA,NA,2954,1389,0,4,-1,-1,-1,-1,MTOR (NM_004958) rearrangement: c.195:MTOR_chr1:g.13939806del,PRECISE,3to5,MTOR-intragenic,DELETION,2621188,Note: The MTOR rearrangement is a deletion of exons 1-3. One of the breakpoints is within exon 3. The functional significance is undetermined.,SOMATIC,2475.0
UC0wMDQxMzQwLVQwMS1JTTY6YnJlYXN0X21za18yMDI1,UC0wMDQxMzQwOmJyZWFzdF9tc2tfMjAyNQ,breast_msk_2025_structural_variants,P-0041340-T01-IM6,P-0041340,breast_msk_2025,MTOR,NA,12,64490142,NA,NA,-1,Intron of SRGAP1(+):878bp before exon 15,57522.0,SRGAP1,NA,1,11187637,NA,NA,-1,Intron of MTOR(-):43bp after exon 44,NA,GRCh37,yes,unk,0,0,0,34,-1,29,-1,10,MTOR (NM_004958) - SRGAP1 (NM_020762) rearrangement: t(1;12)(p36.22;q14.2)(chr1:g.11187637::chr12:g.64490142),PRECISE,5to5,Protein Fusion: out of frame  {MTOR:SRGAP1},TRANSLOCATION,0,Note: The MTOR - SRGAP1 rearrangement is a translocation that results in a fusion of MTOR exons 1 - 44 to SRGAP1 exons 15 - 22. Functional significance is undetermined.,SOMATIC,2475.0
UC0wMDA1ODMyLVQwMS1JTTU6YnJlYXN0X21za18yMDI1,UC0wMDA1ODMyOmJyZWFzdF9tc2tfMjAyNQ,breast_msk_2025_structural_variants,P-0005832-T01-IM5,P-0005832,breast_msk_2025,MUTYH,NA,1,45797001,NA,NA,-1,Exon 14 of MUTYH(-),114883.0,OSBPL9,NA,1,52181050,NA,NA,-1,Intron of OSBPL9(+): 1Kb after exon 4,NA,GRCh37,yes,unk,64400,92142,0,5,-1,5,-1,10,MUTYH (:NM_001048172) - OSBPL9 (NM_148909) rearrangement event : c.1248:MUTYH_c.318+1299:OSBPL9inv,PRECISE,5to5,Protein fusion: mid-exon (MUTYH-OSBPL9),INVERSION,6384049,Note: The MUTYH (NM_001048172) - OSBPL9 (NM_148909) rearrangement event is an inversion which leads to the fusion of MUTYH exons 1-14 with OSBPL9 exons 6-24. One of the breakpoints is withinin MUTYH exon14.,SOMATIC,4595.0
UC0wMDA1ODMyLVQwMi1JTTY6YnJlYXN0X21za18yMDI1,UC0wMDA1ODMyOmJyZWFzdF9tc2tfMjAyNQ,breast_msk_2025_structural_variants,P-0005832-T02-IM6,P-0005832,breast_msk_2025,MUTYH,NA,1,45797002,NA,NA,-1,Exon 14 of MUTYH(-),114883.0,OSBPL9,NA,1,52181051,NA,NA,-1,Intron of OSBPL9(+):1Kb after exon 4,NA,GRCh37,yes,unk,86492,100672,0,26,-1,24,-1,10,MUTYH (NM_001048171) - OSBPL9 (NM_148909) rearrangement: c.1286:MUTYH_c.372+1300:OSBPL9inv,PRECISE,5to5,Protein Fusion: mid-exon  {MUTYH:OSBPL9},INVERSION,6384049,Note: The MUTYH - OSBPL9 rearrangement is an inversion that results in the fusion of MUTYH exons 1-14 with OSBPL9 exons 5-24. One of the breakpoints is within MUTYH exon 14. The functional significance is undetermined.,SOMATIC,4595.0
UC0wMDA1ODMyLVQwMy1JTTc6YnJlYXN0X21za18yMDI1,UC0wMDA1ODMyOmJyZWFzdF9tc2tfMjAyNQ,breast_msk_2025_structural_variants,P-0005832-T03-IM7,P-0005832,breast_msk_2025,MUTYH,NA,1,45797002,NA,NA,-1,Exon 14 of MUTYH(-),114883.0,OSBPL9,NA,1,52181051,NA,NA,-1,Intron of OSBPL9(+):1Kb after exon 4,NA,GRCh37,yes,unk,75468,63708,0,12,-1,8,-1,10,MUTYH (NM_001128425) - OSBPL9 (NM_148909) rearrangement: c.1328:MUTYH_c.318+1300:OSBPL9inv,PRECISE,5to5,Protein Fusion: mid-exon  {MUTYH:OSBPL9},INVERSION,6384049,Note: The MUTYH - OSBPL9 rearrangement is an inversion that results in a fusion of MUTYH exons 1 - 14 to OSBPL9 exons 5 - 24. One of the breakpoints is within MUTYH exon 14. Functional significance is undetermined.,SOMATIC,4595.0
UC0wMDAxNzYwLVQwMS1JTTM6YnJlYXN0X21za18yMDI1,UC0wMDAxNzYwOmJyZWFzdF9tc2tfMjAyNQ,breast_msk_2025_structural_variants,P-0001760-T01-IM3,P-0001760,breast_msk_2025,MYC,NA,8,128751033,NA,NA,-1,Exon 2 of MYC(+),,,NA,3,46098474,NA,NA,-1,IGR: 36Kb before XCR1(-),NA,GRCh37,NA,NA,0,0,0,26,-1,-1,-1,-1,MYC (NM_002467) Translocation:  t(8;3)(q24.21;p21.31)(chr8:g.128751033::chr3:g.46098474),PRECISE,5to5,MYC-intragenic,TRANSLOCATION,0,Note: the predicted consequences of the MYC translocation are unclear but  could place MYC under the control of the nearby XCR1 promoter.,SOMATIC,4609.0
UC0wMDA4MzczLVQwMS1JTTU6YnJlYXN0X21za18yMDI1,UC0wMDA4MzczOmJyZWFzdF9tc2tfMjAyNQ,breast_msk_2025_structural_variants,P-0008373-T01-IM5,P-0008373,breast_msk_2025,MYC,NA,8,128706398,NA,NA,-1,IGR: 42Kb before MYC(+),,,NA,8,128753296,NA,NA,-1,3-UTR of MYC(+): 92bp after coding stop,NA,GRCh37,yes,unk,14260,27232,0,8,-1,9,-1,9,MYC (NM_002467) rearrangement : chr8:g.128706398_c.*92:MYC:dup,PRECISE,5to3,MYC-intragenic,DUPLICATION,46898,Note: The MYC (NM_002467) rearrangement events results in the duplication of the MYC gene. This assay cannot rule out a more complex rearrangement event involving MYC. Additional testing is recommended if clinically indicative.,SOMATIC,4609.0
UC0wMDEyMTM0LVQwMS1JTTU6YnJlYXN0X21za18yMDI1,UC0wMDEyMTM0OmJyZWFzdF9tc2tfMjAyNQ,breast_msk_2025_structural_variants,P-0012134-T01-IM5,P-0012134,breast_msk_2025,MYC,NA,8,128753084,NA,NA,-1,Exon 3 of MYC(+),,,NA,8,132081862,NA,NA,-1,IGR: 29Kb after ADCY8(-),NA,GRCh37,NA,NA,6193,11413,0,48,-1,-1,-1,-1,MYC (NM_002467) rearrangement: c.1245_chr8:g.132081862del,PRECISE,3to5,MYC-intragenic,DELETION,3328778,Note: The MYC rearrangement is a deletion of MYC exon 3. One of the breakpoints is within exon 3. The functional significance is undetermined.,SOMATIC,4609.0
UC0wMDEyODU1LVQwMS1JTTU6YnJlYXN0X21za18yMDI1,UC0wMDEyODU1OmJyZWFzdF9tc2tfMjAyNQ,breast_msk_2025_structural_variants,P-0012855-T01-IM5,P-0012855,breast_msk_2025,MYC,NA,8,128752944,NA,NA,-1,Exon 3 of MYC(+),,,NA,8,128755173,NA,NA,-1,IGR: 7Kb before MYC(+),NA,GRCh37,yes,unk,3504,5270,0,18,-1,19,-1,29,MYC (NM_002467) rearrangement: c.1105_c.*1969del,PRECISE,3to5,MYC-intragenic,DELETION,2229,Note: The MYC (NM_002467) rearrangement is an intragenic deletion of part of exon 3 and the 3'UTR. One of the breakpoints is within exon 3.,SOMATIC,4609.0
UC0wMDA4Nzk1LVQwMS1JTTU6YnJlYXN0X21za18yMDI1,UC0wMDA4Nzk1OmJyZWFzdF9tc2tfMjAyNQ,breast_msk_2025_structural_variants,P-0008795-T01-IM5,P-0008795,breast_msk_2025,MYO16,NA,13,109420518,NA,NA,-1,Intron of MYO16(+): 17Kb before exon 5,8660.0,IRS2,NA,13,110419460,NA,NA,-1,Intron of IRS2(-): 11Kb before exon 2,NA,GRCh37,NA,NA,4975,124692,0,26,-1,-1,-1,-1,MYO16 (NM_015011) - IRS2 (NM_003749) rearrangement : c.442-17465:MYO16_c.4013-10805:IRS2inv,PRECISE,3to3,Protein fusion: out of frame (MYO16-IRS2),INVERSION,998942,Note: The MYO16 (NM_015011) - IRS2 (NM_003749) rearrangement event is an inversion which results in the fusion of MYO16 exons 1-4 with IRS exon2.,SOMATIC,23026.0
UC0wMDAzMzgxLVQwMS1JTTU6YnJlYXN0X21za18yMDI1,UC0wMDAzMzgxOmJyZWFzdF9tc2tfMjAyNQ,breast_msk_2025_structural_variants,P-0003381-T01-IM5,P-0003381,breast_msk_2025,MYOD1,NA,11,17742745,NA,NA,-1,Intron of MYOD1(+): 57bp before exon 3,3619.0,INCENP,NA,11,61911103,NA,NA,-1,Intron of INCENP(+): 1Kb before exon 11,NA,GRCh37,yes,unk,58860,59022,0,36,-1,36,-1,34,NA,PRECISE,5to3,Protein fusion: out of frame (INCENP-MYOD1),DUPLICATION,44168358,Note: The INCENP (NM_001040694) - MYOD1 (NM_002478)  rearrangement event is a duplication which results in the fusion of INCENP exons 1 to 11 and MYOD1 exon 3.,SOMATIC,4654.0
UC0wMDAzMzgxLVQwMS1JTTU6YnJlYXN0X21za18yMDI1,UC0wMDAzMzgxOmJyZWFzdF9tc2tfMjAyNQ,breast_msk_2025_structural_variants,P-0003381-T01-IM5,P-0003381,breast_msk_2025,MYOD1,NA,11,17741521,NA,NA,-1,Exon 1 of MYOD1(+),57689.0,LRRC4C,NA,11,38708506,NA,NA,-1,IGR: 1Mb before LRRC4C(-),NA,GRCh37,yes,unk,37870,36618,0,87,-1,88,-1,44,NA,PRECISE,3to3,LRRC4C-MYOD1 fusion,INVERSION,20966985,Note: The MYOD1 (NM_002478) rearrangement event results in the inversion of the gene. The breakpoint on MYOD1 is within exon1.,SOMATIC,4654.0
UC0wMDEyMTE2LVQwMS1JTTU6YnJlYXN0X21za18yMDI1,UC0wMDEyMTE2OmJyZWFzdF9tc2tfMjAyNQ,breast_msk_2025_structural_variants,P-0012116-T01-IM5,P-0012116,breast_msk_2025,NBN,NA,8,90965856,NA,NA,-1,Exon 11 of NBN(-),,,NA,4,49069963,NA,NA,-1,IGR: 6Kb after CWH43(+),NA,GRCh37,NA,NA,0,0,0,24,-1,-1,-1,-1,"NBN (NM_002485) Rearrangement : t(4,8)(p11,q21.3)(chr4:g.131062050::chr8:g.143130066)",IMPRECISE,5to3,NBN-intragenic,TRANSLOCATION,0,Note: The NBN Rearrangement results in the possible truncation of exons11-16. One of the breakpoints is within exon 11. Its functional significance is undetermined.,SOMATIC,4683.0
UC0wMDE0NTgzLVQwMS1JTTY6YnJlYXN0X21za18yMDI1,UC0wMDE0NTgzOmJyZWFzdF9tc2tfMjAyNQ,breast_msk_2025_structural_variants,P-0014583-T01-IM6,P-0014583,breast_msk_2025,NBN,NA,8,90989638,NA,NA,-1,Intron of NBN(-): 810bp after exon 5,,,NA,8,90995176,NA,NA,-1,Intron of NBN(-): 93bp before exon 2,NA,GRCh37,NA,NA,4080,9482,0,12,-1,-1,-1,-1,NBN (NM_002485) rearrangement: c.38-93_c.584+810dup,PRECISE,5to3,Duplication of 4 exons: out of frame,DUPLICATION,5538,Note: The NBN rearrangement is a duplication of exons 2-5. The functional significance is undetermined.,SOMATIC,4683.0
UC0wMDEwODA5LVQwMS1JTTU6YnJlYXN0X21za18yMDI1,UC0wMDEwODA5OmJyZWFzdF9tc2tfMjAyNQ,breast_msk_2025_structural_variants,P-0010809-T01-IM5,P-0010809,breast_msk_2025,NCOA3,NA,20,46266983,NA,NA,-1,Intron of NCOA3(+): 456bp after exon 13,,,NA,20,46268559,NA,NA,-1,Exon 15 of NCOA3(+),NA,GRCh37,yes,unk,9249,7447,0,32,-1,32,-1,40,NCOA3 (NM_181659) rearrangement: c.2512+456_ 2946del,PRECISE,3to5,Deletion within transcript: mid-exon,DELETION,1576,Note: The NCOA3 rearrangement event results in the intragenic deletion of NCOA3 exons 14-15.,SOMATIC,8202.0
UC0wMDU0MTEzLVQwMi1JTTY6YnJlYXN0X21za18yMDI1,UC0wMDU0MTEzOmJyZWFzdF9tc2tfMjAyNQ,breast_msk_2025_structural_variants,P-0054113-T02-IM6,P-0054113,breast_msk_2025,NCOA3,NA,20,46262925,NA,NA,-1,Exon 10 of NCOA3(+),,,NA,20,58412750,NA,NA,-1,Intron of PHACTR3(+):1Kb after exon 9,NA,GRCh37,NA,NA,86408,210064,0,35,-1,-1,-1,-1,NCOA3 (NM_181659) rearrangement: c.1098:NCOA3_chr20:g.58412750inv,PRECISE,3to3,Antisense Fusion,INVERSION,12149825,Note: The NCOA3 rearrangement is an inversion of exons 10 - 23. One of the breakpoints is within exon 10. Functional significance is undetermined.,SOMATIC,8202.0
UC0wMDU4NzYzLVQwMS1JTTc6YnJlYXN0X21za18yMDI1,UC0wMDU4NzYzOmJyZWFzdF9tc2tfMjAyNQ,breast_msk_2025_structural_variants,P-0058763-T01-IM7,P-0058763,breast_msk_2025,NCOA3,NA,20,44867856,NA,NA,-1,Intron of CDH22(-):2Kb after exon 3,64405.0,CDH22,NA,20,46265624,NA,NA,-1,Intron of NCOA3(+):118bp after exon 12,NA,GRCh37,yes,unk,19937,20372,0,10,-1,10,-1,10,NCOA3 (NM_181659) - CDH22 (NM_021248) rearrangement: c.2376+118:NCOA3_c.550+1746:CDH22inv,PRECISE,3to3,Protein Fusion: out of frame  {NCOA3:CDH22},INVERSION,1397768,Note: The NCOA3 - CDH22 rearrangement is an inversion that results in a fusion of NCOA3 exons 1 - 12 to CDH22 exons 4 - 11. Functional significance is undetermined.,SOMATIC,8202.0
UC0wMDMxNjIxLVQwMS1JTTY6YnJlYXN0X21za18yMDI1,UC0wMDMxNjIxOmJyZWFzdF9tc2tfMjAyNQ,breast_msk_2025_structural_variants,P-0031621-T01-IM6,P-0031621,breast_msk_2025,NCOA3,NA,20,46254078,NA,NA,-1,Intron of NCOA3(+):46bp before exon 5,103752554.0,MYCNUT,NA,2,16067094,NA,NA,-1,5-UTR of MYCNUT(+):9Kb before coding start,NA,GRCh37,yes,unk,0,0,0,11,-1,10,-1,0,NCOA3 (NM_181659) rearrangement: t(2;20)(p24.3;q13.12)(chr2:g.16067094::chr20:g.46254078),IMPPRECISE,5to3,Transcript Fusion {MYCNUT:NCOA3},TRANSLOCATION,0,Note: The NCOA3 rearrangement is a translocation with a breakpoint in intron 4. The functional significance is undetermined.,SOMATIC,8202.0
UC0wMDA4ODQ2LVQwMi1JTTY6YnJlYXN0X21za18yMDI1,UC0wMDA4ODQ2OmJyZWFzdF9tc2tfMjAyNQ,breast_msk_2025_structural_variants,P-0008846-T02-IM6,P-0008846,breast_msk_2025,NCOR1,NA,17,13505708,NA,NA,-1,Promoter of HS3ST3A1(-):107Kb from tx start,,,NA,17,15938421,NA,NA,-1,Intron of NCOR1(-):163bp before exon 45,NA,GRCh37,yes,unk,5392,7283,0,5,-1,5,-1,10,NCOR1 (NM_006311) rearrangement : chr17:g.13505708_c.6956-163:NCORdel,PRECISE,3to3,NCOR1-intragenic,INVERSION,2432713,Note: The NCOR1 rearrangement results in the inversion of exons 45-46 of NCOR1.Functional significance is undetermined.,SOMATIC,9611.0
UC0wMDE1MDU5LVQwMS1JTTY6YnJlYXN0X21za18yMDI1,UC0wMDE1MDU5OmJyZWFzdF9tc2tfMjAyNQ,breast_msk_2025_structural_variants,P-0015059-T01-IM6,P-0015059,breast_msk_2025,NCOR1,NA,17,15976930,NA,NA,-1,Intron of NCOR1(-): 47bp before exon 28,,,NA,14,21071817,NA,NA,-1,IGR: 14Kb before RNASE12(-),NA,GRCh37,NA,NA,0,0,0,14,-1,-1,-1,-1,NCOR1 (NM_006311) rearrangement: t(14;17)(q11.2;p12)(chr14:g.21071817::chr17:g.15976930),PRECISE,3to5,NCOR1-intragenic,TRANSLOCATION,0,Note: The NCOR1 rearrangement is a translocation with a breakpoint within intron 27 of NCOR1. The functional significance is undetermined.,SOMATIC,9611.0
UC0wMDUwNTI4LVQwMS1JTTY6YnJlYXN0X21za18yMDI1,UC0wMDUwNTI4OmJyZWFzdF9tc2tfMjAyNQ,breast_msk_2025_structural_variants,P-0050528-T01-IM6,P-0050528,breast_msk_2025,NCOR1,NA,17,15976835,NA,NA,-1,Exon 28 of NCOR1(-),,,NA,17,37269714,NA,NA,-1,Intron of PLXDC1(-):4Kb before exon 3,NA,GRCh37,yes,unk,189649,269157,0,49,-1,50,-1,10,NCOR1 (NM_006311) rearrangement: c.3719:NCOR1_chr17:g.37269714inv,PRECISE,3to3,NCOR1-intragenic,INVERSION,21292879,Note: The NCOR1 rearrangement is an inversion of exons 1 - 28. One of the breakpoints is within exon 28. Functional significance is undetermined.,SOMATIC,9611.0
UC0wMDE2OTQ2LVQwMS1JTTY6YnJlYXN0X21za18yMDI1,UC0wMDE2OTQ2OmJyZWFzdF9tc2tfMjAyNQ,breast_msk_2025_structural_variants,P-0016946-T01-IM6,P-0016946,breast_msk_2025,NCOR1,NA,17,15887497,NA,NA,-1,Intron of ZSWIM7(-):3Kb before exon 4,,,NA,17,15964993,NA,NA,-1,Exon 37 of NCOR1(-),NA,GRCh37,NA,NA,14252,4145,0,13,-1,-1,-1,-1,NCOR1 (NM_006311) rearrangement : g.15887497_c.5603:NCOR1inv,PRECISE,5to5,Antisense Fusion,INVERSION,77496,Note: The NCOR1 rearrangement results in an inversion of exons 37-46. One of the breakpoints is within exon 37. The functional significance is undetermined.,SOMATIC,9611.0
UC0wMDE3MjE3LVQwMS1JTTY6YnJlYXN0X21za18yMDI1,UC0wMDE3MjE3OmJyZWFzdF9tc2tfMjAyNQ,breast_msk_2025_structural_variants,P-0017217-T01-IM6,P-0017217,breast_msk_2025,NCOR1,NA,17,15983506,NA,NA,-1,Intron of NCOR1(-):128bp before exon 26,,,NA,17,15985685,NA,NA,-1,Intron of NCOR1(-):2Kb before exon 24,NA,GRCh37,yes,unk,1740,772,0,6,-1,6,-1,10,NCOR1 (NM_006311) rearrangement: c.3178-1644_c.3401-128del,PRECISE,3to5,Deletion of 2 exons : out of frame,DELETION,2179,Note: The NCOR1 rearrangement is an intragenic deletion of NCOR1 exons 24-25.,SOMATIC,9611.0
UC0wMDM3MDQ0LVQwMS1JTTY6YnJlYXN0X21za18yMDI1,UC0wMDM3MDQ0OmJyZWFzdF9tc2tfMjAyNQ,breast_msk_2025_structural_variants,P-0037044-T01-IM6,P-0037044,breast_msk_2025,NCOR1,NA,17,15978905,NA,NA,-1,Exon 27 of NCOR1(-),,,NA,17,26701849,NA,NA,-1,Intron of SARM1(+):2Kb after exon 2,NA,GRCh37,NA,NA,73516,93392,0,51,-1,-1,-1,-1,NCOR1 (NM_006311) rearrangement: c.3613:NCOR1_chr17:g.26701849del,PRECISE,3to5,NCOR1-intragenic,DELETION,10722944,Note: The NCOR1 rearrangement results in the deletion of exons 1-27. One of the breakpoints is within exon 27. The functional significance is undetermined.,SOMATIC,9611.0
UC0wMDE0NTgzLVQwMS1JTTY6YnJlYXN0X21za18yMDI1,UC0wMDE0NTgzOmJyZWFzdF9tc2tfMjAyNQ,breast_msk_2025_structural_variants,P-0014583-T01-IM6,P-0014583,breast_msk_2025,NCOR1,NA,17,16040631,NA,NA,-1,Exon 14 of NCOR1(-),,,NA,17,16061446,NA,NA,-1,Intron of NCOR1(-): 628bp after exon 6,NA,GRCh37,NA,NA,7896,11721,0,30,-1,-1,-1,-1,NCOR1 (NM_006311) rearrangement: c.732+628_c.1503dup,PRECISE,5to3,Duplication within transcript: mid-exon,DUPLICATION,20815,Note: The NCOR1 rearrangement is a duplication of exons 7-14. One of the breakpoints is within exon 14. The functional significance is undetermined.,SOMATIC,9611.0
UC0wMDM3MDQ0LVQwNS1JTTc6YnJlYXN0X21za18yMDI1,UC0wMDM3MDQ0OmJyZWFzdF9tc2tfMjAyNQ,breast_msk_2025_structural_variants,P-0037044-T05-IM7,P-0037044,breast_msk_2025,NCOR1,NA,17,15978905,NA,NA,-1,Exon 27 of NCOR1(-),,,NA,17,26701849,NA,NA,-1,Intron of SARM1(+):2Kb after exon 2,NA,GRCh37,NA,NA,112686,130122,1,30,-1,-1,-1,-1,NCOR1 (NM_006311) rearrangement: c.3613:NCOR1_chr17:g.26701849del,PRECISE,3to5,NCOR1-intragenic,DELETION,10722944,Note: The NCOR1 rearrangement is a deletion of exons 1 - 27. One of the breakpoints is within exon 27.,SOMATIC,9611.0
UC0wMDEzMTA1LVQwMS1JTTU6YnJlYXN0X21za18yMDI1,UC0wMDEzMTA1OmJyZWFzdF9tc2tfMjAyNQ,breast_msk_2025_structural_variants,P-0013105-T01-IM5,P-0013105,breast_msk_2025,NCOR1,NA,17,15968849,NA,NA,-1,Exon 33 of NCOR1(-),57646.0,USP28,NA,11,113706887,NA,NA,-1,Intron of USP28(-): 2Kb before exon 6,NA,GRCh37,yes,unk,0,0,0,98,-1,102,-1,0,NCOR1 (NM_006311) - USP8 (NM_020886) rearrangement: t(11;17)(q23.2;p12)(chr11:g.113706887::chr17:g.15968849),IMPRECISE,5to3,Protein fusion: mid-exon (NCOR1-USP28),TRANSLOCATION,0,Note: The NCOR1 - USP28 rearrangement is a translocation that results in a fusion of NCOR1 exons 1-33 with USP28 exons 6-20. One of the breakpoints is within NCOR1 exon 33. The functional significance is undetermined.,SOMATIC,9611.0
UC0wMDIzNjY4LVQwMS1JTTY6YnJlYXN0X21za18yMDI1,UC0wMDIzNjY4OmJyZWFzdF9tc2tfMjAyNQ,breast_msk_2025_structural_variants,P-0023668-T01-IM6,P-0023668,breast_msk_2025,NEK8,NA,17,27056368,NA,NA,-1,Intron of NEK8(+):490bp after exon 1,8085.0,KMT2D,NA,12,49415892,NA,NA,-1,Exon 53 of KMT2D(-),NA,GRCh37,yes,unk,0,0,0,20,-1,20,-1,10,KMT2D (NM_003482) - NEK8 (NM_178170) rearrangement: t(12;17)(q13.12;q11.2)(chr12:g.49415892::chr17:g.27056368),PRECISE,3to5,Antisense Fusion,TRANSLOCATION,0,Note: The NEK8 - KMT2D rearrangement involves NEK8 exon 2 and KMT2D exon 53. This is not predicted to produce a gene fusion. Its functional significance is undetermined.,SOMATIC,284086.0
UC0wMDAyOTE1LVQwMS1JTTM6YnJlYXN0X21za18yMDI1,UC0wMDAyOTE1OmJyZWFzdF9tc2tfMjAyNQ,breast_msk_2025_structural_variants,P-0002915-T01-IM3,P-0002915,breast_msk_2025,NF1,NA,17,29574493,NA,NA,-1,Intron of NF1(+): 2Kb before exon 30,,,NA,17,29592397,NA,NA,-1,Intron of NF1(+): 40bp after exon 35,NA,GRCh37,yes,unk,10798,13219,0,29,-1,21,-1,34,NA,PRECISE,5to3,Duplication of 6 exons: in frame,DUPLICATION,17904,Note: The NF1 (NM_001042492) duplication is a rearrangement event which results in the duplication of exons 30 to 35.,SOMATIC,4763.0
UC0wMDA1ODMyLVQwMy1JTTc6YnJlYXN0X21za18yMDI1,UC0wMDA1ODMyOmJyZWFzdF9tc2tfMjAyNQ,breast_msk_2025_structural_variants,P-0005832-T03-IM7,P-0005832,breast_msk_2025,NF1,NA,17,29542573,NA,NA,-1,Intron of NF1(+):970bp after exon 13,,,NA,17,57371683,NA,NA,-1,IGR: 37Kb before YPEL2(+),NA,GRCh37,yes,unk,565770,798850,0,3,-1,3,-1,6,NF1 (NM_001042492) rearrangement: c.1527+970:NF1_chr17:g.57371683inv,PRECISE,5to5,NF1-intragenic,INVERSION,27829110,Note: The NF1 rearrangement is an inversion of exons 14 - 58. Functional significance is undetermined.,SOMATIC,4763.0
UC0wMDAxMjI2LVQwMS1JTTM6YnJlYXN0X21za18yMDI1,UC0wMDAxMjI2OmJyZWFzdF9tc2tfMjAyNQ,breast_msk_2025_structural_variants,P-0001226-T01-IM3,P-0001226,breast_msk_2025,NF1,NA,17,29586265,NA,NA,-1,Intron of NF1(+): 118bp after exon 32,,,NA,17,58638802,NA,NA,-1,IGR: 39Kb before PPM1D(+),NA,GRCh37,NA,NA,475554,655641,0,9,-1,-1,-1,-1,NF1 (NM_001042492) Deletion (29052537bp): c.4430+118_g.17:58638802del,PRECISE,3to5,NF1-intragenic,DELETION,29052537,"Note: Deletion variant in NF1 is predicted to remove exons following exon  32, generating a truncating mutation.",SOMATIC,4763.0
UC0wMDA0OTM4LVQwMS1JTTU6YnJlYXN0X21za18yMDI1,UC0wMDA0OTM4OmJyZWFzdF9tc2tfMjAyNQ,breast_msk_2025_structural_variants,P-0004938-T01-IM5,P-0004938,breast_msk_2025,NF1,NA,17,29449167,NA,NA,-1,Intron of NF1(+): 27Kb after exon 1,,,NA,17,29483104,NA,NA,-1,Exon 2 of NF1(+),NA,GRCh37,yes,unk,1024,940,0,8,-1,8,-1,18,NF1 (NM_001042492) rearrangement : c.60+26780_164del,PRECISE,3to5,Deletion within transcript: mid-exon,DELETION,33937,Note: The NF1 (NM_001042492) rearrangement event results in the intragenic deletion of NF1 exon2. One of the breakpoints is within NF1 exon2.,SOMATIC,4763.0
UC0wMDM4ODYwLVQwMS1JTTY6YnJlYXN0X21za18yMDI1,UC0wMDM4ODYwOmJyZWFzdF9tc2tfMjAyNQ,breast_msk_2025_structural_variants,P-0038860-T01-IM6,P-0038860,breast_msk_2025,NF1,NA,17,29482140,NA,NA,-1,Intron of NF1(+):860bp before exon 2,,,NA,17,29483123,NA,NA,-1,Exon 2 of NF1(+),NA,GRCh37,yes,unk,731,317,0,18,-1,18,-1,0,NF1 (NM_001042492) Rearrangement : c.61-861_c.183del,IMPPRECISE,3to5,Deletion within transcript : mid-exon,DELETION,983,Note: The NF1 Rearrangement results in the intragenic deletion of exon2 of NF1. One of the breakpoints is within exon2. Its functional significance is undetermined.,SOMATIC,4763.0
UC0wMDIwODY4LVQwMS1JTTY6YnJlYXN0X21za18yMDI1,UC0wMDIwODY4OmJyZWFzdF9tc2tfMjAyNQ,breast_msk_2025_structural_variants,P-0020868-T01-IM6,P-0020868,breast_msk_2025,NF1,NA,17,29557177,NA,NA,-1,Intron of NF1(+):100bp before exon 23,,,NA,17,29559733,NA,NA,-1,Exon 26 of NF1(+),NA,GRCh37,yes,unk,3718,5608,0,24,-1,24,-1,10,NF1 (NM_001042492) rearrangement: c.2991-101_c.3330del,PRECISE,3to5,Deletion within transcript : mid-exon,DELETION,2556,Note: The NF1 rearrangement results in the deletion of exons 23-26. One of the breakpoints is within exon 26. The functional significance is undetermined.,SOMATIC,4763.0
UC0wMDI5MjkxLVQwMS1JTTY6YnJlYXN0X21za18yMDI1,UC0wMDI5MjkxOmJyZWFzdF9tc2tfMjAyNQ,breast_msk_2025_structural_variants,P-0029291-T01-IM6,P-0029291,breast_msk_2025,NF1,NA,17,29662343,NA,NA,-1,Intron of NF1(+):294bp after exon 40,,,NA,17,29701234,NA,NA,-1,3-UTR of NF1(+):279Kb after coding stop,NA,GRCh37,NA,NA,20207,22287,0,18,-1,-1,-1,-1,NF1 (NM_001042492) Rearrangement: c.6006+294_c.*61dup,PRECISE,5to3,NF1-intragenic,DUPLICATION,38891,Note: The NF1 rearrangement is an intragenic duplicaiton of NF1 exons 41 to 58. The functional significance is undetermined.,SOMATIC,4763.0
UC0wMDI0MjE1LVQwMS1JTTY6YnJlYXN0X21za18yMDI1,UC0wMDI0MjE1OmJyZWFzdF9tc2tfMjAyNQ,breast_msk_2025_structural_variants,P-0024215-T01-IM6,P-0024215,breast_msk_2025,NF1,NA,17,29664517,NA,NA,-1,Exon 43 of NF1(+),,,NA,17,29673874,NA,NA,-1,Intron of NF1(+):2Kb before exon 49,NA,GRCh37,yes,unk,6594,14733,0,17,-1,2,-1,10,NF1 (NM_001042492) rearrangement: c.6559_c.7190-2264dup,PRECISE,5to3,Duplication within transcript : mid-exon,DUPLICATION,9357,Note: The NF1 rearrangement results in the duplication of exons 43-48. One of the breakpoints is within exon 43. The functional significance is undetermined.,SOMATIC,4763.0
UC0wMDI0NTE4LVQwMS1JTTY6YnJlYXN0X21za18yMDI1,UC0wMDI0NTE4OmJyZWFzdF9tc2tfMjAyNQ,breast_msk_2025_structural_variants,P-0024518-T01-IM6,P-0024518,breast_msk_2025,NF1,NA,17,29665106,NA,NA,-1,Exon 45 of NF1(+),,,NA,5,46356017,NA,NA,-1,IGR: 1Mb before HCN1(-),NA,GRCh37,NA,NA,0,0,0,6,-1,-1,-1,-1,NF1 (NM_001042492) rearrangement: t(5;17)(p11;q11.2)(chr5:g.46356017::chr17:g.29665106),PRECISE,5to3,NF1-intragenic,TRANSLOCATION,0,Note: The NF1 rearrangement is a translocation with a breakpoint in exon 45. The functional significance is undetermined.,SOMATIC,4763.0
UC0wMDU1NjU3LVQwMS1JTTY6YnJlYXN0X21za18yMDI1,UC0wMDU1NjU3OmJyZWFzdF9tc2tfMjAyNQ,breast_msk_2025_structural_variants,P-0055657-T01-IM6,P-0055657,breast_msk_2025,NF1,NA,17,29665005,NA,NA,-1,Intron of NF1(+):37bp before exon 45,,,NA,17,29697535,NA,NA,-1,Intron of NF1(+):3Kb before exon 58,NA,GRCh37,yes,unk,13750,14819,0,44,-1,43,-1,10,NF1 (NM_001042492) rearrangement: c.6705-38_c.8378-3496dup,PRECISE,5to3,Duplication of 13 exons : out of frame,DUPLICATION,32530,Note: The NF1 rearrangement is an intragenic duplication of exons 45 - 57. Functional significance is undetermined.,SOMATIC,4763.0
UC0wMDI1Mzk2LVQwMi1JTTY6YnJlYXN0X21za18yMDI1,UC0wMDI1Mzk2OmJyZWFzdF9tc2tfMjAyNQ,breast_msk_2025_structural_variants,P-0025396-T02-IM6,P-0025396,breast_msk_2025,NF1,NA,17,29559104,NA,NA,-1,Exon 25 of NF1(+),,,NA,3,69238320,NA,NA,-1,Intron of FRMD4B(-):726bp after exon 18,NA,GRCh37,yes,unk,0,0,0,37,-1,18,-1,10,NF1 (NM_001042492) rearrangement: t(3;17)(p14.1;q11.2)(chr3:g.69238320::chr17:g.29559104),PRECISE,5to5,Protein Fusion: mid-exon  {FRMD4B:NF1},TRANSLOCATION,0,"Note: The FRMD4B - NF1 rearrangement is a translocation that results in a fusion of FRMD4B exons 1-18 to NG1 exons 25-58. One of the breakpoints is within NF1 exon 25. In addition, the presence of multiple NF1 structural variants may reflect a more comple",SOMATIC,4763.0
UC0wMDUwNzU4LVQwMS1JTTY6YnJlYXN0X21za18yMDI1,UC0wMDUwNzU4OmJyZWFzdF9tc2tfMjAyNQ,breast_msk_2025_structural_variants,P-0050758-T01-IM6,P-0050758,breast_msk_2025,NF1,NA,17,29686171,NA,NA,-1,Intron of NF1(+):138bp after exon 56,,,NA,17,71803627,NA,NA,-1,3-UTR of LINC00469(-):21Kb after coding stop,NA,GRCh37,yes,unk,425708,571919,0,6,-1,5,-1,7,NF1 (NM_001042492) rearrangement: c.8160+138:NF1_chr17:g.71803627inv,PRECISE,3to3,NF1-intragenic,INVERSION,42117456,Note: The NF1 rearrangement is an inversion of exons 57 - 58. Functional significance is undetermined.,SOMATIC,4763.0
UC0wMDIwODY4LVQwMi1JTTY6YnJlYXN0X21za18yMDI1,UC0wMDIwODY4OmJyZWFzdF9tc2tfMjAyNQ,breast_msk_2025_structural_variants,P-0020868-T02-IM6,P-0020868,breast_msk_2025,NF1,NA,17,29557177,NA,NA,-1,Intron of NF1(+):100bp before exon 23,,,NA,17,29559733,NA,NA,-1,Exon 26 of NF1(+),NA,GRCh37,NA,NA,3789,2575,0,59,-1,-1,-1,-1,NF1 (NM_001042492) rearrangement: c.2991-101_c.3330del,PRECISE,3to5,Deletion within transcript : mid-exon,DELETION,2556,Note: The NF1 rearrangement is an intragenic deletion of exons 23-26. One of the breakpoints is within exons 26. Its functional significance is undetermined.,SOMATIC,4763.0
UC0wMDE1NTcyLVQwMS1JTTY6YnJlYXN0X21za18yMDI1,UC0wMDE1NTcyOmJyZWFzdF9tc2tfMjAyNQ,breast_msk_2025_structural_variants,P-0015572-T01-IM6,P-0015572,breast_msk_2025,NF1,NA,17,29541475,NA,NA,-1,Exon 13 of NF1(+),,,NA,17,29665852,NA,NA,-1,Intron of NF1(+): 29bp after exon 45,NA,GRCh37,yes,unk,40932,45914,0,14,-1,25,-1,47,NF1 (NM_001042492) rearrangement: c.1399_c.6921+29dup,PRECISE,5to3,Duplication within transcript: mid-exon,DUPLICATION,124377,Note: The NF1 rearrangement is an intragenic duplication of exons 13-45. One of the breakpoints is within exon 13.,SOMATIC,4763.0
UC0wMDYwODYwLVQwMS1JTTc6YnJlYXN0X21za18yMDI1,UC0wMDYwODYwOmJyZWFzdF9tc2tfMjAyNQ,breast_msk_2025_structural_variants,P-0060860-T01-IM7,P-0060860,breast_msk_2025,NF1,NA,17,29487656,NA,NA,-1,Intron of NF1(+):2Kb after exon 3,,,NA,17,34850557,NA,NA,-1,Intron of ZNHIT3(+):707bp after exon 4,NA,GRCh37,yes,unk,140110,162156,0,11,-1,11,-1,10,NF1 (NM_001042492) rearrangement: c.288+1545:NF1_chr17:g.34850557inv,PRECISE,3to3,Antisense Fusion,INVERSION,5362901,Note: The NF1 rearrangement is an inversion of exons 4 - 58. Functional significance is undetermined.,SOMATIC,4763.0
UC0wMDIwMjIzLVQwMS1JTTY6YnJlYXN0X21za18yMDI1,UC0wMDIwMjIzOmJyZWFzdF9tc2tfMjAyNQ,breast_msk_2025_structural_variants,P-0020223-T01-IM6,P-0020223,breast_msk_2025,NF1,NA,17,29556578,NA,NA,-1,Intron of NF1(+):95bp after exon 21,54828.0,BCAS3,NA,17,59403901,NA,NA,-1,Intron of BCAS3(+):42Kb before exon 24,NA,GRCh37,yes,unk,650291,789631,0,17,-1,17,-1,10,NF1 (NM_001042492) - BCAS3 (NM_001099432) rearrangement: c.2850+95:NF1_c.2471-41787:BCAS3del,PRECISE,3to5,Protein Fusion: out of frame  {NF1:BCAS3},DELETION,29847323,Note: The NF1 - BCAS3 rearrangement is a deletion which results in the fusion of NF1 exons 1-21 with BCAS3 exons 24 - 25. The functional significance is undetermined.,SOMATIC,4763.0
UC0wMDIwMjIzLVQwMi1JTTY6YnJlYXN0X21za18yMDI1,UC0wMDIwMjIzOmJyZWFzdF9tc2tfMjAyNQ,breast_msk_2025_structural_variants,P-0020223-T02-IM6,P-0020223,breast_msk_2025,NF1,NA,17,29556578,NA,NA,-1,Intron of NF1(+):95bp after exon 21,54828.0,BCAS3,NA,17,59403901,NA,NA,-1,Intron of BCAS3(+):42Kb before exon 24,NA,GRCh37,yes,unk,403703,501160,0,8,-1,7,-1,10,NF1 (NM_001042492) - BCAS3 (NM_001099432) rearrangement: c.2850+95:NF1_c.2471-41787:BCAS3del,PRECISE,3to5,Protein Fusion: out of frame  {NF1:BCAS3},DELETION,29847323,Note: The NF1 - BCAS3 rearrangement is a deletion which results in the fusion of NF1 exons 1-21 with BCAS3 exons 24 - 25. The functional significance is undetermined.,SOMATIC,4763.0
UC0wMDA4MDAzLVQwMS1JTTU6YnJlYXN0X21za18yMDI1,UC0wMDA4MDAzOmJyZWFzdF9tc2tfMjAyNQ,breast_msk_2025_structural_variants,P-0008003-T01-IM5,P-0008003,breast_msk_2025,NF1,NA,17,29559958,NA,NA,-1,Intron of NF1(+): 59bp after exon 26,7077.0,TIMP2,NA,17,76914444,NA,NA,-1,Intron of TIMP2(-): 7Kb after exon 1,NA,GRCh37,yes,unk,830525,910627,1,18,-1,19,-1,21,NF1  (NM_001042492) - TIMP2  (NM_003255) rearrangement :  c.3496+59:NF1_c.130+6597:TIMP2inv,PRECISE,5to5,Protein fusion: in frame (TIMP2-NF1),INVERSION,47354486,Note: The TIMP2  (NM_003255) - NF1  (NM_001042492) rearrangement is a reciprocal inversion that results in the fusion of exon 1 of TIMP2 with exons 27-58 of NF1. The functional significance is undetermined.,SOMATIC,4763.0
UC0wMDAxOTAyLVQwMS1JTTM6YnJlYXN0X21za18yMDI1,UC0wMDAxOTAyOmJyZWFzdF9tc2tfMjAyNQ,breast_msk_2025_structural_variants,P-0001902-T01-IM3,P-0001902,breast_msk_2025,NFASC,NA,1,204963217,NA,NA,-1,Intron of NFASC(+): 3Kb after exon 25,9641.0,IKBKE,NA,1,206652479,NA,NA,-1,Intron of IKBKE(+): 3bp after exon 10,NA,GRCh37,yes,unk,12465,11381,0,9,-1,8,-1,25,IKBKE (NM_014002) - NFASC (NM_001005388) Duplication   : c.1183+3_c.2782+2783dup,PRECISE,5to3,Protein fusion: in frame (IKBKE-NFASC),DUPLICATION,1689262,The IKBKE - NFASC duplication is a structural variant in which exons 1-9  of IKBKE is fused to exons 25-30 of NFASC. The functional significance of  this structural variant is undetermined at this time,SOMATIC,23114.0
UC0wMDIzMzIxLVQwMS1JTTY6YnJlYXN0X21za18yMDI1,UC0wMDIzMzIxOmJyZWFzdF9tc2tfMjAyNQ,breast_msk_2025_structural_variants,P-0023321-T01-IM6,P-0023321,breast_msk_2025,NFE2L2,NA,2,178096647,NA,NA,-1,Exon 5 of NFE2L2(-),,,NA,2,178129731,NA,NA,-1,5-UTR of NFE2L2(-):34Kb before coding start,NA,GRCh37,yes,unk,9365,13014,0,15,-1,14,-1,10,NFE2L2 (NM_006164) rearrangement: c.684_c.-427del,PRECISE,3to5,Deletion within transcript : mid-exon,DELETION,33084,Note: The NFE2L2 rearrangement results in the deletion of exons 1-5. One of the breakpoints is within exon 5. The functional significance is undetermined.,SOMATIC,4780.0
UC0wMDAwNjI0LVQwMi1JTTU6YnJlYXN0X21za18yMDI1,UC0wMDAwNjI0OmJyZWFzdF9tc2tfMjAyNQ,breast_msk_2025_structural_variants,P-0000624-T02-IM5,P-0000624,breast_msk_2025,NFKBIA,NA,14,26301883,NA,NA,-1,IGR: 613Kb before NOVA1(-),,,NA,14,35870987,NA,NA,-1,3-UTR of NFKBIA(-): 232bp after coding stop,NA,GRCh37,NA,NA,7495,16639,0,15,-1,-1,-1,-1,NFKBIA (NM_020529) Rearrangement: chr14:g.26301883_c.*232:NFKBIAinv,PRECISE,5to5,NFKBIA-intragenic,INVERSION,9569104,NFKBIA (NM_020529) rearrangement results in the inversion of genomic region including 3-UTR of NFKBIA. Its functional significance is undetermined.,SOMATIC,4792.0
UC0wMDE1Mjk0LVQwMS1JTTY6YnJlYXN0X21za18yMDI1,UC0wMDE1Mjk0OmJyZWFzdF9tc2tfMjAyNQ,breast_msk_2025_structural_variants,P-0015294-T01-IM6,P-0015294,breast_msk_2025,NFKBIA,NA,14,35872104,NA,NA,-1,Intron of NFKBIA(-): 39bp before exon 4,,,NA,14,35888329,NA,NA,-1,IGR: 18Kb before NFKBIA(-),NA,GRCh37,yes,unk,5804,3660,0,14,-1,16,-1,3,NFKBIA (NM_020529) rearrangement: c.548-39_chr14:g.35888329del,PRECISE,3to5,NFKBIA-intragenic,DELETION,16225,Note: The NFKBIA rearrangement is a deletion which includes exons 1-3. The functional significance is undetermined.,SOMATIC,4792.0
UC0wMDE2OTkxLVQwMi1JTTY6YnJlYXN0X21za18yMDI1,UC0wMDE2OTkxOmJyZWFzdF9tc2tfMjAyNQ,breast_msk_2025_structural_variants,P-0016991-T02-IM6,P-0016991,breast_msk_2025,NFKBIA,NA,14,35871767,NA,NA,-1,Exon 5 of NFKBIA(-),,,NA,14,35874901,NA,NA,-1,Promoter of NFKBIA(-):4Kb from tx start,NA,GRCh37,yes,unk,7190,3521,0,13,-1,13,-1,10,NFKBIA (NM_020529) rearrangement: c.739_c.-1051del,PRECISE,3to5,Deletion within transcript : mid-exon,DELETION,3134,Note: The NFKBIA rearrangement results in the deletion of exons 1 to 5. One of the breakpoints is within exon 5. Its functional significance is undetermined,SOMATIC,4792.0
UC0wMDIxNjc5LVQwMS1JTTY6YnJlYXN0X21za18yMDI1,UC0wMDIxNjc5OmJyZWFzdF9tc2tfMjAyNQ,breast_msk_2025_structural_variants,P-0021679-T01-IM6,P-0021679,breast_msk_2025,NFKBIA,NA,14,35872922,NA,NA,-1,Exon 2 of NFKBIA(-),,,NA,14,41759428,NA,NA,-1,IGR: 317Kb before LRFN5(+),NA,GRCh37,NA,NA,49424,258598,0,37,-1,-1,-1,-1,NFKBIA (NM_020529) rearrangement: c.310_chr14:g.:41759428inv,PRECISE,3to3,NFKBIA-intragenic,INVERSION,5886506,Note: The NFKBIA rearrangement is an inversion which includes NFKBIA exons 1-2. One of the breakpoints is within NFKBIA exon 2. The functional significance is undetermined.,SOMATIC,4792.0
UC0wMDIxOTc1LVQwMS1JTTY6YnJlYXN0X21za18yMDI1,UC0wMDIxOTc1OmJyZWFzdF9tc2tfMjAyNQ,breast_msk_2025_structural_variants,P-0021975-T01-IM6,P-0021975,breast_msk_2025,NID2,NA,14,52482743,NA,NA,-1,Intron of NID2(-):750bp before exon 15,2263.0,FGFR2,NA,10,123240637,NA,NA,-1,Intron of FGFR2(-):1Kb before exon 18,NA,GRCh37,yes,unk,0,0,0,123,-1,103,-1,10,NID2 (NM_007361) - FGFR2 (NM_000141) rearrangement: t(10;14)(q26.13;q22.1)(chr10:g.123240637::chr14:g.52482743),PRECISE,5to3,Protein Fusion: out of frame  {NID2:FGFR2},TRANSLOCATION,0,Note: The NID2 - FGFR2 rearrangement is a translocation which results in the fusion of NID2 exon 14 to FGFR2 exon 18. Multiple FGFR2 rearrangements were detected and this sample has been nominated for further analysis using the Archer targeted RNAseq assa,SOMATIC,22795.0
UC0wMDUxMzU2LVQwMS1JTTY6YnJlYXN0X21za18yMDI1,UC0wMDUxMzU2OmJyZWFzdF9tc2tfMjAyNQ,breast_msk_2025_structural_variants,P-0051356-T01-IM6,P-0051356,breast_msk_2025,NKAIN3,NA,12,46245466,NA,NA,-1,Exon 15 of ARID2(+),196528.0,ARID2,NA,8,63337990,NA,NA,-1,Intron of NKAIN3(+):154Kb before exon 2,NA,GRCh37,NA,NA,0,0,0,102,-1,-1,-1,-1,NKAIN3 (NM_173688) - ARID2 (NM_152641) rearrangement: t(8;12)(q12.3;q12)(chr8:g.63337990::chr12:g.46245466),PRECISE,5to3,Protein Fusion: mid-exon  {NKAIN3:ARID2},TRANSLOCATION,0,Note: The NKAIN3 - ARID2 rearrangement is a translocation that results in a fusion of NKAIN3 exon 1 to ARID2 exons 15 - 21. One of the breakpoints is within ARID2 exon 15. Functional significance is undetermined. Multiple rearrangements involving ARID2 we,SOMATIC,286183.0
UC0wMDE0NDU1LVQwMS1JTTY6YnJlYXN0X21za18yMDI1,UC0wMDE0NDU1OmJyZWFzdF9tc2tfMjAyNQ,breast_msk_2025_structural_variants,P-0014455-T01-IM6,P-0014455,breast_msk_2025,NLRC3,NA,16,3604897,NA,NA,-1,Intron of NLRC3(-): 571bp before exon 9,1387.0,CREBBP,NA,16,3820505,NA,NA,-1,Intron of CREBBP(-): 66bp after exon 14,NA,GRCh37,yes,unk,160138,76819,0,32,-1,33,-1,29,CREBBP (NM_004380) - NLRC3(NM_178844) Rearrangement : c.2880+66:CREBBP_c.2184-571:NLRC3del,PRECISE,3to5,Protein fusion: out of frame (CREBBP-NLRC3),DELETION,215608,Note: The CREBBP - NLRC3 Rearrangement results in the fusion of exons 1-14 of CREBBP with exons 9-21 of NLRC3. Its functional significance is undetermined.,SOMATIC,197358.0
UC0wMDQ1ODExLVQwMi1JTTY6YnJlYXN0X21za18yMDI1,UC0wMDQ1ODExOmJyZWFzdF9tc2tfMjAyNQ,breast_msk_2025_structural_variants,P-0045811-T02-IM6,P-0045811,breast_msk_2025,NLRX1,NA,11,118354751,NA,NA,-1,Intron of KMT2A(+):146bp before exon 9,4297.0,KMT2A,NA,11,119045387,NA,NA,-1,Exon 6 of NLRX1(+),NA,GRCh37,yes,unk,57775,78040,0,9,-1,9,-1,8,NLRX1 (NM_024618) - KMT2A (NM_001197104) rearrangement: c.1075:NLRX1_c.4087-147:KMT2Adup,PRECISE,5to3,Protein Fusion: mid-exon  {NLRX1:KMT2A},DUPLICATION,690636,Note: The NLRX1 - KMT2A rearrangement is a duplication that results in a fusion of NLRX1 exons 1 - 6 to KMT2A exons 9 - 36. One of the breakpoints is within NLRX1 exon 6. Functional significance is undetermined.,SOMATIC,79671.0
UC0wMDI5OTIwLVQwMS1JTTY6YnJlYXN0X21za18yMDI1,UC0wMDI5OTIwOmJyZWFzdF9tc2tfMjAyNQ,breast_msk_2025_structural_variants,P-0029920-T01-IM6,P-0029920,breast_msk_2025,NME1-NME2,NA,17,49239734,NA,NA,-1,Intron of NME1-NME2(+):1Kb after exon 4,5573.0,PRKAR1A,NA,17,66511671,NA,NA,-1,Exon 2 of PRKAR1A(+),NA,GRCh37,yes,unk,140149,341402,0,28,-1,28,-1,10,PRKAR1A (NM_212471) - NME1-NME2 (NM_001018136) rearrangement: c.131:PRKAR1A_c.341+1101:NME1-NME2dup,PRECISE,5to3,Protein Fusion: mid-exon  {PRKAR1A:NME1-NME2},DUPLICATION,17271937,Note: The PRKAR1A - NME1-NME2 rearrangement is a duplication that results in the fusion of PRKAR1A exons 1-2 with  NME1-NME2 exons 5-8. One of the breakpoints is within PRKAR1A exon 2. The functional significance is undetermined.,SOMATIC,654364.0
UC0wMDMxOTM2LVQwMS1JTTY6YnJlYXN0X21za18yMDI1,UC0wMDMxOTM2OmJyZWFzdF9tc2tfMjAyNQ,breast_msk_2025_structural_variants,P-0031936-T01-IM6,P-0031936,breast_msk_2025,NOTCH1,NA,13,73635766,NA,NA,-1,Intron of KLF5(+):232bp before exon 2,,,NA,9,139410553,NA,NA,-1,Intron of NOTCH1(-):7bp before exon 10,NA,GRCh37,NA,NA,0,0,0,24,-1,-1,-1,-1,NOTCH1 (NM_017617) rearrangement: t(9;13)(q34.3;q22.1)(chr9:g.139410553::chr13:g.73635766),PRECISE,5to3,NOTCH1-intragenic,TRANSLOCATION,0,Note: The NOTCH1 rearrangement is a translocation with a breakpoint within intron 9. The functional significance is undetermined.,SOMATIC,4851.0
UC0wMDUwNzU4LVQwMS1JTTY6YnJlYXN0X21za18yMDI1,UC0wMDUwNzU4OmJyZWFzdF9tc2tfMjAyNQ,breast_msk_2025_structural_variants,P-0050758-T01-IM6,P-0050758,breast_msk_2025,NOTCH1,NA,11,96145388,NA,NA,-1,IGR: 22Kb before JRKL(+),,,NA,9,139397648,NA,NA,-1,Exon 27 of NOTCH1(-),NA,GRCh37,yes,unk,0,0,0,5,-1,5,-1,0,NOTCH1 (NM_017617) rearrangement: t(9;11)(q34.3;q21)(chr9:g.139397648::chr11:g.96145388),IMPPRECISE,3to5,NOTCH1-intragenic,TRANSLOCATION,0,Note: The NOTCH1 rearrangement is a translocation with a breakpoint in exon 27. Functional significance is undetermined.,SOMATIC,4851.0
UC0wMDIwNjQ0LVQwMS1JTTY6YnJlYXN0X21za18yMDI1,UC0wMDIwNjQ0OmJyZWFzdF9tc2tfMjAyNQ,breast_msk_2025_structural_variants,P-0020644-T01-IM6,P-0020644,breast_msk_2025,NOTCH1,NA,9,139397700,NA,NA,-1,Exon 27 of NOTCH1(-),,,NA,9,139399962,NA,NA,-1,Exon 25 of NOTCH1(-),NA,GRCh37,NA,NA,14305,7096,0,71,-1,-1,-1,-1,NOTCH1 (NM_017617) rearrangement: c.4386_c.5101del,PRECISE,3to5,Deletion within transcript : mid-exon,DELETION,2262,Note: The NOTCH1 rearrangement is an intragenic deletion which includes exons 25-27 of NOTCH1. Both breakpoints are within exon. The functional significance is undetermined.,SOMATIC,4851.0
UC0wMDM0ODE4LVQwMS1JTTY6YnJlYXN0X21za18yMDI1,UC0wMDM0ODE4OmJyZWFzdF9tc2tfMjAyNQ,breast_msk_2025_structural_variants,P-0034818-T01-IM6,P-0034818,breast_msk_2025,NOTCH1,NA,9,139402788,NA,NA,-1,Exon 20 of NOTCH1(-),,,NA,9,140014051,NA,NA,-1,IGR: 9Kb before DPP7(-),NA,GRCh37,yes,unk,75263,103563,0,2,-1,2,-1,4,NOTCH1 (NM_017617) rearrangement: c.3221:NOTCH1_chr9:g.140014051dup,PRECISE,5to3,NOTCH1-intragenic,DUPLICATION,611263,Note: The NOTCH1 rearrangement results in the duplication of exons 1-20. One of the breakpoints is within exon 20. The functional significance is undetermined.,SOMATIC,4851.0
UC0wMDA1ODMyLVQwMy1JTTc6YnJlYXN0X21za18yMDI1,UC0wMDA1ODMyOmJyZWFzdF9tc2tfMjAyNQ,breast_msk_2025_structural_variants,P-0005832-T03-IM7,P-0005832,breast_msk_2025,NOTCH1,NA,9,139400890,NA,NA,-1,Intron of NOTCH1(-):88bp after exon 24,10555.0,AGPAT2,NA,9,139577712,NA,NA,-1,Intron of AGPAT2(-):4Kb after exon 1,NA,GRCh37,yes,unk,56195,35014,0,2,-1,2,-1,5,NOTCH1 (NM_017617) - AGPAT2 (NM_006412) rearrangement: c.4014+89:NOTCH1_c.182+3916:AGPAT2dup,PRECISE,5to3,Protein Fusion: out of frame  {NOTCH1:AGPAT2},DUPLICATION,176822,Note: The NOTCH1 - AGPAT2 rearrangement is a duplication that results in a fusion of NOTCH1 exons 1 - 24 to AGPAT2 exons 2 - 6. Functional significance is undetermined.,SOMATIC,4851.0
UC0wMDA1ODMyLVQwMi1JTTY6YnJlYXN0X21za18yMDI1,UC0wMDA1ODMyOmJyZWFzdF9tc2tfMjAyNQ,breast_msk_2025_structural_variants,P-0005832-T02-IM6,P-0005832,breast_msk_2025,NOTCH1,NA,9,139400890,NA,NA,-1,Intron of NOTCH1(-):88bp after exon 24,10555.0,AGPAT2,NA,9,139577712,NA,NA,-1,Intron of AGPAT2(-):4Kb after exon 1,NA,GRCh37,yes,unk,78255,85531,0,10,-1,10,-1,10,NOTCH1 (NM_017617) - AGPAT2 (NM_006412) rearrangement: c.4014+89:NOTCH1_c.182+3916:AGPAT2dup,PRECISE,5to3,Protein Fusion: out of frame  {NOTCH1:AGPAT2},DUPLICATION,176822,Note: The NOTCH1 - AGPAT2 rearrangement is a duplication that results in the fusion of NOTCH1 exons 1-24 with AGPAT2 exons 2-6. The functional significance is undetermined.,SOMATIC,4851.0
UC0wMDI1NDA1LVQwMS1JTTY6YnJlYXN0X21za18yMDI1,UC0wMDI1NDA1OmJyZWFzdF9tc2tfMjAyNQ,breast_msk_2025_structural_variants,P-0025405-T01-IM6,P-0025405,breast_msk_2025,NOTCH1,NA,9,139399952,NA,NA,-1,Exon 25 of NOTCH1(-),10555.0,AGPAT2,NA,9,139574779,NA,NA,-1,Intron of AGPAT2(-):3Kb before exon 2,NA,GRCh37,yes,unk,51507,70635,0,3,-1,2,-1,10,NOTCH1 (NM_017617) - AGPAT2 (NM_006412) rearrangement: c.4396:NOTCH1_c.183-2771:AGPAT2dup,PRECISE,5to3,Protein Fusion: mid-exon  {NOTCH1:AGPAT2},DUPLICATION,174827,Note: The NOTCH1 rearrangement is a duplication which results in the fusion of NOTCH1 exons 1-25 with AGPAT2 exons 2-6. One of the breakpoints is within NOTCH1 exon 25. Its functional significance is undetermined.,SOMATIC,4851.0
UC0wMDI1NDA1LVQwMS1JTTY6YnJlYXN0X21za18yMDI1,UC0wMDI1NDA1OmJyZWFzdF9tc2tfMjAyNQ,breast_msk_2025_structural_variants,P-0025405-T01-IM6,P-0025405,breast_msk_2025,NOTCH1,NA,NA,-1,NA,NA,-1,NA,10555.0,AGPAT2,NA,NA,-1,NA,NA,-1,NA,NA,GRCh37,yes,unk,-1,-1,-1,-1,-1,-1,-1,-1,POSITIVE FOR GENE FUSIONS IN THE INVESTIGATIONAL PANEL: NOTCH1-AGPAT2 fusion. Note: The rearrangement is an in-frame fusion between genes NOTCH1 Exon2 (NM_017617) and AGPAT2 Exon2 (NM_006412).,NA,NA,NOTCH1-AGPAT2 Fusion - Archer,NA,-1,Lab Notes Run Number: ArcherV2-CLIN-20170132 Macro-dissection: Unknown,SOMATIC,4851.0
UC0wMDA0MzU0LVQwMS1JTTU6YnJlYXN0X21za18yMDI1,UC0wMDA0MzU0OmJyZWFzdF9tc2tfMjAyNQ,breast_msk_2025_structural_variants,P-0004354-T01-IM5,P-0004354,breast_msk_2025,NOTCH2,NA,1,120480048,NA,NA,-1,Exon 21 of NOTCH2(-),,,NA,1,120482069,NA,NA,-1,Intron of NOTCH2(-): 1Kb after exon 19,NA,GRCh37,yes,unk,1152,2151,0,12,-1,12,-1,23,NOTCH2 (NM_024408) rearrangement (2021bp): c.3183+1109_c.3379inv,PRECISE,5to5,Antisense fusion,INVERSION,2021,"The NOTCH2 (NM_024408) rearrangement is an intragenic inversion of exons 20-21, likely disrupting the function of NOTCH2. One of the breakpoints is within exon 21. The functional significance is undetermined.",SOMATIC,4853.0
UC0wMDA1OTAwLVQwMi1JTTY6YnJlYXN0X21za18yMDI1,UC0wMDA1OTAwOmJyZWFzdF9tc2tfMjAyNQ,breast_msk_2025_structural_variants,P-0005900-T02-IM6,P-0005900,breast_msk_2025,NOTCH2,NA,1,120480172,NA,NA,-1,Intron of NOTCH2(-):83bp before exon 21,,,NA,1,120480799,NA,NA,-1,Intron of NOTCH2(-):166bp before exon 20,NA,GRCh37,yes,unk,1844,3317,0,14,-1,13,-1,10,NOTCH2 (NM_024408) rearrangement: c.3338-83_c.3184-166del,PRECISE,3to5,Deletion of 1 exon : out of frame,DELETION,627,Note: The NOTCH2 rearrangement results in an intragenic deletion of NOTCH2 exon 20. Its functional significance is unknown.,SOMATIC,4853.0
UC0wMDAzOTU4LVQwMy1JTTY6YnJlYXN0X21za18yMDI1,UC0wMDAzOTU4OmJyZWFzdF9tc2tfMjAyNQ,breast_msk_2025_structural_variants,P-0003958-T03-IM6,P-0003958,breast_msk_2025,NOTCH2,NA,1,120506319,NA,NA,-1,Exon 11 of NOTCH2(-),,,NA,1,145103676,NA,NA,-1,Intron of NBPF20(+):210Kb before exon 54,NA,GRCh37,NA,NA,9778,17783,0,5,-1,-1,-1,-1,NOTCH2 (NM_024408) SEC22B ( NM_004892) Rearrangement : c.1793:NOTCH2_c.76-232:SEC22Binv,PRECISE,5to5,Protein Fusion: mid-exon  {NOTCH2:NBPF20},INVERSION,24597357,Note: The NOTCH2 - SEC22B  Rearrangement results in the fusion of exons 1-11 of NOTCH2 with exons 2-6 of SEC22B. The breakpoint in NOTCH2 is within exon 11. Its functional significance is undetermined.,SOMATIC,4853.0
UC0wMDA0Mzg2LVQwMS1JTTU6YnJlYXN0X21za18yMDI1,UC0wMDA0Mzg2OmJyZWFzdF9tc2tfMjAyNQ,breast_msk_2025_structural_variants,P-0004386-T01-IM5,P-0004386,breast_msk_2025,NOTCH2,NA,1,120455718,NA,NA,-1,3-UTR of NOTCH2(-): 2Kb after coding stop,,,NA,1,120458797,NA,NA,-1,Exon 34 of NOTCH2(-),NA,GRCh37,yes,unk,6155,6016,0,110,-1,102,-1,82,NOTCH2 (NM_024408) rearrangement : c.6548_*2211inv,PRECISE,5to5,NOTCH2-intragenic,INVERSION,3079,Note: The NOTCH2 (NM_024408) rearrangement event results in the inversion of exon34. One of the breakpoints is within exon34.,SOMATIC,4853.0
UC0wMDI1OTgwLVQwMS1JTTY6YnJlYXN0X21za18yMDI1,UC0wMDI1OTgwOmJyZWFzdF9tc2tfMjAyNQ,breast_msk_2025_structural_variants,P-0025980-T01-IM6,P-0025980,breast_msk_2025,NOTCH2,NA,1,120465381,NA,NA,-1,Exon 27 of NOTCH2(-),,,NA,1,120492330,NA,NA,-1,Intron of NOTCH2(-):581bp before exon 16,NA,GRCh37,yes,unk,19018,39294,0,13,-1,13,-1,10,NOTCH2 (NM_024408) Rearrangement : c.2480-581_c.4880inv,PRECISE,3to3,NOTCH2-intragenic,INVERSION,26949,Note: The NOTCH2 Rearrangement results in the intragenic inversion of exons 16-27. One of the breakpoints is within exon27. Its functional significance is undetermined.,SOMATIC,4853.0
UC0wMDM1NTMzLVQwMS1JTTY6YnJlYXN0X21za18yMDI1,UC0wMDM1NTMzOmJyZWFzdF9tc2tfMjAyNQ,breast_msk_2025_structural_variants,P-0035533-T01-IM6,P-0035533,breast_msk_2025,NOTCH2,NA,13,25683937,NA,NA,-1,IGR: 14Kb before PABPC3(+),,,NA,1,120465556,NA,NA,-1,Intron of NOTCH2(-):155bp before exon 27,NA,GRCh37,NA,NA,0,0,0,5,-1,-1,-1,-1,NOTCH2 (NM_024408) rearrangement: t(1;13)(p11.2;q12.13)(chr1:g.120465556::chr13:g.25683937),PRECISE,3to3,NOTCH2-intragenic,TRANSLOCATION,0,Note: The NOTCH2 rearrangement is a translocation involving exon 27. Its functional significance is undetermined.,SOMATIC,4853.0
UC0wMDQzNjg0LVQwMS1JTTY6YnJlYXN0X21za18yMDI1,UC0wMDQzNjg0OmJyZWFzdF9tc2tfMjAyNQ,breast_msk_2025_structural_variants,P-0043684-T01-IM6,P-0043684,breast_msk_2025,NOTCH2,NA,1,114308942,NA,NA,-1,Exon 7 of RSBN1(-),,,NA,1,120458107,NA,NA,-1,Exon 34 of NOTCH2(-),NA,GRCh37,yes,unk,29624,45130,0,125,-1,107,-1,10,NOTCH2 (NM_024408) rearrangement: c.7238:NOTCH2_chr1:g.114308942inv,PRECISE,5to5,Antisense Fusion,INVERSION,6149165,Note: The NOTCH2 rearrangement is an inversion of exon 34. One of the breakpoints is within exon 34. Functional significance is undetermined.,SOMATIC,4853.0
UC0wMDUxMzU2LVQwMS1JTTY6YnJlYXN0X21za18yMDI1,UC0wMDUxMzU2OmJyZWFzdF9tc2tfMjAyNQ,breast_msk_2025_structural_variants,P-0051356-T01-IM6,P-0051356,breast_msk_2025,NOTCH2,NA,1,120462043,NA,NA,-1,Exon 31 of NOTCH2(-),,,NA,1,154735978,NA,NA,-1,Intron of KCNN3(-):8Kb after exon 3,NA,GRCh37,NA,NA,63849,77789,0,80,-1,-1,-1,-1,NOTCH2 (NM_024408) rearrangement: c.5673:NOTCH2_chr1:g.154735978inv,PRECISE,5to5,Antisense Fusion,INVERSION,34273935,Note: The NOTCH2 rearrangement is an inversion of exons 1 - 31. One of the breakpoints is within exon 31. Functional significance is undetermined. Multiple rearrangements involving NOTCH2 were detected in this sample and a more complex rearrangement resul,SOMATIC,4853.0
UC0wMDI0Mjk2LVQwMS1JTTY6YnJlYXN0X21za18yMDI1,UC0wMDI0Mjk2OmJyZWFzdF9tc2tfMjAyNQ,breast_msk_2025_structural_variants,P-0024296-T01-IM6,P-0024296,breast_msk_2025,NOTCH2,NA,1,116787704,NA,NA,-1,IGR: 128Kb before ATP1A1(+),,,NA,1,120468046,NA,NA,-1,Exon 25 of NOTCH2(-),NA,GRCh37,NA,NA,42611,34767,0,136,-1,-1,-1,-1,NOTCH2 (NM_024408) rearrangement: c.4393:NOTCH2_chr1:g.116787704del,PRECISE,3to5,NOTCH2-intragenic,DELETION,3680342,Note: The NOTCH2 rearrangement is a deletion of exons 25-34. One of the breakpoints is within exon 25. Its functional significance is undetermined.,SOMATIC,4853.0
UC0wMDU3MjI5LVQwMS1JTTY6YnJlYXN0X21za18yMDI1,UC0wMDU3MjI5OmJyZWFzdF9tc2tfMjAyNQ,breast_msk_2025_structural_variants,P-0057229-T01-IM6,P-0057229,breast_msk_2025,NOTCH2,NA,1,120462056,NA,NA,-1,Exon 31 of NOTCH2(-),,,NA,1,120487142,NA,NA,-1,Intron of NOTCH2(-):3Kb before exon 18,NA,GRCh37,yes,unk,21403,15725,0,34,-1,32,-1,10,NOTCH2 (NM_024408) rearrangement: c.2753-2765_c.5660del,PRECISE,3to5,Deletion within transcript : mid-exon,DELETION,25086,Note: The NOTCH2 rearrangement is an intragenic deletion of exons 18 - 31. One of the breakpoints is within exon 31.,SOMATIC,4853.0
UC0wMDI3OTk4LVQwMS1JTTY6YnJlYXN0X21za18yMDI1,UC0wMDI3OTk4OmJyZWFzdF9tc2tfMjAyNQ,breast_msk_2025_structural_variants,P-0027998-T01-IM6,P-0027998,breast_msk_2025,NOTCH2,NA,1,120480437,NA,NA,-1,Intron of NOTCH2(-):42bp after exon 20,,,NA,1,120502169,NA,NA,-1,Intron of NOTCH2(-):44bp before exon 12,NA,GRCh37,yes,unk,13697,21300,0,49,-1,48,-1,10,NOTCH2 (NM_024408) fusion: c.3337+43_c.1916-44dup,PRECISE,5to3,Duplication of 9 exons : in frame,DUPLICATION,21732,Note: The NOTCH2 fusion is predicted to be in frame. Its functional significance is undetermined.,SOMATIC,4853.0
UC0wMDA0ODg5LVQwMS1JTTU6YnJlYXN0X21za18yMDI1,UC0wMDA0ODg5OmJyZWFzdF9tc2tfMjAyNQ,breast_msk_2025_structural_variants,P-0004889-T01-IM5,P-0004889,breast_msk_2025,NOTCH3,NA,19,15290032,NA,NA,-1,Exon 22 of NOTCH3(-),,,NA,19,15416060,NA,NA,-1,IGR: 48Kb before AKAP8(-),NA,GRCh37,NA,NA,91315,67906,0,23,-1,-1,-1,-1,NOTCH3 (NM_000435) rearrangement:c.3522_chr19:g.15416060del,PRECISE,3to5,NOTCH3-intragenic,DELETION,126028,The NOTCH3 (NM_000435) rearrangement is a deletion of exons 1-22 of NOTCH3. One of the breakpoints is within exon 22. The functional significance is undetermined.,SOMATIC,4854.0
UC0wMDIyNTMwLVQwMi1JTTY6YnJlYXN0X21za18yMDI1,UC0wMDIyNTMwOmJyZWFzdF9tc2tfMjAyNQ,breast_msk_2025_structural_variants,P-0022530-T02-IM6,P-0022530,breast_msk_2025,NOTCH3,NA,19,15281561,NA,NA,-1,Exon 26 of NOTCH3(-),,,NA,19,15437650,NA,NA,-1,IGR: 27Kb before AKAP8(-),NA,GRCh37,NA,NA,56278,58205,0,11,-1,-1,-1,-1,NOTCH3 (NM_000435) rearrangement: c.4812:NOTCH3_chr19:g.15437650del,PRECISE,3to5,NOTCH3-intragenic,DELETION,156089,"Note: The NOTCH3 rearrangement results in the deletion of NOTCH3 exons 1 to 26. One of the breakpoints is within NOTCH3 exon 26, Its functional significance is undetermined.",SOMATIC,4854.0
UC0wMDIyMDg0LVQwMS1JTTY6YnJlYXN0X21za18yMDI1,UC0wMDIyMDg0OmJyZWFzdF9tc2tfMjAyNQ,breast_msk_2025_structural_variants,P-0022084-T01-IM6,P-0022084,breast_msk_2025,NOTCH3,NA,19,15281223,NA,NA,-1,Exon 27 of NOTCH3(-),,,NA,1,151973890,NA,NA,-1,IGR: 17Kb before NBPF18P(+),NA,GRCh37,NA,NA,0,0,0,50,-1,-1,-1,-1,NOTCH3 (NM_000435) Rearrangement : t(1;19)(q21.3;p13.12)(chr1:g.151973890::chr19:g.15281223),PRECISE,5to5,NOTCH3-intragenic,TRANSLOCATION,0,Note: The NOTCH3 Rearrangement results in the possible truncation of NOTCH3. One of the breakpoints is within exon 27.  The functional significance is undetermined.,SOMATIC,4854.0
UC0wMDM3MjUyLVQwMS1JTTY6YnJlYXN0X21za18yMDI1,UC0wMDM3MjUyOmJyZWFzdF9tc2tfMjAyNQ,breast_msk_2025_structural_variants,P-0037252-T01-IM6,P-0037252,breast_msk_2025,NOTCH3,NA,19,15281410,NA,NA,-1,Intron of NOTCH3(-):46bp before exon 27,,,NA,19,15407776,NA,NA,-1,IGR: 50Kb before BRD4(-),NA,GRCh37,yes,unk,82841,70648,0,37,-1,35,-1,10,NOTCH3 (NM_000435) rearrangement: c.4892-46:NOTCH3_chr19:g.15407776del,PRECISE,3to5,NOTCH3-intragenic,DELETION,126366,Note: The NOTCH3 rearrangement is a deletion of exons 1-26.,SOMATIC,4854.0
UC0wMDQwNzI1LVQwMS1JTTY6YnJlYXN0X21za18yMDI1,UC0wMDQwNzI1OmJyZWFzdF9tc2tfMjAyNQ,breast_msk_2025_structural_variants,P-0040725-T01-IM6,P-0040725,breast_msk_2025,NOTCH3,NA,19,15298887,NA,NA,-1,Intron of NOTCH3(-):82bp before exon 10,,,NA,4,87214736,NA,NA,-1,5-UTR of MAPK10(-):276Kb before coding start,NA,GRCh37,yes,unk,0,0,0,9,-1,9,-1,10,NOTCH3 (NM_000435) rearrangement: t(4;19)(q21.3;p13.12)(chr4:g.87214736::chr19:g.15298887),PRECISE,3to5,Transcript Fusion {MAPK10:NOTCH3},TRANSLOCATION,0,Note: The NOTCH3 rearrangement is a translocation with a breakpoint in intron 9. Functional significance is undetermined.,SOMATIC,4854.0
UC0wMDIwNjI0LVQwMi1JTTY6YnJlYXN0X21za18yMDI1,UC0wMDIwNjI0OmJyZWFzdF9tc2tfMjAyNQ,breast_msk_2025_structural_variants,P-0020624-T02-IM6,P-0020624,breast_msk_2025,NOTCH3,NA,19,15270596,NA,NA,-1,3-UTR of NOTCH3(-):876bp after coding stop,,,NA,19,15272330,NA,NA,-1,Exon 33 of NOTCH3(-),NA,GRCh37,yes,unk,9147,12027,0,3,-1,3,-1,10,NOTCH3 (NM_000435) rearrangement: c.*877_c.6109del,PRECISE,3to5,NOTCH3-intragenic,DELETION,1734,Note: The NOTCH3 rearrangement is an intragenic deletion of exon 33. One of the breakpoints is within exon 33. Its functional significance is undetermined.,SOMATIC,4854.0
UC0wMDMzNDkyLVQwMS1JTTY6YnJlYXN0X21za18yMDI1,UC0wMDMzNDkyOmJyZWFzdF9tc2tfMjAyNQ,breast_msk_2025_structural_variants,P-0033492-T01-IM6,P-0033492,breast_msk_2025,NOTCH3,NA,19,15276243,NA,NA,-1,Exon 31 of NOTCH3(-),,,NA,19,15279315,NA,NA,-1,Intron of NOTCH3(-):1Kb before exon 29,NA,GRCh37,NA,NA,6248,7404,0,12,-1,-1,-1,-1,NOTCH3 (NM_000435) rearrangement: c.5200-1093_c.5751del,PRECISE,3to5,Deletion within transcript : mid-exon,DELETION,3072,Note: The NOTCH3 rearrangement results in the deletion of exons 29-31. One of the breakpoints is within exon 31. The functional significance is undetermined.,SOMATIC,4854.0
UC0wMDA2MDkxLVQwMS1JTTU6YnJlYXN0X21za18yMDI1,UC0wMDA2MDkxOmJyZWFzdF9tc2tfMjAyNQ,breast_msk_2025_structural_variants,P-0006091-T01-IM5,P-0006091,breast_msk_2025,NOTCH3,NA,19,15285027,NA,NA,-1,Exon 25 of NOTCH3(-),23476.0,BRD4,NA,19,15392638,NA,NA,-1,Promoter of BRD4(-): 1Kb from tx start,NA,GRCh37,yes,unk,161138,127990,0,336,-1,102,-1,202,BRD4 (NM_058243) - NOTCH3 (NM_000435 )  Rearrangement :  c.-1598:BRD4_c.4588:NOTCH3del,PRECISE,3to5,Protein fusion: mid-exon (BRD4-NOTCH3),DELETION,107611,Note: The BRD4 (NM_058243) - NOTCH3 (NM_000435 )  Rearrangement results in the deletion of exons 1 to 20 of BRD4 and exons 1 to 25 of NOTCH3.  The breakpoint is within exon25 of NOTCH3. Its functional significance is undetermined.,SOMATIC,4854.0
UC0wMDE0ODA3LVQwMS1JTTY6YnJlYXN0X21za18yMDI1,UC0wMDE0ODA3OmJyZWFzdF9tc2tfMjAyNQ,breast_msk_2025_structural_variants,P-0014807-T01-IM6,P-0014807,breast_msk_2025,NOTCH4,NA,6,32181597,NA,NA,-1,Exon 14 of NOTCH4(-),389384.0,BNIP5,NA,6,36285273,NA,NA,-1,Intron of C6orf222(-): 105bp before exon 12,NA,GRCh37,yes,unk,111003,118874,0,20,-1,20,-1,34,C6orf222 (NM_001010903) - NOTCH4 (NM_004557) rearrangement: c.1924-105:C6orf222_c.2188:NOTCH4del,PRECISE,3to5,Protein fusion: mid-exon (C6orf222-NOTCH4),DELETION,4103676,Note: The C6orf222 - NOTCH4 rearrangement is a deletion which results in the fusion of C6orf222 exon 11 to NOTCH4 exon 14. The functional significance is undetermined.,SOMATIC,4855.0
UC0wMDU5NDc3LVQwMS1JTTc6YnJlYXN0X21za18yMDI1,UC0wMDU5NDc3OmJyZWFzdF9tc2tfMjAyNQ,breast_msk_2025_structural_variants,P-0059477-T01-IM7,P-0059477,breast_msk_2025,NOTCH4,NA,14,37817599,NA,NA,-1,Intron of MIPOL1(+):21Kb before exon 12,145282.0,MIPOL1,NA,6,32184824,NA,NA,-1,Exon 11 of NOTCH4(-),NA,GRCh37,yes,unk,0,0,0,13,-1,12,-1,0,NOTCH4 (NM_004557) - MIPOL1 (NM_138731) rearrangement: t(6;14)(p21.32;q21.1)(chr6:g.32184824::chr14:g.37817599),IMPPRECISE,5to5,Protein Fusion: mid-exon  {NOTCH4:MIPOL1},TRANSLOCATION,0,Note: The NOTCH4 - MIPOL1 rearrangement is a translocation that results in a fusion of NOTCH4 exons 1 - 11 to MIPOL1 exons 12 - 14. One of the breakpoints is within NOTCH4 exon 11. Functional significance is undetermined. Multiple rearrangements involving,SOMATIC,4855.0
UC0wMDA0MzQ2LVQwMS1JTTU6YnJlYXN0X21za18yMDI1,UC0wMDA0MzQ2OmJyZWFzdF9tc2tfMjAyNQ,breast_msk_2025_structural_variants,P-0004346-T01-IM5,P-0004346,breast_msk_2025,NOTCH4,NA,6,32166486,NA,NA,-1,Exon 25 of NOTCH4(-),10665.0,TSBP1,NA,6,32262478,NA,NA,-1,Intron of C6orf10(-): 665bp before exon 11,NA,GRCh37,yes,unk,36870,24028,0,6,-1,7,-1,13,NOTCH4 (NM_004557) - C6orf10 (NM_006781) rearrangement: c.4557:NOTCH4_c.638-666:C6orf10dup,PRECISE,5to3,Protein fusion: mid-exon (NOTCH4-C6orf10),DUPLICATION,95992,The NOTCH4 (NM_004557) - C6orf10 (NM_006781) rearrangement is a duplication which results in the fusion of exons 1-25 of NOTCH4 with exon 11 of C6orf10. The breakpoint in NOTCH4 exon25 is within exon. The functional significance is undetermined.,SOMATIC,4855.0
UC0wMDE5MTg5LVQwMS1JTTY6YnJlYXN0X21za18yMDI1,UC0wMDE5MTg5OmJyZWFzdF9tc2tfMjAyNQ,breast_msk_2025_structural_variants,P-0019189-T01-IM6,P-0019189,breast_msk_2025,NPAS1,NA,19,47533530,NA,NA,-1,Intron of NPAS1(+):2Kb before exon 3,6427.0,SRSF2,NA,17,74732784,NA,NA,-1,Intron of SRSF2(-):96bp after exon 1,NA,GRCh37,yes,unk,0,0,0,14,-1,14,-1,10,SRSF2 (NM_003016) rearrangement: t(17;19)(q25.1;q13.32)(chr17:g.74732784::chr19:g.47533530),PRECISE,3to5,Antisense Fusion,TRANSLOCATION,0,Note: The SRSF2 rearrangement is a translocation that may result in the truncation of exon 2. The functional significance is undetermined.,SOMATIC,4861.0
UC0wMDA4Nzk1LVQwMS1JTTU6YnJlYXN0X21za18yMDI1,UC0wMDA4Nzk1OmJyZWFzdF9tc2tfMjAyNQ,breast_msk_2025_structural_variants,P-0008795-T01-IM5,P-0008795,breast_msk_2025,NRG1,NA,14,38061417,NA,NA,-1,Exon 2 of FOXA1(-),3169.0,FOXA1,NA,8,32309025,NA,NA,-1,Intron of NRG1(+): 144Kb before exon 2,NA,GRCh37,NA,NA,0,0,0,55,-1,-1,-1,-1,NRG1 (NM_013962) - FOXA1 (NM_004496) rearrangement : t(8;14)(p12;q21.1)(chr8:g.32309025::chr14:g.38061417),PRECISE,3to3,Protein fusion: mid-exon (NRG1-FOXA1),TRANSLOCATION,0,Note: The NRG1 (NM_013956) - FOXA1 (NM_004496) rearrangement event is a translocation which results in the fusion of NRG1 exon1 with FOXA1 exon2. One of the breakpoints is within FOXA1 exon2.,SOMATIC,3084.0
UC0wMDIyMzM3LVQwMS1JTTY6YnJlYXN0X21za18yMDI1,UC0wMDIyMzM3OmJyZWFzdF9tc2tfMjAyNQ,breast_msk_2025_structural_variants,P-0022337-T01-IM6,P-0022337,breast_msk_2025,NRG3,NA,10,84208501,NA,NA,-1,Intron of NRG3(+):90Kb after exon 3,2263.0,FGFR2,NA,10,123241723,NA,NA,-1,Intron of FGFR2(-):1Kb after exon 17,NA,GRCh37,NA,NA,170853,125154,0,39,-1,-1,-1,-1,NRG3 (NM_001010848) - FGFR2 (NM_000141) Rearrangement : c.953+89877:NRG3_c.2301+1489:FGFR2inv,PRECISE,3to3,Protein Fusion: out of frame  {NRG3:FGFR2},INVERSION,39033222,Note: The NRG3  - FGFR2 Rearrangement  results in the fusion of NRG3 exons 1-2 with FGFR2 exon 18. Its functional significance is undetermined.,SOMATIC,10718.0
UC0wMDQ2OTc0LVQwMi1JTTY6YnJlYXN0X21za18yMDI1,UC0wMDQ2OTc0OmJyZWFzdF9tc2tfMjAyNQ,breast_msk_2025_structural_variants,P-0046974-T02-IM6,P-0046974,breast_msk_2025,NSD1,NA,5,176721402,NA,NA,-1,Exon 23 of NSD1(+),,,NA,5,176740468,NA,NA,-1,Promoter of MXD3(-):6Kb from tx start,NA,GRCh37,yes,unk,7991,7805,0,29,-1,13,-1,10,NSD1 (NM_022455) rearrangement: c.7033:NSD1_chr5:g.176740468del,PRECISE,3to5,Antisense Fusion,DELETION,19066,Note: The NSD1 rearrangement is a deletion of exon 23. One of the breakpoints is within exon 23.,SOMATIC,64324.0
UC0wMDM5NzA2LVQwMS1JTTY6YnJlYXN0X21za18yMDI1,UC0wMDM5NzA2OmJyZWFzdF9tc2tfMjAyNQ,breast_msk_2025_structural_variants,P-0039706-T01-IM6,P-0039706,breast_msk_2025,NSD1,NA,5,176631218,NA,NA,-1,Exon 4 of NSD1(+),,,NA,5,176632947,NA,NA,-1,Intron of NSD1(+):2Kb after exon 4,NA,GRCh37,NA,NA,521,550,0,116,-1,-1,-1,-1,NSD1 (NM_022455) rearrangement: c.1161_c.1236+1654del,PRECISE,3to5,Deletion within transcript : mid-exon,DELETION,1729,Note: The NSD1 rearrangement is an intragenic deletion of exon 4. One of the breakpoints is within exon 4.,SOMATIC,64324.0
UC0wMDE5MjIyLVQwMS1JTTY6YnJlYXN0X21za18yMDI1,UC0wMDE5MjIyOmJyZWFzdF9tc2tfMjAyNQ,breast_msk_2025_structural_variants,P-0019222-T01-IM6,P-0019222,breast_msk_2025,NSD1,NA,5,176665207,NA,NA,-1,Intron of NSD1(+):30bp before exon 7,,,NA,5,176688372,NA,NA,-1,Intron of NSD1(+):1Kb after exon 14,NA,GRCh37,yes,unk,12234,13040,0,12,-1,12,-1,10,NSD1 (NM_022455) rearrangement: c.3922-31_c.5146+1203dup,PRECISE,5to3,Duplication of 8 exons : out of frame,DUPLICATION,23165,Note: The NSD1 rearrangement is a duplication (23165 bp) of exons 7-14. The functional significance is undetermined.,SOMATIC,64324.0
UC0wMDQ2OTc0LVQwMS1JTTY6YnJlYXN0X21za18yMDI1,UC0wMDQ2OTc0OmJyZWFzdF9tc2tfMjAyNQ,breast_msk_2025_structural_variants,P-0046974-T01-IM6,P-0046974,breast_msk_2025,NSD1,NA,5,176721402,NA,NA,-1,Exon 23 of NSD1(+),,,NA,5,176740468,NA,NA,-1,Promoter of MXD3(-):6Kb from tx start,NA,GRCh37,yes,unk,5663,6078,0,26,-1,21,-1,10,NSD1 (NM_022455) rearrangement: c.7033:NSD1_chr5:g.176740468del,PRECISE,3to5,Antisense Fusion,DELETION,19066,Note: The NSD1 rearrangement is a deletion of exon 23. One of the breakpoints is within exon 23.,SOMATIC,64324.0
UC0wMDMwNTQ1LVQwMi1JTTY6YnJlYXN0X21za18yMDI1,UC0wMDMwNTQ1OmJyZWFzdF9tc2tfMjAyNQ,breast_msk_2025_structural_variants,P-0030545-T02-IM6,P-0030545,breast_msk_2025,NSD2,NA,4,1824058,NA,NA,-1,Intron of LETM1(-):19bp before exon 10,,,NA,4,1961244,NA,NA,-1,Exon 17 of WHSC1(+),NA,GRCh37,NA,NA,22577,26479,0,41,-1,-1,-1,-1,WHSC1 (NM_001042424) rearrangement: c.3032:WHSC1_chr4:g.1824058del,PRECISE,3to5,WHSC1-intragenic,DELETION,137186,Note: The WHSC1 rearrangement is a deletion of exons 1-17. One of the breakpoints is within exon 17. The functional significance is undetermined.,SOMATIC,7468.0
UC0wMDI4OTk4LVQwMS1JTTY6YnJlYXN0X21za18yMDI1,UC0wMDI4OTk4OmJyZWFzdF9tc2tfMjAyNQ,breast_msk_2025_structural_variants,P-0028998-T01-IM6,P-0028998,breast_msk_2025,NSD3,NA,8,30205715,NA,NA,-1,IGR: 34Kb before RBPMS-AS1(-),,,NA,8,38162673,NA,NA,-1,Intron of WHSC1L1(-):92bp after exon 13,NA,GRCh37,NA,NA,20514,14038,0,31,-1,-1,-1,-1,WHSC1L1 (NM_023034) rearrangement: c.2440+93: WHSC1L1_chr8:g.30205715inv.,PRECISE,5to5,WHSC1L1-intragenic,INVERSION,7956958,Note: The WHSC1L1 rearrangement results in the inversion of WHSC1L1 exons 13 to 24. The functional significance is undetermined.,SOMATIC,54904.0
UC0wMDI4NTk5LVQwMS1JTTY6YnJlYXN0X21za18yMDI1,UC0wMDI4NTk5OmJyZWFzdF9tc2tfMjAyNQ,breast_msk_2025_structural_variants,P-0028599-T01-IM6,P-0028599,breast_msk_2025,NSD3,NA,8,38127603,NA,NA,-1,Promoter of PPAPDC1B(-):5Kb from tx start,,,NA,8,38133870,NA,NA,-1,Exon 23 of WHSC1L1(-),NA,GRCh37,NA,NA,2885,5984,0,14,-1,-1,-1,-1,WHSC1L1 (NM_023034) rearrangement: chr8:g.:38127603_c.4016dup,PRECISE,5to3,Protein Fusion: mid-exon  {PPAPDC1B:WHSC1L1},DUPLICATION,6267,Note: The WHSC1L1 rearrangement is a duplication that includes WHSC1L1 exons 23-24. One of the breakpoints is within exon 23. The functional significance is undetermined.,SOMATIC,54904.0
UC0wMDI2OTM3LVQwMS1JTTY6YnJlYXN0X21za18yMDI1,UC0wMDI2OTM3OmJyZWFzdF9tc2tfMjAyNQ,breast_msk_2025_structural_variants,P-0026937-T01-IM6,P-0026937,breast_msk_2025,NSD3,NA,8,38161263,NA,NA,-1,Intron of WHSC1L1(-):841bp after exon 14,,,NA,8,38162769,NA,NA,-1,Exon 13 of WHSC1L1(-),NA,GRCh37,NA,NA,1617,2017,0,50,-1,-1,-1,-1,WHSC1L1 (NM_023034) rearrangement: c.2437_c.2611+842deldel,PRECISE,3to5,Deletion within transcript : mid-exon,DELETION,1506,Note: The WHSC1L1 rearrangement is an intragenic deletion of exons 13-14. One of the breakpoints is within exon 13. The functional significance is undetermined.,SOMATIC,54904.0
UC0wMDM5NjAwLVQwMy1JTTY6YnJlYXN0X21za18yMDI1,UC0wMDM5NjAwOmJyZWFzdF9tc2tfMjAyNQ,breast_msk_2025_structural_variants,P-0039600-T03-IM6,P-0039600,breast_msk_2025,NSD3,NA,8,38133844,NA,NA,-1,Exon 23 of WHSC1L1(-),8749.0,ADAM18,NA,8,39489803,NA,NA,-1,Intron of ADAM18(+):3Kb after exon 7,NA,GRCh37,yes,unk,98303,904325,0,291,-1,247,-1,10,WHSC1L1 (NM_023034) - ADAM18 (NM_014237) rearrangement: c.4042:WHSC1L1_c.588+2845:ADAM18inv,PRECISE,5to5,Protein Fusion: mid-exon  {WHSC1L1:ADAM18},INVERSION,1355959,Note: The WHSC1L1 - ADAM18 rearrangement is an inversion that results in a fusion of WHSC1L1 exons 1 - 23 to ADAM18 exons 8 - 20. One of the breakpoints is within WHSC1L1 exon 23. Functional significance is undetermined.,SOMATIC,54904.0
UC0wMDM5NjAwLVQwMS1JTTY6YnJlYXN0X21za18yMDI1,UC0wMDM5NjAwOmJyZWFzdF9tc2tfMjAyNQ,breast_msk_2025_structural_variants,P-0039600-T01-IM6,P-0039600,breast_msk_2025,NSD3,NA,8,38133844,NA,NA,-1,Exon 23 of WHSC1L1(-),8749.0,ADAM18,NA,8,39489803,NA,NA,-1,Intron of ADAM18(+):3Kb after exon 7,NA,GRCh37,NA,NA,84936,602362,0,139,-1,-1,-1,-1,WHSC1L1 (NM_023034) - ADAM18 (NM_014237) rearrangement: c.4042:WHSC1L1_c.588+2845:ADAM18inv,PRECISE,5to5,Protein Fusion: mid-exon  {WHSC1L1:ADAM18},INVERSION,1355959,Note: The WHSC1L1 - ADAM18 rearrangement is an inversion that results in a fusion of WHSC1L1 exons 1 - 23 to ADAM18 exons 8 - 20. One of the breakpoints is within WHSC1L1 exon 23. Functional significance is undetermined.,SOMATIC,54904.0
UC0wMDEyODI0LVQwMy1JTTY6YnJlYXN0X21za18yMDI1,UC0wMDEyODI0OmJyZWFzdF9tc2tfMjAyNQ,breast_msk_2025_structural_variants,P-0012824-T03-IM6,P-0012824,breast_msk_2025,NSD3,NA,12,93231000,NA,NA,-1,Intron of EEA1(-):4Kb before exon 11,8411.0,EEA1,NA,8,38146848,NA,NA,-1,Intron of WHSC1L1(-):62bp after exon 18,NA,GRCh37,yes,unk,0,0,0,100,-1,97,-1,10,WHSC1L1 (NM_023034) - EEA1 (NM_003566) rearrangement: t(8;12)(p11.23;q22)(chr8:g.38146848::chr12:g.93231000),PRECISE,3to5,Protein Fusion: in frame  {WHSC1L1:EEA1},TRANSLOCATION,0,Note: The WHSC1L1 - EEA1 rearrangement is a translocation that results in a fusion of WHSC1L1 exons 1 - 18 to EEA1 exons 11 - 29. The fusion is predicted to be in frame. Functional significance is undetermined.,SOMATIC,54904.0
UC0wMDI1MzkwLVQwMi1JTTY6YnJlYXN0X21za18yMDI1,UC0wMDI1MzkwOmJyZWFzdF9tc2tfMjAyNQ,breast_msk_2025_structural_variants,P-0025390-T02-IM6,P-0025390,breast_msk_2025,NSD3,NA,8,38201702,NA,NA,-1,Intron of WHSC1L1(-):3Kb after exon 2,2260.0,FGFR1,NA,8,38274750,NA,NA,-1,Intron of FGFR1(-):73bp after exon 13,NA,GRCh37,yes,unk,19107,139803,0,8,-1,8,-1,0,FGFR1 (NM_001174067) - WHSC1L1 (NM_023034) rearrangement: c.1756+74:FGFR1_c.675+3313:WHSC1L1del,IMPPRECISE,3to5,Protein Fusion: out of frame  {FGFR1:WHSC1L1},DELETION,73048,Note: The FGFR1 - WHSC1L1 rearrangement is a deletion that results in the fusion of FGFR1 exons 1-13 with WHSC1L1 exon 3-24. The functional significance is undetermined. This is the same fusion that was reported on IMPACT (M17-31956) that was then reflexe,SOMATIC,54904.0
UC0wMDIyOTk2LVQwMS1JTTY6YnJlYXN0X21za18yMDI1,UC0wMDIyOTk2OmJyZWFzdF9tc2tfMjAyNQ,breast_msk_2025_structural_variants,P-0022996-T01-IM6,P-0022996,breast_msk_2025,NSD3,NA,8,38173261,NA,NA,-1,Intron of WHSC1L1(-):168bp after exon 10,2260.0,FGFR1,NA,8,38274677,NA,NA,-1,Intron of FGFR1(-):146bp after exon 13,NA,GRCh37,NA,NA,40519,574071,0,15,-1,-1,-1,-1,WHSC1L1 (NM_023034) - FGFR1 (NM_001174067) rearrangement: c.1986+169:WHSC1L1_c.1756+147:FGFR1dup,PRECISE,5to3,Protein Fusion: out of frame  {WHSC1L1:FGFR1},DUPLICATION,101416,"Note: The WHSC1L1 - FGFR1 rearrangement is a duplication that results in the fusion of WHSC1L1 exons 1-10 with FGFR1 exons 14-19, which includes a part of FGFR1 kinase domain.",SOMATIC,54904.0
UC0wMDI0NDUwLVQwMS1JTTY6YnJlYXN0X21za18yMDI1,UC0wMDI0NDUwOmJyZWFzdF9tc2tfMjAyNQ,breast_msk_2025_structural_variants,P-0024450-T01-IM6,P-0024450,breast_msk_2025,NTHL1,NA,19,10213963,NA,NA,-1,Promoter of PPAN-P2RY11(+):3Kb from tx start,,,NA,16,2090167,NA,NA,-1,Exon 5 of NTHL1(-),NA,GRCh37,NA,NA,0,0,0,22,-1,-1,-1,-1,NTHL1 (NM_002528) rearrangement: t(16;19)(p13.3;p13.2)(chr16:g.2090167::chr19:g.10213963),PRECISE,5to3,NTHL1-intragenic,TRANSLOCATION,0,Note: The NTHL1 rearrangement is a translocation with a breakpoint within NTHL1 exon 5. The functional significance is undetermined.,SOMATIC,4913.0
UC0wMDI0NDUwLVQwMy1JTTY6YnJlYXN0X21za18yMDI1,UC0wMDI0NDUwOmJyZWFzdF9tc2tfMjAyNQ,breast_msk_2025_structural_variants,P-0024450-T03-IM6,P-0024450,breast_msk_2025,NTHL1,NA,19,10213963,NA,NA,-1,Promoter of PPAN-P2RY11(+):3Kb from tx start,,,NA,16,2090167,NA,NA,-1,Exon 5 of NTHL1(-),NA,GRCh37,yes,unk,0,0,0,122,-1,117,-1,10,NTHL1 (NM_002528) rearrangement: t(16;19)(p13.3;p13.2)(chr16:g.2090167::chr19:g.10213963),PRECISE,5to3,NTHL1-intragenic,TRANSLOCATION,0,Note: The NTHL1 rearrangement is a translocation involving a breakpoint in exon 5. Its functional significance is undetermined.,SOMATIC,4913.0
UC0wMDMyNjA3LVQwMS1JTTY6YnJlYXN0X21za18yMDI1,UC0wMDMyNjA3OmJyZWFzdF9tc2tfMjAyNQ,breast_msk_2025_structural_variants,P-0032607-T01-IM6,P-0032607,breast_msk_2025,NTHL1,NA,16,2056154,NA,NA,-1,Intron of ZNF598(-):2Kb before exon 4,,,NA,16,2090241,NA,NA,-1,Intron of NTHL1(-):2bp before exon 5,NA,GRCh37,NA,NA,3157,1198,0,18,-1,-1,-1,-1,NTHL1 (NM_002528) rearrangement: c.710-2:NTHL1_chr16:g.2056154inv,IMPPRECISE,3to3,NTHL1-intragenic,INVERSION,34087,"Note: The NTHL1 rearrangement is an inversion of exons 5 to 6. In addition, the presence of multiple structural variants involving NTHL1 suggests a complex rearrangement. The functional significance is undetermined.",SOMATIC,4913.0
UC0wMDQwOTg4LVQwMS1JTTY6YnJlYXN0X21za18yMDI1,UC0wMDQwOTg4OmJyZWFzdF9tc2tfMjAyNQ,breast_msk_2025_structural_variants,P-0040988-T01-IM6,P-0040988,breast_msk_2025,NTRK1,NA,1,156849891,NA,NA,-1,Exon 16 of NTRK1(+),,,NA,1,156861509,NA,NA,-1,Promoter of PEAR1(+):2Kb from tx start,NA,GRCh37,NA,NA,4453,3928,0,7,-1,-1,-1,-1,NTRK1 (NM_002529) rearrangement: c.2147:NTRK1_chr1:g.156861509dup,PRECISE,5to3,Protein Fusion: mid-exon  {PEAR1:NTRK1},DUPLICATION,11618,Note: The NTRK1 rearrangement is a duplication of exons 16 - 17. One of the breakpoints is within exon 16. This case was reflexed to Archer targeted RNAseq assay which has high sensitivity for expressed fusions.  The Archer result is NEGATIVE FOR A FUSION,SOMATIC,4914.0
UC0wMDQ2NTYwLVQwMS1JTTY6YnJlYXN0X21za18yMDI1,UC0wMDQ2NTYwOmJyZWFzdF9tc2tfMjAyNQ,breast_msk_2025_structural_variants,P-0046560-T01-IM6,P-0046560,breast_msk_2025,NTRK1,NA,1,156109664,NA,NA,-1,3-UTR of LMNA(+):25Kb after coding stop,,,NA,1,156845149,NA,NA,-1,Intron of NTRK1(+):162bp before exon 12,NA,GRCh37,NA,NA,63996,60759,0,134,-1,-1,-1,-1,NTRK1 (NM_002529) rearrangement: c.1355-163:NTRK1_chr1:g.156109664del,PRECISE,3to5,NTRK1-intragenic,DELETION,735485,Note: The NTRK1 rearrangement is a deletion of exons 1 - 11. The rearrangement does not include the kinase domain of NTRK1. Functional significance is undetermined and further testing to determine the presence or absence of a targetable oncogenic fusion i,SOMATIC,4914.0
UC0wMDM3MTQ2LVQwMS1JTTY6YnJlYXN0X21za18yMDI1,UC0wMDM3MTQ2OmJyZWFzdF9tc2tfMjAyNQ,breast_msk_2025_structural_variants,P-0037146-T01-IM6,P-0037146,breast_msk_2025,NTRK1,NA,NA,-1,NA,NA,-1,NA,,,NA,NA,-1,NA,NA,-1,NA,NA,GRCh37,yes,unk,-1,-1,-1,-1,-1,-1,-1,-1,"POSITIVE FOR THE FOLLOWING ISOFORM IN THE INVESTIGATIONAL PANEL: NTRK1 (NM_002529) deletion of exons 3-9. PMID: 26581861, 29914559",NA,NA,NTRK1-intragenic - Archer,NA,-1,Lab Notes Run Number: ArcherV3-CLIN-20190013 Macro-dissection: Unknown,SOMATIC,4914.0
UC0wMDQ4ODkyLVQwMS1JTTY6YnJlYXN0X21za18yMDI1,UC0wMDQ4ODkyOmJyZWFzdF9tc2tfMjAyNQ,breast_msk_2025_structural_variants,P-0048892-T01-IM6,P-0048892,breast_msk_2025,NTRK1,NA,1,156841192,NA,NA,-1,Intron of NTRK1(+):222bp before exon 7,,,NA,1,156841976,NA,NA,-1,Intron of NTRK1(+):429bp after exon 7,NA,GRCh37,yes,unk,4192,6080,0,39,-1,40,-1,10,NTRK1 (NM_002529) rearrangement: c.718-223_c.850+429inv,PRECISE,3to3,Antisense Fusion,INVERSION,784,Note: The NTRK1 rearrangement is an intragenic inversion of exon 7. The rearrangement does not include the kinase domain of NTRK1. Functional significance is undetermined.,SOMATIC,4914.0
UC0wMDE0OTAzLVQwMy1JTTY6YnJlYXN0X21za18yMDI1,UC0wMDE0OTAzOmJyZWFzdF9tc2tfMjAyNQ,breast_msk_2025_structural_variants,P-0014903-T03-IM6,P-0014903,breast_msk_2025,NTRK1,NA,1,156483830,NA,NA,-1,IGR: 11Kb before IQGAP3(-),,,NA,1,156843418,NA,NA,-1,Intron of NTRK1(+):6bp before exon 8,NA,GRCh37,NA,NA,36840,84941,0,68,-1,-1,-1,-1,NTRK1 (NM_002529) Rearrangement : chr1:g.156483830_c.851-7:NTRK1dup,PRECISE,5to3,NTRK1-intragenic,DUPLICATION,359588,Note: The NTRK1 Rearrangement results in the duplication of exons 8-17 of NTRK1. Its functional significance is undetermined. It includes the protein kinase domain of NTRK1. Its functional significance is undetermined.,SOMATIC,4914.0
UC0wMDI2OTM3LVQwMS1JTTY6YnJlYXN0X21za18yMDI1,UC0wMDI2OTM3OmJyZWFzdF9tc2tfMjAyNQ,breast_msk_2025_structural_variants,P-0026937-T01-IM6,P-0026937,breast_msk_2025,NTRK2,NA,9,87476020,NA,NA,-1,Intron of NTRK2(+):18bp after exon 15,,,NA,9,87485254,NA,NA,-1,Intron of NTRK2(+):3Kb after exon 16,NA,GRCh37,NA,NA,48958,85317,0,50,-1,-1,-1,-1,NTRK2 (NM_006180) rearrangement: c.1444+18_c.1633+2908dup,PRECISE,5to3,Duplication of 1 exon : in frame,DUPLICATION,9234,Note: The NTRK2 rearrangement is an intragenic duplication of exon 16. The functional significance is undetermined. This sample has been nominated for further analysis using the Archer targeted RNAseq assay to help characterize the structural variant invo,SOMATIC,4915.0
UC0wMDM3MDQ0LVQwNS1JTTc6YnJlYXN0X21za18yMDI1,UC0wMDM3MDQ0OmJyZWFzdF9tc2tfMjAyNQ,breast_msk_2025_structural_variants,P-0037044-T05-IM7,P-0037044,breast_msk_2025,NTRK3,NA,15,88476548,NA,NA,-1,Intron of NTRK3(-):133bp before exon 16,,,NA,3,192212899,NA,NA,-1,Intron of FGF12(-):135Kb before exon 3,NA,GRCh37,NA,NA,0,0,0,49,-1,-1,-1,-1,NTRK3 (NM_001012338) rearrangement: t(3;15)(q28;q25.3)(chr3:g.192212899::chr15:g.88476548),PRECISE,3to3,NTRK3-intragenic,TRANSLOCATION,0,Note: The NTRK3 rearrangement is a translocation with a breakpoint in intron 15. Functional significance is undetermined and further testing to determine the presence or absence of a targetable oncogenic fusion involving NTRK3 is required. This sample has,SOMATIC,4916.0
UC0wMDQ4ODg5LVQwMS1JTTY6YnJlYXN0X21za18yMDI1,UC0wMDQ4ODg5OmJyZWFzdF9tc2tfMjAyNQ,breast_msk_2025_structural_variants,P-0048889-T01-IM6,P-0048889,breast_msk_2025,NTRK3,NA,15,88420297,NA,NA,-1,Exon 20 of NTRK3(-),,,NA,15,90427016,NA,NA,-1,Intron of C15orf38-AP3S2(-):5Kb after exon 7,NA,GRCh37,NA,NA,28222,46804,0,18,-1,-1,-1,-1,NTRK3 (NM_001012338) rearrangement: c.2389:NTRK3_chr15:g.90427016inv,PRECISE,5to5,Antisense Fusion,INVERSION,2006719,Note: The NTRK3 rearrangement is an inversion of exons 1 - 20. One of the breakpoints is within exon 20. The rearrangement includes a part of the kinase domain of NTRK3. Functional significance is undetermined and further testing to determine the presence,SOMATIC,4916.0
UC0wMDQ4ODg5LVQwMy1JTTc6YnJlYXN0X21za18yMDI1,UC0wMDQ4ODg5OmJyZWFzdF9tc2tfMjAyNQ,breast_msk_2025_structural_variants,P-0048889-T03-IM7,P-0048889,breast_msk_2025,NTRK3,NA,15,88420297,NA,NA,-1,Exon 20 of NTRK3(-),,,NA,15,90427016,NA,NA,-1,Intron of C15orf38-AP3S2(-):5Kb after exon 7,NA,GRCh37,NA,NA,49988,64564,0,14,-1,-1,-1,-1,NTRK3 (NM_001012338) rearrangement: c.2389:NTRK3_chr15:g.90427016inv,PRECISE,5to5,Antisense Fusion,INVERSION,2006719,Note: The NTRK3 rearrangement is an inversion of exons 1 - 20. One of the breakpoints is within exon 20. The rearrangement includes a part of the kinase domain of NTRK3. Functional significance is undetermined and further testing to determine the presence,SOMATIC,4916.0
UC0wMDM3MDQ0LVQwMS1JTTY6YnJlYXN0X21za18yMDI1,UC0wMDM3MDQ0OmJyZWFzdF9tc2tfMjAyNQ,breast_msk_2025_structural_variants,P-0037044-T01-IM6,P-0037044,breast_msk_2025,NTRK3,NA,15,88476548,NA,NA,-1,Intron of NTRK3(-):133bp before exon 16,,,NA,3,192212899,NA,NA,-1,Intron of FGF12(-):135Kb before exon 3,NA,GRCh37,NA,NA,0,0,0,42,-1,-1,-1,-1,NTRK3 (NM_001012338) rearrangement: t(3;15)(q28;q25.3)(chr3:g.192212899::chr15:g.88476548),PRECISE,3to3,NTRK3-intragenic,TRANSLOCATION,0,Note: The NTRK3 rearrangement is a translocation with a breakpoint in intron 15. The functional significance is undetermined.,SOMATIC,4916.0
UC0wMDMzOTIxLVQwMy1JTTY6YnJlYXN0X21za18yMDI1,UC0wMDMzOTIxOmJyZWFzdF9tc2tfMjAyNQ,breast_msk_2025_structural_variants,P-0033921-T03-IM6,P-0033921,breast_msk_2025,NTRK3,NA,15,88516534,NA,NA,-1,Intron of NTRK3(-):33Kb before exon 15,2120.0,ETV6,NA,12,12031161,NA,NA,-1,Intron of ETV6(+):6Kb before exon 6,NA,GRCh37,yes,unk,0,0,0,53,-1,53,-1,10,ETV6 (NM_001987) - NTRK3 (NM_001012338) fusion: t(12;15)(p13.2;q25.3)(chr12:g.12031161::chr15:g.88516534),PRECISE,3to3,Protein Fusion: in frame  {ETV6:NTRK3},TRANSLOCATION,0,Note: The ETV6-NTRK3 fusion involves ETV6 exons 1-5 with NTRK3 exons 15-20. The fusion is predicted to be in-frame and includes the protein kinase domain of NTRK3.,SOMATIC,4916.0
UC0wMDEzMTk2LVQwNC1JTTY6YnJlYXN0X21za18yMDI1,UC0wMDEzMTk2OmJyZWFzdF9tc2tfMjAyNQ,breast_msk_2025_structural_variants,P-0013196-T04-IM6,P-0013196,breast_msk_2025,NTRK3,NA,15,88501357,NA,NA,-1,Intron of NTRK3(-):17Kb before exon 15,2120.0,ETV6,NA,12,12036072,NA,NA,-1,Intron of ETV6(+):1Kb before exon 6,NA,GRCh37,yes,unk,0,0,0,110,-1,112,-1,10,ETV6 (NM_001987) - NTRK3 (NM_001012338) fusion (ETV6 exon5 fused to NTRK3 exon15): t(12;15)(p13.2;q25.3)(chr12:g.12036072::chr15:g.88501357),PRECISE,3to3,Protein Fusion: in frame  {ETV6:NTRK3},TRANSLOCATION,0,Note: The ETV6 - NTRK3 fusion is predicted to be in frame and includes the kinase domain of NTRK3.,SOMATIC,4916.0
UC0wMDEzMTk2LVQwMy1JTTY6YnJlYXN0X21za18yMDI1,UC0wMDEzMTk2OmJyZWFzdF9tc2tfMjAyNQ,breast_msk_2025_structural_variants,P-0013196-T03-IM6,P-0013196,breast_msk_2025,NTRK3,NA,15,88501357,NA,NA,-1,Intron of NTRK3(-): 17Kb before exon 14,2120.0,ETV6,NA,12,12036072,NA,NA,-1,Intron of ETV6(+): 1Kb before exon 6,NA,GRCh37,yes,unk,0,0,0,39,-1,39,-1,14,ETV6 (NM_001987) - NTRK3 (NM_001012338) fusion (ETV6 exon5 fused to NTRK3 exon15): t(12;15)(p13.2;q25.3)(chr12:g.12036072::chr15:g.88501357),PRECISE,3to3,Protein fusion: in frame (ETV6-NTRK3),TRANSLOCATION,0,Note: The ETV6 - NTRK3 fusion is predicted to be in frame and includes the kinase domain of NTRK3.,SOMATIC,4916.0
UC0wMDEzMTk2LVQwMi1JTTY6YnJlYXN0X21za18yMDI1,UC0wMDEzMTk2OmJyZWFzdF9tc2tfMjAyNQ,breast_msk_2025_structural_variants,P-0013196-T02-IM6,P-0013196,breast_msk_2025,NTRK3,NA,15,88501357,NA,NA,-1,Intron of NTRK3(-): 17Kb before exon 14,2120.0,ETV6,NA,12,12036072,NA,NA,-1,Intron of ETV6(+): 1Kb before exon 6,NA,GRCh37,yes,unk,0,0,0,140,-1,102,-1,39,ETV6 (NM_001987) - NTRK3 (NM_001012338) fusion (ETV6 exon5 fused to NTRK3 exon15): t(12;15)(p13.2;q25.3)(chr12:g.12036072::chr15:g.88501357),PRECISE,3to3,Protein fusion: in frame (ETV6-NTRK3),TRANSLOCATION,0,Note: The ETV6 - NTRK3 fusion is predicted to be in frame and includes the kinase domain of NTRK3,SOMATIC,4916.0
UC0wMDI5MDY5LVQwMi1JTTY6YnJlYXN0X21za18yMDI1,UC0wMDI5MDY5OmJyZWFzdF9tc2tfMjAyNQ,breast_msk_2025_structural_variants,P-0029069-T02-IM6,P-0029069,breast_msk_2025,NUDC,NA,1,27100051,NA,NA,-1,Intron of ARID1A(+):19bp before exon 16,8289.0,ARID1A,NA,1,27264019,NA,NA,-1,Intron of NUDC(+):4Kb before exon 3,NA,GRCh37,yes,unk,20768,36953,0,39,-1,38,-1,10,NUDC(NM_006600) - ARID1A(NM_006015): fusion: c.160-3929:NUDC_c.3867-20ARID1Adup,PRECISE,5to3,Protein Fusion: out of frame  {NUDC:ARID1A},DUPLICATION,163968,Note: The NUDC - ARID1A rearrangement is a duplication of NUDC exons 1-2 and ARID1A exons 16-20 that results in an out of frame protein fusion. The functional significance is undetermined.,SOMATIC,10726.0
UC0wMDMxODQ1LVQwMS1JTTY6YnJlYXN0X21za18yMDI1,UC0wMDMxODQ1OmJyZWFzdF9tc2tfMjAyNQ,breast_msk_2025_structural_variants,P-0031845-T01-IM6,P-0031845,breast_msk_2025,NUP93,NA,16,56867173,NA,NA,-1,Exon 13 of NUP93(+),,,NA,16,56887735,NA,NA,-1,IGR: 5Kb before MIR138-2(+),NA,GRCh37,NA,NA,12099,10885,0,19,-1,-1,-1,-1,NUP93 (NM_014669) Rearrangement : c.1392_chr16:g.56887735del,PRECISE,3to5,NUP93-intragenic,DELETION,20562,Note: The NUP93 Rearrangement results in the deletion of exons 13-22 of NUP93. One of the breakpoints is within exon13. Its functional significance is undetermined.,SOMATIC,9688.0
UC0wMDU3ODUyLVQwMi1JTTc6YnJlYXN0X21za18yMDI1,UC0wMDU3ODUyOmJyZWFzdF9tc2tfMjAyNQ,breast_msk_2025_structural_variants,P-0057852-T02-IM7,P-0057852,breast_msk_2025,NUP93,NA,17,81076421,NA,NA,-1,IGR: 39Kb before METRNL(+),,,NA,16,56875766,NA,NA,-1,Intron of NUP93(+):21bp after exon 21,NA,GRCh37,yes,unk,0,0,0,8,-1,8,-1,10,NUP93 (NM_014669) rearrangement: t(16;17)(q13;q25.3)(chr16:g.56875766::chr17:g.81076421),PRECISE,3to5,NUP93-intragenic,TRANSLOCATION,0,Note: The NUP93 rearrangement is a translocation with a breakpoint in intron 21. Functional significance is undetermined.,SOMATIC,9688.0
UC0wMDI2NjE1LVQwMi1JTTY6YnJlYXN0X21za18yMDI1,UC0wMDI2NjE1OmJyZWFzdF9tc2tfMjAyNQ,breast_msk_2025_structural_variants,P-0026615-T02-IM6,P-0026615,breast_msk_2025,PAK1,NA,11,77036046,NA,NA,-1,Intron of PAK1(-):2Kb before exon 15,,,NA,8,32259693,NA,NA,-1,Intron of NRG1(+):194Kb before exon 2,NA,GRCh37,NA,NA,0,0,0,5,-1,-1,-1,-1,PAK1 (NM_002576) Rearrangement: t(8;11)(p12;q13.5)(chr8:g.32259693::chr11:g.77036046),PRECISE,5to3,Antisense Fusion,TRANSLOCATION,0,Note: The PAK1 rearrangement is a translocation with breakpoints within intron 15 of PAK1. The functional significance is undetermined.,SOMATIC,5058.0
UC0wMDE1Mzc4LVQwMS1JTTY6YnJlYXN0X21za18yMDI1,UC0wMDE1Mzc4OmJyZWFzdF9tc2tfMjAyNQ,breast_msk_2025_structural_variants,P-0015378-T01-IM6,P-0015378,breast_msk_2025,PAK5,NA,20,9546869,NA,NA,-1,Exon 6 of PAK7(-),,,NA,20,9631773,NA,NA,-1,5-UTR of PAK7(-): 7Kb before coding start,NA,GRCh37,yes,unk,7045,12676,0,29,-1,34,-1,39,PAK7 (NM_177990) rearrangement: c.1153_c.-11-6786del,PRECISE,3to5,Deletion within transcript: mid-exon,DELETION,84904,Note: The PAK7 (NM_177990) rearrangement results in the deletion of exons 3-5. One of the breakpoints is before the TSS site and the other is within exon 5. The functional significance is undetermined.,SOMATIC,57144.0
UC0wMDMzNDk2LVQwMS1JTTY6YnJlYXN0X21za18yMDI1,UC0wMDMzNDk2OmJyZWFzdF9tc2tfMjAyNQ,breast_msk_2025_structural_variants,P-0033496-T01-IM6,P-0033496,breast_msk_2025,PALB2,NA,16,23619288,NA,NA,-1,Exon 12 of PALB2(-),,,NA,16,23621327,NA,NA,-1,Intron of PALB2(-):2Kb before exon 12,NA,GRCh37,NA,NA,485,561,0,10,-1,-1,-1,-1,PALB2 (NM_024675) rearrangement: c.3202-1994_c.3247del,PRECISE,3to5,Deletion within transcript : mid-exon,DELETION,2039,Note: The PALB2 rearrangement results in the deletion of exon 12. One of the breakpoints is within exon 12. The functional significance is undetermined.,SOMATIC,79728.0
UC0wMDE5MTUzLVQwMS1JTTY6YnJlYXN0X21za18yMDI1,UC0wMDE5MTUzOmJyZWFzdF9tc2tfMjAyNQ,breast_msk_2025_structural_variants,P-0019153-T01-IM6,P-0019153,breast_msk_2025,PALB2,NA,16,23632914,NA,NA,-1,Intron of PALB2(-):115bp before exon 10,,,NA,16,23726499,NA,NA,-1,Promoter of ERN2(-):25Kb from tx start,NA,GRCh37,NA,NA,34106,37791,0,9,-1,-1,-1,-1,PALB2 (NM_024675) rearrangement: c.2997-115_g.23726499del,PRECISE,3to5,Transcript Fusion {ERN2:PALB2},DELETION,93585,Note: The PALB2 rearrangement results in the deletion of exons 10-13. The functional significance is undetermined.,SOMATIC,79728.0
UC0wMDU1NTQyLVQwMS1JTTY6YnJlYXN0X21za18yMDI1,UC0wMDU1NTQyOmJyZWFzdF9tc2tfMjAyNQ,breast_msk_2025_structural_variants,P-0055542-T01-IM6,P-0055542,breast_msk_2025,PALB2,NA,16,23647121,NA,NA,-1,Exon 4 of PALB2(-),,,NA,16,23647913,NA,NA,-1,Intron of PALB2(-):258bp before exon 4,NA,GRCh37,NA,NA,3917,3045,0,4,-1,-1,-1,-1,PALB2 (NM_024675) rearrangement: c.212-258_c.746del,IMPPRECISE,3to5,Deletion within transcript : mid-exon,DELETION,792,Note: The PALB2 rearrangement is an intragenic deletion of exon 4. One of the breakpoints is within exon 4.,SOMATIC,79728.0
UC0wMDQ0NzY0LVQwMS1JTTY6YnJlYXN0X21za18yMDI1,UC0wMDQ0NzY0OmJyZWFzdF9tc2tfMjAyNQ,breast_msk_2025_structural_variants,P-0044764-T01-IM6,P-0044764,breast_msk_2025,PALB2,NA,16,23646987,NA,NA,-1,Exon 4 of PALB2(-),,,NA,6,88953847,NA,NA,-1,IGR: 104Kb before CNR1(-),NA,GRCh37,yes,unk,0,0,0,90,-1,80,-1,10,PALB2 (NM_024675) rearrangement: t(6;16)(q15;p12.2)(chr6:g.88953847::chr16:g.23646987),PRECISE,5to5,PALB2-intragenic,TRANSLOCATION,0,Note: The PALB2 rearrangement is a translocation with a breakpoint in exon 4. Functional significance is undetermined. Multiple rearrangements involving PALB2 were detected in this sample and a more complex rearrangement resulting in additional fusions is,SOMATIC,79728.0
UC0wMDIyMzY0LVQwMS1JTTY6YnJlYXN0X21za18yMDI1,UC0wMDIyMzY0OmJyZWFzdF9tc2tfMjAyNQ,breast_msk_2025_structural_variants,P-0022364-T01-IM6,P-0022364,breast_msk_2025,PARP1,NA,1,162434663,NA,NA,-1,IGR: 32Kb before UHMK1(+),,,NA,1,226553616,NA,NA,-1,Intron of PARP1(-):38bp after exon 18,NA,GRCh37,NA,NA,210123,328677,0,3,-1,-1,-1,-1,PARP1 (NM_001618) rearrangement: chr1:g.162434663_c.2505+39inv,PRECISE,5to5,PARP1-intragenic,INVERSION,64118953,Note: The PARP1 rearrangement results in the inversion of exons 1-18. The functional significance is undetermined.,SOMATIC,142.0
UC0wMDA4NzEyLVQwMS1JTTU6YnJlYXN0X21za18yMDI1,UC0wMDA4NzEyOmJyZWFzdF9tc2tfMjAyNQ,breast_msk_2025_structural_variants,P-0008712-T01-IM5,P-0008712,breast_msk_2025,PAX5,NA,9,29168844,NA,NA,-1,IGR: 280Kb before MIR873(-),,,NA,9,36923291,NA,NA,-1,Intron of PAX5(-): 61bp after exon 7,NA,GRCh37,NA,NA,17282,19423,0,12,-1,-1,-1,-1,PAX5 (NM_016734) rearrangement: c.910+61_chr9:g.29168844del,PRECISE,3to5,PAX5-intragenic,DELETION,7754447,Note: The PAX5 (NM_016734) rearrangement is a deletion of exons 8-10. The functional significance is undetermined.,SOMATIC,5079.0
UC0wMDA2NDQyLVQwMS1JTTU6YnJlYXN0X21za18yMDI1,UC0wMDA2NDQyOmJyZWFzdF9tc2tfMjAyNQ,breast_msk_2025_structural_variants,P-0006442-T01-IM5,P-0006442,breast_msk_2025,PAX8,NA,2,113980370,NA,NA,-1,Intron of PAX8(-): 3Kb before exon 11,,,NA,2,114015652,NA,NA,-1,Intron of PAX8(-): 11Kb before exon 3,NA,GRCh37,NA,NA,65811,73900,0,22,-1,-1,-1,-1,PAX8 (NM_003466) rearrangement : c.26-11156_1190-2615dup,PRECISE,5to3,Duplication of 8 exons: out of frame,DUPLICATION,35282,Note: The PAX8 (NM_003466) rearrangement event results in the intragenic duplication of PAX8 exons 3-10. The resulting transcript is predicted to be out of frame.,SOMATIC,7849.0
UC0wMDMzMzk5LVQwMS1JTTY6YnJlYXN0X21za18yMDI1,UC0wMDMzMzk5OmJyZWFzdF9tc2tfMjAyNQ,breast_msk_2025_structural_variants,P-0033399-T01-IM6,P-0033399,breast_msk_2025,PAXBP1,NA,21,34122819,NA,NA,-1,Intron of PAXBP1(-):408bp after exon 10,8405.0,SPOP,NA,17,47699480,NA,NA,-1,Intron of SPOP(-):51bp before exon 3,NA,GRCh37,yes,unk,0,0,0,34,-1,36,-1,10,PAXBP1 (NM_013329) - SPOP (NM_001007228) rearrangement: t(17;21)(q21.33;q22.11)(chr17:g.47699480::chr21:g.:34122819),PRECISE,5to3,Protein Fusion: out of frame  {PAXBP1:SPOP},TRANSLOCATION,0,Note: The PAXBP1 - SPOP rearrangement is a translocation that results in the fusion of PAXBP1 exons 1-10 with SPOP exons 3-10. The fusion is predicted to be in frame. The functional significance is undetermined.,SOMATIC,94104.0
UC0wMDA3MDM3LVQwMS1JTTU6YnJlYXN0X21za18yMDI1,UC0wMDA3MDM3OmJyZWFzdF9tc2tfMjAyNQ,breast_msk_2025_structural_variants,P-0007037-T01-IM5,P-0007037,breast_msk_2025,PBRM1,NA,3,52703304,NA,NA,-1,Intron of PBRM1(-): 643bp before exon 4,,,NA,3,52712581,NA,NA,-1,Exon 3 of PBRM1(-),NA,GRCh37,yes,unk,964,1114,0,15,-1,15,-1,35,PBRM1 (NM_018313) rearrangement :  c.171_237-643dup,PRECISE,5to3,Duplication within transcript: mid-exon,DUPLICATION,9277,Note: The PBRM1 (NM_018313) rearrangement results in the partial duplication of exon 3 of PBRM1. One of the breakpoints is within exon3. Its functional significance is undetermined.,SOMATIC,55193.0
UC0wMDMyMjI4LVQwMS1JTTY6YnJlYXN0X21za18yMDI1,UC0wMDMyMjI4OmJyZWFzdF9tc2tfMjAyNQ,breast_msk_2025_structural_variants,P-0032228-T01-IM6,P-0032228,breast_msk_2025,PBX2,NA,6,32156661,NA,NA,-1,Intron of PBX2(-):88bp before exon 2,4855.0,NOTCH4,NA,6,32166887,NA,NA,-1,Exon 24 of NOTCH4(-),NA,GRCh37,yes,unk,15187,14880,0,8,-1,8,-1,10,PBX2 (NM_002586) - NOTCH4 (NM_004557) rearrangement: c.222-88:PBX2_c.4351:NOTCH4dup,PRECISE,5to3,Protein Fusion: mid-exon  {PBX2:NOTCH4},DUPLICATION,10226,Note: The PBX2 - NOTCH4 rearrangement is a duplication that results in the fusion of PBX2 exon 1 with NOTCH4 exons 24-30. One of the breakpoints is within NOTCH4 exon 24. The functional significance is undetermined.,SOMATIC,5089.0
UC0wMDI0MTIzLVQwMi1JTTY6YnJlYXN0X21za18yMDI1,UC0wMDI0MTIzOmJyZWFzdF9tc2tfMjAyNQ,breast_msk_2025_structural_variants,P-0024123-T02-IM6,P-0024123,breast_msk_2025,PDCD1,NA,2,242794953,NA,NA,-1,Exon 2 of PDCD1(-),101927289.0,LINC01237,NA,2,242939794,NA,NA,-1,5-UTR of LINC01237(+):81Kb before coding start,NA,GRCh37,yes,unk,3505,5749,0,3,-1,3,-1,7,PDCD1 (NM_005018) rearrangement: c.256:PDCD1_chr2:g.242939794dup,PRECISE,5to3,Antisense Fusion,DUPLICATION,144841,Note: The PDCD1 rearrangement results in the duplication of exons 1-2. One of the breakpoints is within exon 2. The functional significance is undetermined.,SOMATIC,5133.0
UC0wMDAwNTMyLVQwMi1JTTU6YnJlYXN0X21za18yMDI1,UC0wMDAwNTMyOmJyZWFzdF9tc2tfMjAyNQ,breast_msk_2025_structural_variants,P-0000532-T02-IM5,P-0000532,breast_msk_2025,PDE1C,NA,7,31926696,NA,NA,-1,Intron of PDE1C(-): 6Kb before exon 4,,,NA,1,241682866,NA,NA,-1,Intron of FH(-): 25bp after exon 1,NA,GRCh37,NA,NA,0,0,0,110,-1,-1,-1,-1,FH (NM_000143) - PDE1C (NM_001191058) Rearrangement : t(1;7)(1q43;7p14.3)(chr1:g.241682866::chr7:g.31926696),PRECISE,3to5,Protein fusion: out of frame (FH-PDE1C),TRANSLOCATION,0,Note:The FH (NM_000143) - PDE1C (NM_001191058) Rearrangement is a translocation which results in the fusion of exon 1 of FH with exons 4 to 19 of PDE1C.,SOMATIC,5137.0
UC0wMDQ0MjIxLVQwMS1JTTY6YnJlYXN0X21za18yMDI1,UC0wMDQ0MjIxOmJyZWFzdF9tc2tfMjAyNQ,breast_msk_2025_structural_variants,P-0044221-T01-IM6,P-0044221,breast_msk_2025,PDLIM2,NA,17,70119636,NA,NA,-1,Intron of SOX9(+):47bp before exon 3,6662.0,SOX9,NA,8,22440631,NA,NA,-1,Intron of PDLIM2(+):2Kb after exon 3,NA,GRCh37,yes,unk,0,0,0,99,-1,99,-1,10,PDLIM2 (NM_021630) - SOX9 (NM_000346) rearrangement: t(8;17)(p21.3;q24.3)(chr8:g.22440631::chr17:g.70119636),PRECISE,5to3,Protein Fusion: out of frame  {PDLIM2:SOX9},TRANSLOCATION,0,Note: The PDLIM2 - SOX9 rearrangement is a translocation that results in a fusion of PDLIM2 exons 1 - 3 to SOX9 exon 3. Functional significance is undetermined.,SOMATIC,64236.0
UC0wMDI2NTEzLVQwMy1JTTc6YnJlYXN0X21za18yMDI1,UC0wMDI2NTEzOmJyZWFzdF9tc2tfMjAyNQ,breast_msk_2025_structural_variants,P-0026513-T03-IM7,P-0026513,breast_msk_2025,PDPK1,NA,16,2645795,NA,NA,-1,Exon 12 of PDPK1(+),,,NA,16,11661408,NA,NA,-1,3-UTR of LITAF(-):20Kb after coding stop,NA,GRCh37,yes,unk,207906,90458,0,5,-1,5,-1,10,PDPK1 (NM_002613) rearrangement: c.1345:PDPK1_chr16:g.11661408del,PRECISE,3to5,PDPK1-intragenic,DELETION,9015613,Note: The PDPK1 rearrangement is a deletion of exons 12 - 14. One of the breakpoints is within exon 12. The rearrangement does not include the kinase domain of PDPK1. Functional significance is undetermined.,SOMATIC,5170.0
UC0wMDIyNTY2LVQwMS1JTTY6YnJlYXN0X21za18yMDI1,UC0wMDIyNTY2OmJyZWFzdF9tc2tfMjAyNQ,breast_msk_2025_structural_variants,P-0022566-T01-IM6,P-0022566,breast_msk_2025,PDPK1,NA,16,2588141,NA,NA,-1,Intron of PDPK1(+):4bp after exon 1,,,NA,16,12881579,NA,NA,-1,Intron of CPPED1(-):6Kb before exon 2,NA,GRCh37,NA,NA,194790,124345,0,12,-1,-1,-1,-1,PDPK1 (NM_002613) rearrangement: c.24+4:PDPK1_chr16:g.12881579del,PRECISE,3to5,Antisense Fusion,DELETION,10293438,Note: The PDPK1 rearrangement results in the deletion of exons 2-11. Its functional significance is undetermined.,SOMATIC,5170.0
UC0wMDI2NTEzLVQwMi1JTTY6YnJlYXN0X21za18yMDI1,UC0wMDI2NTEzOmJyZWFzdF9tc2tfMjAyNQ,breast_msk_2025_structural_variants,P-0026513-T02-IM6,P-0026513,breast_msk_2025,PDPK1,NA,16,2645795,NA,NA,-1,Exon 12 of PDPK1(+),,,NA,16,11661408,NA,NA,-1,3-UTR of LITAF(-):20Kb after coding stop,NA,GRCh37,yes,unk,199974,223320,0,51,-1,45,-1,10,PDPK1 (NM_002613) rearrangement: c.1345:PDPK1_chr16:g.11661408del,PRECISE,3to5,PDPK1-intragenic,DELETION,9015613,Note: The PDPK1 rearrangement is a deletion of exons 12 - 14. One of the breakpoints is within exon 12. The rearrangement does not include the kinase domain of PDPK1. Functional significance is undetermined.,SOMATIC,5170.0
UC0wMDUyMzI3LVQwMS1JTTY6YnJlYXN0X21za18yMDI1,UC0wMDUyMzI3OmJyZWFzdF9tc2tfMjAyNQ,breast_msk_2025_structural_variants,P-0052327-T01-IM6,P-0052327,breast_msk_2025,PEPD,NA,19,33892423,NA,NA,-1,Intron of PEPD(-):203bp after exon 10,5424.0,POLD1,NA,19,50917974,NA,NA,-1,Intron of POLD1(+):97bp before exon 20,NA,GRCh37,yes,unk,434206,490178,0,55,-1,52,-1,10,PEPD (NM_000285) - POLD1 (NM_002691) rearrangement: c.967+204:PEPD_c.2389-98:POLD1inv,PRECISE,5to5,Protein Fusion: out of frame  {PEPD:POLD1},INVERSION,17025551,Note: The PEPD - POLD1 rearrangement is an inversion that results in a fusion of PEPD exons 1 - 10 to POLD1 exons 20 - 27. Functional significance is undetermined.,SOMATIC,5184.0
UC0wMDA2ODQ3LVQwMS1JTTU6YnJlYXN0X21za18yMDI1,UC0wMDA2ODQ3OmJyZWFzdF9tc2tfMjAyNQ,breast_msk_2025_structural_variants,P-0006847-T01-IM5,P-0006847,breast_msk_2025,PGR,NA,11,58736058,NA,NA,-1,IGR: 25Kb before GLYATL1(+),,,NA,11,100999333,NA,NA,-1,Exon 1 of PGR(-),NA,GRCh37,yes,unk,213617,194179,0,14,-1,14,-1,75,PGR (NM_000926) Rearrangement :  c.469_chr11:g.58736058inv,PRECISE,5to5,PGR-intragenic,INVERSION,42263275,Note: The PGR (NM_000926) rearrangement results in the inversion of exons 1 to 8 of PGR. One of the breakpoints is within exon1.Its functional significance is undetermined.,SOMATIC,5241.0
UC0wMDA2ODQ3LVQwMi1JTTY6YnJlYXN0X21za18yMDI1,UC0wMDA2ODQ3OmJyZWFzdF9tc2tfMjAyNQ,breast_msk_2025_structural_variants,P-0006847-T02-IM6,P-0006847,breast_msk_2025,PGR,NA,11,58736059,NA,NA,-1,3-UTR of LOC283194(-):90Kb after coding stop,,,NA,11,100999334,NA,NA,-1,Exon 1 of PGR(-),NA,GRCh37,yes,unk,252449,330949,0,86,-1,68,-1,10,PGR (NM_000926) Rearrangement  : chr11:g.58736059_c.468:PGRinv,PRECISE,5to5,PGR-intragenic,INVERSION,42263275,Note: The PGR Rearrangement results in the inversion of exons 1-8 of PGR. Its functional significance is undetermined.,SOMATIC,5241.0
UC0wMDQwNzI1LVQwMS1JTTY6YnJlYXN0X21za18yMDI1,UC0wMDQwNzI1OmJyZWFzdF9tc2tfMjAyNQ,breast_msk_2025_structural_variants,P-0040725-T01-IM6,P-0040725,breast_msk_2025,PGR,NA,21,42365359,NA,NA,-1,IGR: 148Kb before LINC00323(-),,,NA,11,100920710,NA,NA,-1,Exon 6 of PGR(-),NA,GRCh37,yes,unk,0,0,0,10,-1,10,-1,10,PGR (NM_000926) rearrangement: t(11;21)(q22.1;q22.2)(chr11:g.100920710::chr21:g.42365359),PRECISE,5to3,PGR-intragenic,TRANSLOCATION,0,Note: The PGR rearrangement is a translocation with a breakpoint in exon 6. Functional significance is undetermined.,SOMATIC,5241.0
UC0wMDI4MTE5LVQwMS1JTTY6YnJlYXN0X21za18yMDI1,UC0wMDI4MTE5OmJyZWFzdF9tc2tfMjAyNQ,breast_msk_2025_structural_variants,P-0028119-T01-IM6,P-0028119,breast_msk_2025,PHGDH,NA,1,120256472,NA,NA,-1,Intron of PHGDH(+):2Kb after exon 1,4853.0,NOTCH2,NA,1,120466557,NA,NA,-1,Exon 26 of NOTCH2(-),NA,GRCh37,NA,NA,21068,236286,0,182,-1,-1,-1,-1,PHGDH (NM_006623) - NOTCH2 (NM_024408) rearrangement: c.138+1689:PHGDH_c.4562:NOTCH2inv,PRECISE,3to3,Protein Fusion: mid-exon  {PHGDH:NOTCH2},INVERSION,210085,Note: The PHGDH - NOTCH2 rearrangement is an inversion that results in the fusion of PHGDH exon 1 with NOTCH2 exons 26-34. The functional significance is undetermined.,SOMATIC,26227.0
UC0wMDM2ODc2LVQwMS1JTTY6YnJlYXN0X21za18yMDI1,UC0wMDM2ODc2OmJyZWFzdF9tc2tfMjAyNQ,breast_msk_2025_structural_variants,P-0036876-T01-IM6,P-0036876,breast_msk_2025,PIEZO2,NA,18,10849684,NA,NA,-1,Intron of PIEZO2(-):6Kb after exon 7,54904.0,NSD3,NA,8,38153605,NA,NA,-1,Intron of WHSC1L1(-):135bp before exon 16,NA,GRCh37,yes,unk,0,0,0,6,-1,6,-1,10,PIEZO2 (NM_022068) - WHSC1L1 (NM_023034) rearrangement: t(8;18)(p11.23;p11.21)(chr8:g.38153605::chr18:g.10849684),PRECISE,5to3,Protein Fusion: out of frame  {PIEZO2:WHSC1L1},TRANSLOCATION,0,Note: The PIEZO2 - WHSC1L1 rearrangement is a translocation which may result in the fusion of PIEZO2 exons 1-7 with WHSC1L1 exons 16-24. Its functional significance is undetermined.,SOMATIC,63895.0
UC0wMDA2NDQyLVQwMS1JTTU6YnJlYXN0X21za18yMDI1,UC0wMDA2NDQyOmJyZWFzdF9tc2tfMjAyNQ,breast_msk_2025_structural_variants,P-0006442-T01-IM5,P-0006442,breast_msk_2025,PIK3C2G,NA,12,18716467,NA,NA,-1,Intron of PIK3C2G(+): 35bp after exon 27,,,NA,12,18912315,NA,NA,-1,IGR: 21Kb before CAPZA3(+),NA,GRCh37,NA,NA,8739,4138,0,16,-1,-1,-1,-1,PIK3C2G (NM_004570) rearrangement : c.3779+35:PIK3C2G_chr12:g.18912315del,PRECISE,3to5,PIK3C2G-intragenic,DELETION,195848,Note: The PIK3C2G (NM_004570) rearrangement results in the deletion of PIK3C2G exons 28-32.,SOMATIC,5288.0
UC0wMDU5NzYwLVQwMS1JTTc6YnJlYXN0X21za18yMDI1,UC0wMDU5NzYwOmJyZWFzdF9tc2tfMjAyNQ,breast_msk_2025_structural_variants,P-0059760-T01-IM7,P-0059760,breast_msk_2025,PIK3C2G,NA,12,18577194,NA,NA,-1,Intron of PIK3C2G(+):221bp after exon 17,,,NA,1,26010210,NA,NA,-1,Intron of MAN1C1(+):3Kb before exon 2,NA,GRCh37,yes,unk,0,0,0,7,-1,8,-1,10,PIK3C2G (NM_004570) rearrangement: t(1;12)(p36.11;p12.3)(chr1:g.26010210::chr12:g.18577194),PRECISE,3to3,Antisense Fusion,TRANSLOCATION,0,Note: The PIK3C2G rearrangement is a translocation with a breakpoint in intron 17. Functional significance is undetermined.,SOMATIC,5288.0
UC0wMDE1MTQ4LVQwMS1JTTY6YnJlYXN0X21za18yMDI1,UC0wMDE1MTQ4OmJyZWFzdF9tc2tfMjAyNQ,breast_msk_2025_structural_variants,P-0015148-T01-IM6,P-0015148,breast_msk_2025,PIK3C2G,NA,12,18716243,NA,NA,-1,Intron of PIK3C2G(+): 68bp before exon 27,,,NA,12,18738792,NA,NA,-1,Intron of PIK3C2G(+): 9Kb before exon 29,NA,GRCh37,yes,unk,2844,5491,0,23,-1,23,-1,28,PIK3C2G (M_004570) rearrangement: c.3658-68_c.3889-8636dup,PRECISE,5to3,Duplication of 2 exons: in frame,DUPLICATION,22549,Note: The PIK3C2G rearrangement is an intragenic duplication of exons 27-28.,SOMATIC,5288.0
UC0wMDU4NDU3LVQwMS1JTTY6YnJlYXN0X21za18yMDI1,UC0wMDU4NDU3OmJyZWFzdF9tc2tfMjAyNQ,breast_msk_2025_structural_variants,P-0058457-T01-IM6,P-0058457,breast_msk_2025,PIK3C3,NA,18,20945317,NA,NA,-1,Intron of TMEM241(-):280bp after exon 11,85019.0,SLC35D4,NA,18,39637821,NA,NA,-1,Intron of PIK3C3(+):25bp before exon 22,NA,GRCh37,yes,unk,25562,67709,0,3,-1,3,-1,7,PIK3C3 (NM_002647) - TMEM241 (NM_032933) rearrangement: c.2264-26:PIK3C3_c.601+281:TMEM241inv,PRECISE,3to3,Protein Fusion: in frame  {PIK3C3:TMEM241},INVERSION,18692504,Note: The PIK3C3 - TMEM241 rearrangement is an inversion that results in a fusion of PIK3C3 exons 1 - 21 to TMEM241 exons 12 - 15. The fusion is predicted to be in frame. Functional significance is undetermined.,SOMATIC,5289.0
UC0wMDQzNTg4LVQwMy1JTTY6YnJlYXN0X21za18yMDI1,UC0wMDQzNTg4OmJyZWFzdF9tc2tfMjAyNQ,breast_msk_2025_structural_variants,P-0043588-T03-IM6,P-0043588,breast_msk_2025,PIK3CB,NA,3,138402476,NA,NA,-1,Intron of PIK3CB(-):43bp after exon 16,,,NA,3,142307679,NA,NA,-1,IGR: 8Kb before PLS1(+),NA,GRCh37,yes,unk,99935,107095,0,10,-1,10,-1,10,PIK3CB (NM_006219) rearrangement: c.2425+44:PIK3CB_chr3:g.142307679inv,PRECISE,5to5,PIK3CB-intragenic,INVERSION,3905203,Note: The PIK3CB rearrangement is an inversion of exons 1 - 16. Functional significance is undetermined.,SOMATIC,5291.0
UC0wMDE1MTE2LVQwMS1JTTY6YnJlYXN0X21za18yMDI1,UC0wMDE1MTE2OmJyZWFzdF9tc2tfMjAyNQ,breast_msk_2025_structural_variants,P-0015116-T01-IM6,P-0015116,breast_msk_2025,PIK3CB,NA,4,188952533,NA,NA,-1,IGR: 36Kb before ZFP42(+),,,NA,3,138456697,NA,NA,-1,Exon 4 of PIK3CB(-),NA,GRCh37,NA,NA,0,0,0,9,-1,-1,-1,-1,PIK3CB (NM_006219) rearrangement: t(3;4)(q22.3;q35.2)(chr3:g.138456697::chr4:g.188952533),PRECISE,5to5,PIK3CB-intragenic,TRANSLOCATION,0,Note: The PIK3CB (NM_006219) rearrangement is a translocation between PIK3CB exon4 with a genomic region on chromosome 4. The breakpoint is within PIK3CB exon4. The functional significance is undetermined.,SOMATIC,5291.0
UC0wMDE1MTE2LVQwNC1JTTY6YnJlYXN0X21za18yMDI1,UC0wMDE1MTE2OmJyZWFzdF9tc2tfMjAyNQ,breast_msk_2025_structural_variants,P-0015116-T04-IM6,P-0015116,breast_msk_2025,PIK3CB,NA,4,188952534,NA,NA,-1,IGR: 36Kb before ZFP42(+),,,NA,3,138456698,NA,NA,-1,Exon 4 of PIK3CB(-),NA,GRCh37,NA,NA,0,0,0,24,-1,-1,-1,-1,PIK3CB (NM_006219) rearrangement: t(3;4)(q22.3;q35.2)(chr3:g.138456698::chr4:g.188952534),PRECISE,5to5,PIK3CB-intragenic,TRANSLOCATION,0,Note: The PIK3CB rearrangement is a translocation with a breakpoint in exon 4. The functional significance is undetermined.,SOMATIC,5291.0
UC0wMDE1MTE2LVQwMy1JTTY6YnJlYXN0X21za18yMDI1,UC0wMDE1MTE2OmJyZWFzdF9tc2tfMjAyNQ,breast_msk_2025_structural_variants,P-0015116-T03-IM6,P-0015116,breast_msk_2025,PIK3CB,NA,4,188952534,NA,NA,-1,IGR: 36Kb before ZFP42(+),,,NA,3,138456698,NA,NA,-1,Exon 4 of PIK3CB(-),NA,GRCh37,NA,NA,0,0,0,6,-1,-1,-1,-1,PIK3CB (NM_006219) rearrangement: t(3;4)(q22.3;q35.2)(chr3:g.138456698::chr4:g.188952534),PRECISE,5to5,PIK3CB-intragenic,TRANSLOCATION,0,Note: The PIK3CB rearrangement is a translocation which may result in the truncation of exons 4-22. One of the breakpoints is within exon 4. Its functional significance is undetermined.,SOMATIC,5291.0
UC0wMDA3MjMxLVQwMi1JTTY6YnJlYXN0X21za18yMDI1,UC0wMDA3MjMxOmJyZWFzdF9tc2tfMjAyNQ,breast_msk_2025_structural_variants,P-0007231-T02-IM6,P-0007231,breast_msk_2025,PIK3CD,NA,1,9784296,NA,NA,-1,Intron of PIK3CD(+):37bp before exon 22,,,NA,1,31964370,NA,NA,-1,IGR: 7Kb before LINC01225(+),NA,GRCh37,NA,NA,560205,269462,0,11,-1,-1,-1,-1,PIK3CD (NM_005026) rearrangement: c.2719-38_g.31964370del,PRECISE,3to5,PIK3CD-intragenic,DELETION,22180074,Note: The PIK3CD rearrangement results in the deletion of exons 22-24. The functional significance is undetermined.,SOMATIC,5293.0
UC0wMDE1ODMxLVQwMS1JTTY6YnJlYXN0X21za18yMDI1,UC0wMDE1ODMxOmJyZWFzdF9tc2tfMjAyNQ,breast_msk_2025_structural_variants,P-0015831-T01-IM6,P-0015831,breast_msk_2025,PIK3CD,NA,1,9777305,NA,NA,-1,Intron of PIK3CD(+):139bp after exon 7,,,NA,1,9784836,NA,NA,-1,Intron of PIK3CD(+):25bp before exon 23,NA,GRCh37,NA,NA,28801,51798,1,54,-1,-1,-1,-1,PIK3CD (NM_005026) rearrangement: c.930+139_c.2865-26inv,PRECISE,3to5,Deletion of 15 exons : out of frame,DELETION,7531,Note: The PIK3CD rearrangement is an intragenic inversion of exons 8-22. The functional significance is undetermined.,SOMATIC,5293.0
UC0wMDA5NjAyLVQwMS1JTTU6YnJlYXN0X21za18yMDI1,UC0wMDA5NjAyOmJyZWFzdF9tc2tfMjAyNQ,breast_msk_2025_structural_variants,P-0009602-T01-IM5,P-0009602,breast_msk_2025,PIK3R1,NA,5,67590897,NA,NA,-1,Intron of PIK3R1(+): 79bp before exon 7,,,NA,5,67591960,NA,NA,-1,Intron of PIK3R1(+): 39bp before exon 9,NA,GRCh37,yes,unk,3435,4820,0,40,-1,42,-1,0,PIK3R1 (NM_181523) rearrangement: c.1569-79_c.1815-39inv,IMPRECISE,5to5,PIK3R1-intragenic,INVERSION,1063,Note: The PIK3R1 (NM_181523) rearrangement is an inversion of exons 13-15. The functional significance is undetermined.,SOMATIC,5295.0
UC0wMDEyNjAzLVQwMS1JTTU6YnJlYXN0X21za18yMDI1,UC0wMDEyNjAzOmJyZWFzdF9tc2tfMjAyNQ,breast_msk_2025_structural_variants,P-0012603-T01-IM5,P-0012603,breast_msk_2025,PIK3R1,NA,5,67592042,NA,NA,-1,Exon 9 of PIK3R1(+),,,NA,5,72437149,NA,NA,-1,IGR: 21Kb before TMEM171(+),NA,GRCh37,NA,NA,3976,5013,0,11,-1,-1,-1,-1,PIK3R1 (NM_181523) Rearrangement :  c.1858:PIK3R1_chr5:g.72437149inv,PRECISE,5to5,PIK3R1-intragenic,INVERSION,4845107,Note: The PIK3R1 rearrangement event results in the inversion of exons 15-16 of PIK3R1. One of the breakpoints is within exon 15. Its functional significance is undetermined.,SOMATIC,5295.0
UC0wMDM4OTgxLVQwMS1JTTY6YnJlYXN0X21za18yMDI1,UC0wMDM4OTgxOmJyZWFzdF9tc2tfMjAyNQ,breast_msk_2025_structural_variants,P-0038981-T01-IM6,P-0038981,breast_msk_2025,PIK3R1,NA,20,31923943,NA,NA,-1,IGR: 23Kb before CDK5RAP1(-),,,NA,5,67588853,NA,NA,-1,Intron of PIK3R1(+):75bp before exon 9,NA,GRCh37,yes,unk,0,0,0,8,-1,8,-1,10,PIK3R1 (NM_181523) rearrangement: t(5;20)(q13.1;q11.21)(chr5:g.67588853::chr20:g.31923943),PRECISE,3to5,PIK3R1-intragenic,TRANSLOCATION,0,Note: The PIK3R1 rearrangement is a translocation with a breakpoint in intron 8. Functional significance is undetermined.,SOMATIC,5295.0
UC0wMDU5MjMwLVQwMS1JTTc6YnJlYXN0X21za18yMDI1,UC0wMDU5MjMwOmJyZWFzdF9tc2tfMjAyNQ,breast_msk_2025_structural_variants,P-0059230-T01-IM7,P-0059230,breast_msk_2025,PIK3R1,NA,5,67591473,NA,NA,-1,Intron of PIK3R1(+):157bp after exon 14,,,NA,5,67599611,NA,NA,-1,Promoter of PIK3R1(+):88Kb from tx start,NA,GRCh37,yes,unk,4043,3031,0,48,-1,41,-1,10,PIK3R1 (NM_181523) rearrangement: c.1814+157:PIK3R1_chr5:g.67599611del,PRECISE,3to5,Deletion within transcript,DELETION,8138,Note: The PIK3R1 rearrangement is a deletion of exons 15 - 16.,SOMATIC,5295.0
UC0wMDM4NjczLVQwMS1JTTY6YnJlYXN0X21za18yMDI1,UC0wMDM4NjczOmJyZWFzdF9tc2tfMjAyNQ,breast_msk_2025_structural_variants,P-0038673-T01-IM6,P-0038673,breast_msk_2025,PIK3R1,NA,5,67591217,NA,NA,-1,Intron of PIK3R1(+):30bp before exon 14,,,NA,5,67594718,NA,NA,-1,3-UTR of PIK3R1(+):72Kb after coding stop,NA,GRCh37,yes,unk,2205,2270,0,14,-1,14,-1,10,PIK3R1 (NM_181523) Rearrangement : c.1746-31_c.*1289del,PRECISE,3to5,PIK3R1-intragenic,DELETION,3501,Note: The PIK3R1 Rearrangement results in the intragenic deletion of exons of PIK3R1. One of the breakpoints is within the 3-UTR region after the transcription stop site (TSS). Its functional significance is undetermined.,SOMATIC,5295.0
UC0wMDM4NTAxLVQwMS1JTTY6YnJlYXN0X21za18yMDI1,UC0wMDM4NTAxOmJyZWFzdF9tc2tfMjAyNQ,breast_msk_2025_structural_variants,P-0038501-T01-IM6,P-0038501,breast_msk_2025,PIK3R1,NA,8,74337636,NA,NA,-1,Intron of STAU2(-):3Kb before exon 14,,,NA,5,67591275,NA,NA,-1,Exon 14 of PIK3R1(+),NA,GRCh37,yes,unk,0,0,0,8,-1,8,-1,10,PIK3R1 (NM_181523) rearrangement: t(5;8)(q13.1;q21.11)(chr5:g.67591275::chr8:g.74337636),PRECISE,3to5,PIK3R1-intragenic,TRANSLOCATION,0,Note: The PIK3R1 rearrangement is a translocation with a breakpoint in exon 14. Its functional significance is undetermined.,SOMATIC,5295.0
UC0wMDQ2OTc0LVQwMS1JTTY6YnJlYXN0X21za18yMDI1,UC0wMDQ2OTc0OmJyZWFzdF9tc2tfMjAyNQ,breast_msk_2025_structural_variants,P-0046974-T01-IM6,P-0046974,breast_msk_2025,PIK3R2,NA,19,13880962,NA,NA,-1,Intron of MRI1(+):1Kb after exon 5,84245.0,MRI1,NA,19,18274231,NA,NA,-1,Intron of PIK3R2(+):33bp after exon 11,NA,GRCh37,yes,unk,269589,448970,0,43,-1,40,-1,10,PIK3R2 (NM_005027) - MRI1 (NM_001031727) rearrangement: c.1416+33:PIK3R2_c.949+1100:MRI1dup,PRECISE,5to3,Protein Fusion: out of frame  {PIK3R2:MRI1},DUPLICATION,4393269,Note: The PIK3R2 - MRI1 rearrangement is a duplication that results in a fusion of PIK3R2 exons 1 - 11 to MRI1 exon 6. Functional significance is undetermined. Multiple rearrangements involving PIK3R2 were detected in this sample and a more complex rearra,SOMATIC,5296.0
UC0wMDQ2OTc0LVQwMi1JTTY6YnJlYXN0X21za18yMDI1,UC0wMDQ2OTc0OmJyZWFzdF9tc2tfMjAyNQ,breast_msk_2025_structural_variants,P-0046974-T02-IM6,P-0046974,breast_msk_2025,PIK3R2,NA,19,13880962,NA,NA,-1,Intron of MRI1(+):1Kb after exon 5,84245.0,MRI1,NA,19,18274231,NA,NA,-1,Intron of PIK3R2(+):33bp after exon 11,NA,GRCh37,yes,unk,345885,407530,0,18,-1,18,-1,10,PIK3R2 (NM_005027) - MRI1 (NM_001031727) rearrangement: c.1416+33:PIK3R2_c.949+1100:MRI1dup,PRECISE,5to3,Protein Fusion: out of frame  {PIK3R2:MRI1},DUPLICATION,4393269,Note: The PIK3R2 - MRI1 rearrangement is a duplication that results in a fusion of PIK3R2 exons 1 - 11 to MRI1 exon 6. Functional significance is undetermined. Multiple rearrangements involving PIK3R2 were detected in this sample and a more complex rearra,SOMATIC,5296.0
UC0wMDExMzIxLVQwMS1JTTU6YnJlYXN0X21za18yMDI1,UC0wMDExMzIxOmJyZWFzdF9tc2tfMjAyNQ,breast_msk_2025_structural_variants,P-0011321-T01-IM5,P-0011321,breast_msk_2025,PIK3R2,NA,19,18273285,NA,NA,-1,Exon 9 of PIK3R2(+),148206.0,ZNF714,NA,19,21282885,NA,NA,-1,Intron of ZNF714(+): 1Kb after exon 4,NA,GRCh37,yes,unk,39676,40593,0,33,-1,45,-1,39,PIK3R2 (NM_005027) - ZNF714 (NM_18251) rearrangement: c.1078:PIK3R2_c.142+1169:ZNF714del,PRECISE,3to5,Protein fusion: mid-exon (PIK3R2-ZNF714),DELETION,3009600,Note: The PIK3R2 - ZNF714 rearrangement is a deletion which results in the fusion of PIK3R2 exons 1-9 with ZNF714 exon 5. One of the breakpoints is within exon 9 of PIK3R2. The functional significance is undetermined.,SOMATIC,5296.0
UC0wMDI2NjE1LVQwMi1JTTY6YnJlYXN0X21za18yMDI1,UC0wMDI2NjE1OmJyZWFzdF9tc2tfMjAyNQ,breast_msk_2025_structural_variants,P-0026615-T02-IM6,P-0026615,breast_msk_2025,PLAT,NA,NA,-1,NA,NA,-1,NA,3084.0,NRG1,NA,NA,-1,NA,NA,-1,NA,NA,GRCh37,yes,unk,-1,-1,-1,-1,-1,-1,-1,-1,POSITIVE FOR GENE FUSIONS IN THE INVESTIGATIONAL PANEL: PLAT-NRG1 fusion. Note: The rearrangement is an in-frame fusion between genes PLAT Exon6 (NM_000930) and NRG1 Exon6 (NM_004495).,NA,NA,PLAT-NRG1 Fusion - Archer,NA,-1,Lab Notes Run Number: ArcherV3-CLIN-20190010 Macro-dissection: Unknown,SOMATIC,5327.0
UC0wMDA0ODM1LVQwMS1JTTU6YnJlYXN0X21za18yMDI1,UC0wMDA0ODM1OmJyZWFzdF9tc2tfMjAyNQ,breast_msk_2025_structural_variants,P-0004835-T01-IM5,P-0004835,breast_msk_2025,PLEKHO2,NA,15,65136002,NA,NA,-1,Intron of PLEKHO2(+): 2Kb after exon 1,5604.0,MAP2K1,NA,15,66782890,NA,NA,-1,Exon 11 of MAP2K1(+),NA,GRCh37,yes,unk,23177,22897,0,17,-1,18,-1,25,MAP2K1 (NM_002755) - PLEKHO2 (NM_025201) rearrangement : c.1119:MAP2K1_c.12+1775:PLEKHO2dup,PRECISE,5to3,Protein fusion: mid-exon (MAP2K1-PLEKHO2),DUPLICATION,1646888,Note: The MAP2K1 (NM_002755) - PLEKHO2 (NM_025201) rearrangement event is a duplication which results in the fusion of MAP2K1 exons 1-11 with PLEKHO2 exons 2-6. One of the breakpoints is with MAP2K1 exon11.,SOMATIC,80301.0
UC0wMDMzNDkyLVQwMS1JTTY6YnJlYXN0X21za18yMDI1,UC0wMDMzNDkyOmJyZWFzdF9tc2tfMjAyNQ,breast_msk_2025_structural_variants,P-0033492-T01-IM6,P-0033492,breast_msk_2025,PLK2,NA,5,57364816,NA,NA,-1,IGR: 39Kb before LOC101928569(-),,,NA,5,57753183,NA,NA,-1,Exon 7 of PLK2(-),NA,GRCh37,NA,NA,9562,13186,0,10,-1,-1,-1,-1,PLK2 (NM_006622) rearrangement: c.833:PLK2_chr5:g.57364816dup,PRECISE,5to3,PLK2-intragenic,DUPLICATION,388367,Note: The PLK2 rearrangement results in the duplication of exons 7-14. One of the breakpoints is within exon 7. The functional significance is undetermined.,SOMATIC,10769.0
UC0wMDMwNjE3LVQwMS1JTTY6YnJlYXN0X21za18yMDI1,UC0wMDMwNjE3OmJyZWFzdF9tc2tfMjAyNQ,breast_msk_2025_structural_variants,P-0030617-T01-IM6,P-0030617,breast_msk_2025,PLK2,NA,5,57749990,NA,NA,-1,3-UTR of PLK2(-):419bp after coding stop,,,NA,5,57752679,NA,NA,-1,Intron of PLK2(-):92bp after exon 8,NA,GRCh37,NA,NA,5794,5565,0,17,-1,-1,-1,-1,PLK2 (NM_006622) Rearrangement: c.*420_c.1156+93del,PRECISE,3to5,PLK2-intragenic,DELETION,2689,Note: The PLK2 rearrangement is an intragenic deletion of exons 9 to 14. The functional significance is undetermined.,SOMATIC,10769.0
UC0wMDQ2OTc0LVQwMi1JTTY6YnJlYXN0X21za18yMDI1,UC0wMDQ2OTc0OmJyZWFzdF9tc2tfMjAyNQ,breast_msk_2025_structural_variants,P-0046974-T02-IM6,P-0046974,breast_msk_2025,PLK2,NA,5,57752983,NA,NA,-1,Intron of PLK2(-):24bp after exon 7,,,NA,5,113215171,NA,NA,-1,IGR: 366Kb before YTHDC2(+),NA,GRCh37,yes,unk,208635,217994,0,35,-1,38,-1,10,PLK2 (NM_006622) rearrangement: c.1008+25:PLK2_chr5:g.113215171inv,PRECISE,3to3,PLK2-intragenic,INVERSION,55462188,Note: The PLK2 rearrangement is an inversion of exons 1 - 7. The rearrangement includes the kinase domain of PLK2. Functional significance is undetermined.,SOMATIC,10769.0
UC0wMDQ2OTc0LVQwMS1JTTY6YnJlYXN0X21za18yMDI1,UC0wMDQ2OTc0OmJyZWFzdF9tc2tfMjAyNQ,breast_msk_2025_structural_variants,P-0046974-T01-IM6,P-0046974,breast_msk_2025,PLK2,NA,5,57752983,NA,NA,-1,Intron of PLK2(-):24bp after exon 7,,,NA,5,113215171,NA,NA,-1,IGR: 366Kb before YTHDC2(+),NA,GRCh37,yes,unk,133811,156942,0,31,-1,28,-1,10,PLK2 (NM_006622) rearrangement: c.1008+25:PLK2_chr5:g.113215171inv,PRECISE,3to3,PLK2-intragenic,INVERSION,55462188,Note: The PLK2 rearrangement is an inversion of exons 1 - 7. The rearrangement includes the kinase domain of PLK2. Functional significance is undetermined.,SOMATIC,10769.0
UC0wMDI1MzM1LVQwMS1JTTY6YnJlYXN0X21za18yMDI1,UC0wMDI1MzM1OmJyZWFzdF9tc2tfMjAyNQ,breast_msk_2025_structural_variants,P-0025335-T01-IM6,P-0025335,breast_msk_2025,PLXDC1,NA,17,37267041,NA,NA,-1,Intron of PLXDC1(-):1Kb before exon 3,8313.0,AXIN2,NA,17,63554239,NA,NA,-1,Exon 2 of AXIN2(-),NA,GRCh37,yes,unk,334628,569433,0,16,-1,16,-1,10,PLXDC1 (NM_020405) - AXIN2 (NM_004655) rearrangement: c.256-1397:PLXDC1_c.500:AXIN2dup,PRECISE,5to3,Protein Fusion: mid-exon  {PLXDC1:AXIN2},DUPLICATION,26287198,Note: The PLXDC1 - AXIN2 rearrangement is a duplication that results in the fusion of PLXDC1 exons 1-2 with AXIN2 exons 2-11. One of the breakpoints is within AXIN2 exon 2. The functional significance is undetermined.,SOMATIC,57125.0
UC0wMDM1MDAzLVQwMS1JTTY6YnJlYXN0X21za18yMDI1,UC0wMDM1MDAzOmJyZWFzdF9tc2tfMjAyNQ,breast_msk_2025_structural_variants,P-0035003-T01-IM6,P-0035003,breast_msk_2025,PMS1,NA,2,190670379,NA,NA,-1,Exon 4 of PMS1(+),,,NA,2,190675541,NA,NA,-1,Intron of PMS1(+):5Kb after exon 4,NA,GRCh37,NA,NA,648,1280,0,36,-1,-1,-1,-1,PMS1 (NM_000534)  rearrangement: c.317_c.418+5061dup,PRECISE,5to3,Duplication within transcript : mid-exon,DUPLICATION,5162,Note: The PMS1 rearrangement is an intragenic duplication of exon 4. One of the breakpoints is within exon. The functional significance is undetermined.,SOMATIC,5378.0
UC0wMDM0Mzg1LVQwMi1JTTY6YnJlYXN0X21za18yMDI1,UC0wMDM0Mzg1OmJyZWFzdF9tc2tfMjAyNQ,breast_msk_2025_structural_variants,P-0034385-T02-IM6,P-0034385,breast_msk_2025,PNPLA7,NA,9,139564191,NA,NA,-1,Intron of EGFL7(+):18bp after exon 4,51162.0,EGFL7,NA,9,140375889,NA,NA,-1,Intron of PNPLA7(-):414bp before exon 22,NA,GRCh37,NA,NA,33794,61154,0,13,-1,-1,-1,-1,PNPLA7 (NM_001098537) - EGFL7 (NM_201446) rearrangement: c.2348-414:PNPLA7_c.313+18:EGFL7inv,PRECISE,5to5,Protein Fusion: in frame  {PNPLA7:EGFL7},INVERSION,811698,Note: The PNPLA7 - EGFL7 rearrangement is an inversion that results in the in-frame fusion of PNPLA7 exons 1-21 with EGFL7 exons 5-9. The functional significance is undetermined. Multiple rearrangements involving EGFL7 were detected in this sample and a m,SOMATIC,375775.0
UC0wMDM0Mzg1LVQwMS1JTTY6YnJlYXN0X21za18yMDI1,UC0wMDM0Mzg1OmJyZWFzdF9tc2tfMjAyNQ,breast_msk_2025_structural_variants,P-0034385-T01-IM6,P-0034385,breast_msk_2025,PNPLA7,NA,9,139564191,NA,NA,-1,Intron of EGFL7(+):18bp after exon 4,51162.0,EGFL7,NA,9,140375889,NA,NA,-1,Intron of PNPLA7(-):414bp before exon 22,NA,GRCh37,NA,NA,27723,45862,0,3,-1,-1,-1,-1,PNPLA7 (NM_001098537) - EGFL7 (NM_201446) rearrangement: c.2348-414:PNPLA7_c.313+18:EGFL7inv,PRECISE,5to5,Protein Fusion: in frame  {PNPLA7:EGFL7},INVERSION,811698,Note: The PNPLA7 - EGFL7 rearrangement is an inversion which results in the fusion of PNPLA7 exons 1-21 with EGFL7 exons 5-9. Its functional significance is undetermined.,SOMATIC,375775.0
UC0wMDE0NjI2LVQwMS1JTTY6YnJlYXN0X21za18yMDI1,UC0wMDE0NjI2OmJyZWFzdF9tc2tfMjAyNQ,breast_msk_2025_structural_variants,P-0014626-T01-IM6,P-0014626,breast_msk_2025,POLD1,NA,19,50919623,NA,NA,-1,Intron of POLD1(+): 30bp before exon 23,10250.0,SRRM1,NA,1,24979609,NA,NA,-1,Intron of SRRM1(+): 86bp after exon 8,NA,GRCh37,yes,unk,0,0,0,51,-1,56,-1,0,SRRM1 (NM_005839) - POLD1 (NM_002691) rearrangement: t(1;19)(p36.11;q13.33)(chr1:g.24979609::chr19:g.50919623),IMPRECISE,5to3,Protein fusion: out of frame (SRRM1-POLD1),TRANSLOCATION,0,Note: The SRRM1 - POLD1 rearrangement is a translocation which results in the fusion of SRRM1 exon 8 to POLD1 exon 23. The functional significance is undetermined.,SOMATIC,5424.0
UC0wMDA1MDcwLVQwMS1JTTU6YnJlYXN0X21za18yMDI1,UC0wMDA1MDcwOmJyZWFzdF9tc2tfMjAyNQ,breast_msk_2025_structural_variants,P-0005070-T01-IM5,P-0005070,breast_msk_2025,POLE,NA,12,133201823,NA,NA,-1,Intron of POLE(-): 243bp before exon 48,,,NA,12,133219398,NA,NA,-1,Intron of POLE(-): 8bp after exon 36,NA,GRCh37,yes,unk,22740,18040,0,26,-1,25,-1,56,POLE (NM_006231)  Rearrangement:  c.6658-243_4728+8inv,PRECISE,5to5,Antisense fusion,INVERSION,17575,Note: The POLE (NM_006231)  Rearrangement results in the intragenic inversion of exons 37 to 47.Its functional significance is undetermined.,SOMATIC,5426.0
UC0wMDMyNjA3LVQwMS1JTTY6YnJlYXN0X21za18yMDI1,UC0wMDMyNjA3OmJyZWFzdF9tc2tfMjAyNQ,breast_msk_2025_structural_variants,P-0032607-T01-IM6,P-0032607,breast_msk_2025,POLE,NA,12,133240846,NA,NA,-1,Intron of POLE(-):109bp after exon 22,,,NA,12,133288592,NA,NA,-1,Intron of PGAM5(+):939bp after exon 1,NA,GRCh37,NA,NA,32624,15819,0,11,-1,-1,-1,-1,POLE (NM_006231) rearrangement: c.2561+110:POLE_chr12:g.133288592del,PRECISE,3to5,POLE-intragenic,DELETION,47746,Note: The POLE rearrangement results in the deletion of exons 1-22. The functional significance is undetermined.,SOMATIC,5426.0
UC0wMDMyNzIxLVQwMS1JTTY6YnJlYXN0X21za18yMDI1,UC0wMDMyNzIxOmJyZWFzdF9tc2tfMjAyNQ,breast_msk_2025_structural_variants,P-0032721-T01-IM6,P-0032721,breast_msk_2025,POLE,NA,12,133117647,NA,NA,-1,Intron of FBRSL1(+):7Kb before exon 5,,,NA,12,133249816,NA,NA,-1,Exon 14 of POLE(-),NA,GRCh37,NA,NA,49346,89694,0,32,-1,-1,-1,-1,POLE (NM_006231) rearrangement: chr12:g/133117647_c.1407:POLEdup,PRECISE,5to3,POLE-intragenic,DUPLICATION,132169,Note: The POLE rearrangement is a duplication that includes POLE exons 14-49. One of the breakpoints is within exon 14. The functional significance is undetermined.,SOMATIC,5426.0
UC0wMDI1OTgwLVQwMS1JTTY6YnJlYXN0X21za18yMDI1,UC0wMDI1OTgwOmJyZWFzdF9tc2tfMjAyNQ,breast_msk_2025_structural_variants,P-0025980-T01-IM6,P-0025980,breast_msk_2025,POLE,NA,12,133216982,NA,NA,-1,Intron of POLE(-):1Kb before exon 40,,,NA,12,133244941,NA,NA,-1,Exon 19 of POLE(-),NA,GRCh37,yes,unk,32545,48510,0,17,-1,16,-1,10,POLE (NM_006231) Rearrangement :  c.2173+1_c.5379-1098del,PRECISE,3to5,Deletion within transcript : mid-exon,DELETION,27959,Note: The POLE Rearrangement results in the deletion of exons 19-39. One of the breakpoints is within exon 19. Its functional significance is undetermined.,SOMATIC,5426.0
UC0wMDEyNTcyLVQwMi1JTTY6YnJlYXN0X21za18yMDI1,UC0wMDEyNTcyOmJyZWFzdF9tc2tfMjAyNQ,breast_msk_2025_structural_variants,P-0012572-T02-IM6,P-0012572,breast_msk_2025,POLE,NA,12,133256447,NA,NA,-1,Intron of POLE(-):92bp after exon 5,,,NA,12,133257842,NA,NA,-1,Exon 2 of POLE(-),NA,GRCh37,yes,unk,7466,7143,0,47,-1,42,-1,10,POLE (NM_006231) rearrangement: c.86_c.423+93dup,PRECISE,5to3,Duplication within transcript : mid-exon,DUPLICATION,1395,"Note: The POLE rearrangement is an intragenic duplication of exons 2-5, which includes a part of the POLE exonuclease domain. One of the breakpoints is within exon 2.",SOMATIC,5426.0
UC0wMDIzMzIxLVQwMy1JTTY6YnJlYXN0X21za18yMDI1,UC0wMDIzMzIxOmJyZWFzdF9tc2tfMjAyNQ,breast_msk_2025_structural_variants,P-0023321-T03-IM6,P-0023321,breast_msk_2025,POLE,NA,12,133226395,NA,NA,-1,Exon 30 of POLE(-),2802.0,GOLGA3,NA,12,133384219,NA,NA,-1,Intron of GOLGA3(-):257bp after exon 5,NA,GRCh37,yes,unk,46862,63994,0,31,-1,31,-1,10,POLE (NM_006231) - GOLGA3 (NM_005895) rearrangement: c.3663:POLE_c.1178+258:GOLGA3dup,PRECISE,5to3,Protein Fusion: mid-exon  {POLE:GOLGA3},DUPLICATION,157824,Note: The POLE - GOLGA3 rearrangement is a duplication which results in the fusion of POLE exons 1-30 with GOLGA3 exons 6-24. Its functional significance is undetermined.,SOMATIC,5426.0
UC0wMDM0MjM2LVQwMS1JTTY6YnJlYXN0X21za18yMDI1,UC0wMDM0MjM2OmJyZWFzdF9tc2tfMjAyNQ,breast_msk_2025_structural_variants,P-0034236-T01-IM6,P-0034236,breast_msk_2025,PPM1D,NA,17,58711289,NA,NA,-1,Exon 3 of PPM1D(+),,,NA,17,75815341,NA,NA,-1,IGR: 60Kb before FLJ45079(-),NA,GRCh37,NA,NA,139680,320697,0,50,-1,-1,-1,-1,PPM1D (NM_003620) rearrangement: c.777_chr17:g.75815341inv,PRECISE,5to5,PPM1D-intragenic,INVERSION,17104052,Note: The PPM1D rearrangement is an inversion that includes PPM1D exons 3-6. One of the breakpoints is within exon 3. The functional significance is undetermined.,SOMATIC,8493.0
UC0wMDI4Mjg5LVQwMS1JTTY6YnJlYXN0X21za18yMDI1,UC0wMDI4Mjg5OmJyZWFzdF9tc2tfMjAyNQ,breast_msk_2025_structural_variants,P-0028289-T01-IM6,P-0028289,breast_msk_2025,PPM1D,NA,17,58740285,NA,NA,-1,Intron of PPM1D(+):70bp before exon 6,,,NA,1,216077920,NA,NA,-1,Intron of USH2A(-):4Kb before exon 39,NA,GRCh37,NA,NA,0,0,1,92,-1,-1,-1,-1,PPM1D (NM_003620) rearrangement: 1;17)(q41;q23.2)(chr1:g.216077920chr17:g.58740285),PRECISE,5to3,PPM1D-intragenic,TRANSLOCATION,0,Note: The PPM1D rearrangement is a translocation involving exon 6. Its functional significance is undetermined.,SOMATIC,8493.0
UC0wMDU0ODk0LVQwMS1JTTY6YnJlYXN0X21za18yMDI1,UC0wMDU0ODk0OmJyZWFzdF9tc2tfMjAyNQ,breast_msk_2025_structural_variants,P-0054894-T01-IM6,P-0054894,breast_msk_2025,PPM1D,NA,17,52045118,NA,NA,-1,IGR: 145Kb before KIF2B(+),,,NA,17,58678236,NA,NA,-1,Exon 1 of PPM1D(+),NA,GRCh37,yes,unk,73138,242009,0,42,-1,41,-1,10,PPM1D (NM_003620) rearrangement: chr17:g.52045118_c.461:PPM1Ddel,PRECISE,3to5,PPM1D-intragenic,DELETION,6633118,Note: The PPM1D rearrangement is a deletion of exons 1. One of the breakpoints is within exon 1.,SOMATIC,8493.0
UC0wMDM3MDg4LVQwMi1JTTc6YnJlYXN0X21za18yMDI1,UC0wMDM3MDg4OmJyZWFzdF9tc2tfMjAyNQ,breast_msk_2025_structural_variants,P-0037088-T02-IM7,P-0037088,breast_msk_2025,PPM1D,NA,17,58677871,NA,NA,-1,Exon 1 of PPM1D(+),,,NA,17,61625260,NA,NA,-1,3-UTR of KCNH6(+):24Kb after coding stop,NA,GRCh37,yes,unk,56487,149973,0,31,-1,26,-1,10,PPM1D (NM_003620) rearrangement: c.96:PPM1D_chr17:g.61625260inv,PRECISE,5to5,PPM1D-intragenic,INVERSION,2947389,Note: The PPM1D rearrangement is an inversion of exons 1 - 6. One of the breakpoints is within exon 1. Functional significance is undetermined.,SOMATIC,8493.0
UC0wMDEwNTM3LVQwMS1JTTU6YnJlYXN0X21za18yMDI1,UC0wMDEwNTM3OmJyZWFzdF9tc2tfMjAyNQ,breast_msk_2025_structural_variants,P-0010537-T01-IM5,P-0010537,breast_msk_2025,PPP2R1A,NA,19,52724231,NA,NA,-1,Intron of PPP2R1A(+): 1bp before exon 12,,,NA,10,95055215,NA,NA,-1,IGR: 11Kb before MYOF(-),NA,GRCh37,yes,unk,0,0,0,40,-1,40,-1,48,PPP2R1A (NM_014225) rearrangement: t(10;19)(q23.33;q13.41)(chr10:g.95055215::chr19:g.52724231),PRECISE,5to5,PPP2R1A-intragenic,TRANSLOCATION,0,Note: The PPP2R1A rearrangement is a translocation which may result in the truncation of PPP2R1A exons 12-15. The breakpoint is within exon 12. The functional significance of this rearrangement is undetermined.,SOMATIC,5518.0
UC0wMDIxMTczLVQwMS1JTTY6YnJlYXN0X21za18yMDI1,UC0wMDIxMTczOmJyZWFzdF9tc2tfMjAyNQ,breast_msk_2025_structural_variants,P-0021173-T01-IM6,P-0021173,breast_msk_2025,PPP2R1A,NA,19,52693375,NA,NA,-1,Exon 1 of PPP2R1A(+),,,NA,19,56185948,NA,NA,-1,3-UTR of U2AF2(+):19Kb after coding stop,NA,GRCh37,NA,NA,41331,36510,0,25,-1,-1,-1,-1,PPP2R1A (NM_014225) rearrangement: c.26:PPP2R1A_chr19:g.56185948inv,PRECISE,5to5,PPP2R1A-intragenic,INVERSION,3492573,Note: The PPP2R1A rearrangement is an inversion with a breakpoint in exon 1. The presence of multiple structural variants involving PPP2R1A suggests a complex rearrangement. The functional significance is undetermined.,SOMATIC,5518.0
UC0wMDIxMTczLVQwMS1JTTY6YnJlYXN0X21za18yMDI1,UC0wMDIxMTczOmJyZWFzdF9tc2tfMjAyNQ,breast_msk_2025_structural_variants,P-0021173-T01-IM6,P-0021173,breast_msk_2025,PPP2R1A,NA,19,52692916,NA,NA,-1,Promoter of PPP2R1A(+):138bp from tx start,,,NA,19,52693603,NA,NA,-1,Intron of PPP2R1A(+):176bp after exon 1,NA,GRCh37,NA,NA,3296,3061,0,6,-1,-1,-1,-1,PPP2R1A (NM_014225) rearrangement: c.-434_c.78+176dup,PRECISE,5to3,Duplication within transcript,DUPLICATION,687,Note: The PPP2R1A rearrangement is a tandem duplication involving exon 1. The functional significance is undetermined.,SOMATIC,5518.0
UC0wMDE1NjQwLVQwMS1JTTY6YnJlYXN0X21za18yMDI1,UC0wMDE1NjQwOmJyZWFzdF9tc2tfMjAyNQ,breast_msk_2025_structural_variants,P-0015640-T01-IM6,P-0015640,breast_msk_2025,PPP2R1A,NA,19,52716189,NA,NA,-1,Intron of PPP2R1A(+): 19bp before exon 6,90333.0,ZNF468,NA,19,53344778,NA,NA,-1,Exon 5 of ZNF468(-),NA,GRCh37,yes,unk,17676,22834,0,104,-1,102,-1,71,PPP2R1A (NM_014225) rearrangement: c.652-19_chr19:g.53344778del,PRECISE,3to5,Antisense fusion,DELETION,628589,Note: The PPP2R1A rearrangement is a deletion of exons 6-15.,SOMATIC,5518.0
UC0wMDA5NzkxLVQwMi1JTTY6YnJlYXN0X21za18yMDI1,UC0wMDA5NzkxOmJyZWFzdF9tc2tfMjAyNQ,breast_msk_2025_structural_variants,P-0009791-T02-IM6,P-0009791,breast_msk_2025,PPP6C,NA,9,127916048,NA,NA,-1,Intron of PPP6C(-):27bp before exon 6,,,NA,9,133439774,NA,NA,-1,IGR: 13Kb before LOC100272217(-),NA,GRCh37,yes,unk,28626,38322,0,5,-1,5,-1,10,PPP6C (NM_002721) rearrangement: c.460-27:PPP6C_chr9:g.133439774inv,PRECISE,5to5,PPP6C-intragenic,INVERSION,5523726,Note: The PPP6C rearrangement is an inversion of exons 1 - 5. Functional significance is undetermined.,SOMATIC,5537.0
UC0wMDA5NzkxLVQwMS1JTTU6YnJlYXN0X21za18yMDI1,UC0wMDA5NzkxOmJyZWFzdF9tc2tfMjAyNQ,breast_msk_2025_structural_variants,P-0009791-T01-IM5,P-0009791,breast_msk_2025,PPP6C,NA,9,127916047,NA,NA,-1,Intron of PPP6C(-): 26bp before exon 6,,,NA,9,133439773,NA,NA,-1,IGR: 13Kb before LOC100272217(-),NA,GRCh37,yes,unk,19204,18660,0,7,-1,7,-1,6,PPP6C (NM_002721) Rearrangement :  c.460-26:PPP6C_chr9:g.133439773inv,PRECISE,5to5,PPP6C-intragenic,INVERSION,5523726,Note: The PPP6C (NM_002721) Rearrangement results in the inversion of exons1-5 of PPP6C.Its functional significance is undetermined.,SOMATIC,5537.0
UC0wMDMyNzE5LVQwMS1JTTY6YnJlYXN0X21za18yMDI1,UC0wMDMyNzE5OmJyZWFzdF9tc2tfMjAyNQ,breast_msk_2025_structural_variants,P-0032719-T01-IM6,P-0032719,breast_msk_2025,PRDM11,NA,11,45134388,NA,NA,-1,5-UTR of PRDM11(+):112Kb before coding start,4361.0,MRE11,NA,11,94169048,NA,NA,-1,Exon 18 of MRE11A(-),NA,GRCh37,yes,unk,189602,327574,0,22,-1,22,-1,10,MRE11A (NM_005591) rearrangment: chr11:g.45134388_c.1944:MRE11Ainv,PRECISE,3to3,Protein Fusion: mid-exon  {PRDM11:MRE11A},INVERSION,49034660,Note: The MRE11A rearrangement is an inversion that includes MRE11A exons 18-20. One of the breakpoints is within exon 18. The functional significance is undetermined.,SOMATIC,56981.0
UC0wMDM1NTMzLVQwMS1JTTY6YnJlYXN0X21za18yMDI1,UC0wMDM1NTMzOmJyZWFzdF9tc2tfMjAyNQ,breast_msk_2025_structural_variants,P-0035533-T01-IM6,P-0035533,breast_msk_2025,PRDM14,NA,8,41231148,NA,NA,-1,IGR: 112Kb before SFRP1(-),,,NA,8,70978656,NA,NA,-1,Exon 5 of PRDM14(-),NA,GRCh37,NA,NA,98814,161703,0,18,-1,-1,-1,-1,PRDM14 (NM_024504) rearrangement: c.997:PRDM14_chr8:g.41231148del,PRECISE,3to5,PRDM14-intragenic,DELETION,29747508,Note: the PRDM14 rearrangement is a deletion of exons 1-5. One of the breakpoints is within exon 5. Its functional significance is undetermined.,SOMATIC,63978.0
UC0wMDM0MzQ5LVQwMS1JTTY6YnJlYXN0X21za18yMDI1,UC0wMDM0MzQ5OmJyZWFzdF9tc2tfMjAyNQ,breast_msk_2025_structural_variants,P-0034349-T01-IM6,P-0034349,breast_msk_2025,PRDM14,NA,8,37219767,NA,NA,-1,IGR: 44Kb before LOC100507420(-),,,NA,8,70981483,NA,NA,-1,Exon 2 of PRDM14(-),NA,GRCh37,NA,NA,225929,384309,0,3,-1,-1,-1,-1,PRDM14 (NM_024504) rearrangement: c.613:PRDM14_chr8:g.37219767dup,PRECISE,5to3,PRDM14-intragenic,DUPLICATION,33761716,Note: The PRDM14 rearrangement results in the duplication of exons 2-8. One of the breakpoints is within exon 2. The functional significance is undetermined.,SOMATIC,63978.0
UC0wMDAyOTk1LVQwMy1JTTY6YnJlYXN0X21za18yMDI1,UC0wMDAyOTk1OmJyZWFzdF9tc2tfMjAyNQ,breast_msk_2025_structural_variants,P-0002995-T03-IM6,P-0002995,breast_msk_2025,PREX2,NA,8,68982303,NA,NA,-1,Intron of PREX2(+):184bp after exon 13,,,NA,8,75336721,NA,NA,-1,IGR: 74Kb before GDAP1(+),NA,GRCh37,NA,NA,79589,100504,0,7,-1,-1,-1,-1,PREX2 (NM_024870) Rearrangement : c.1493+184:PREX2_chr8:g.75336721,PRECISE,3to5,PREX2-intragenic,DELETION,6354418,Note: The PREX2  Rearrangement results in the deletion of exons 14-40. Its functional significance is undetermined.,SOMATIC,80243.0
UC0wMDUzNzM5LVQwMS1JTTY6YnJlYXN0X21za18yMDI1,UC0wMDUzNzM5OmJyZWFzdF9tc2tfMjAyNQ,breast_msk_2025_structural_variants,P-0053739-T01-IM6,P-0053739,breast_msk_2025,PRKAG2,NA,7,151397793,NA,NA,-1,Intron of PRKAG2(-):25Kb before exon 4,58508.0,KMT2C,NA,7,152007332,NA,NA,-1,Intron of KMT2C(-):172bp before exon 6,NA,GRCh37,yes,unk,90993,155945,0,13,-1,13,-1,10,PRKAG2 (NM_016203) - KMT2C (NM_170606) rearrangement: c.467-25070:PRKAG2_c.740-172:KMT2Cdup,PRECISE,5to3,Protein Fusion: in frame  {PRKAG2:KMT2C},DUPLICATION,609539,Note: The PRKAG2 - KMT2C rearrangement is a duplication that results in a fusion of PRKAG2 exons 1 - 3 to KMT2C exons 6 - 59. The fusion is predicted to be in frame. Functional significance is undetermined.,SOMATIC,51422.0
UC0wMDE2ODE1LVQwMS1JTTY6YnJlYXN0X21za18yMDI1,UC0wMDE2ODE1OmJyZWFzdF9tc2tfMjAyNQ,breast_msk_2025_structural_variants,P-0016815-T01-IM6,P-0016815,breast_msk_2025,PRKN,NA,6,158228249,NA,NA,-1,IGR: 16Kb before SNX9(+),,,NA,6,161969802,NA,NA,-1,Intron of PARK2(-):83bp after exon 9,NA,GRCh37,NA,NA,6501,9883,0,6,-1,-1,-1,-1,PARK2 (NM_004562) rearrangement: g.158228249_c.1083+84:PARK2inv,PRECISE,5to5,PARK2-intragenic,INVERSION,3741553,Note: The PARK2 rearrangement results in an inversion of exons 10-12. The functional significance is undetermined.,SOMATIC,5071.0
UC0wMDA0MzgxLVQwMi1JTTY6YnJlYXN0X21za18yMDI1,UC0wMDA0MzgxOmJyZWFzdF9tc2tfMjAyNQ,breast_msk_2025_structural_variants,P-0004381-T02-IM6,P-0004381,breast_msk_2025,PSMA7,NA,20,60713495,NA,NA,-1,Intron of PSMA7(-):149bp before exon 5,51750.0,RTEL1,NA,20,62316995,NA,NA,-1,Intron of RTEL1(+):45bp after exon 15,NA,GRCh37,NA,NA,28653,87254,0,34,-1,-1,-1,-1,PSMA7 (NM_002792) - RTEL1 (NM_032957) rearrangement: c.472-149:PSMA7_c.1338+45:RTEL1inv,PRECISE,5to5,Protein Fusion: in frame  {PSMA7:RTEL1},INVERSION,1603500,Note: The PSMA7 - RTEL1 rearrangement is an inversion that results in a fusion of PSMA7 exons 1 - 4 to RTEL1 exons 16 - 35. The fusion is predicted to be in frame. Functional significance is undetermined.,SOMATIC,5688.0
UC0wMDAwNDQ3LVQwMS1JTTM6YnJlYXN0X21za18yMDI1,UC0wMDAwNDQ3OmJyZWFzdF9tc2tfMjAyNQ,breast_msk_2025_structural_variants,P-0000447-T01-IM3,P-0000447,breast_msk_2025,PTEN,NA,10,89718714,NA,NA,-1,Intron of PTEN(+): 938bp after exon 7,,,NA,10,89720711,NA,NA,-1,Exon 8 of PTEN(+),NA,GRCh37,yes,unk,457,291,0,14,-1,21,-1,38,NA,PRECISE,5to3,Duplication within transcript: mid-exon,DUPLICATION,1997,NA,SOMATIC,5728.0
UC0wMDEwMDM1LVQwMi1JTTY6YnJlYXN0X21za18yMDI1,UC0wMDEwMDM1OmJyZWFzdF9tc2tfMjAyNQ,breast_msk_2025_structural_variants,P-0010035-T02-IM6,P-0010035,breast_msk_2025,PTEN,NA,10,89685667,NA,NA,-1,Intron of PTEN(+):353bp after exon 3,,,NA,10,89693310,NA,NA,-1,Intron of PTEN(+):302bp after exon 5,NA,GRCh37,yes,unk,2744,3156,0,6,-1,6,-1,9,PTEN (NM_000314) rearrangement: c.209+353_c.492+302dup,PRECISE,5to3,Duplication of 2 exons : out of frame,DUPLICATION,7643,Note: The PTEN rearrangement is an intragenic duplication of exons 4 - 5. Functional significance is undetermined.,SOMATIC,5728.0
UC0wMDA1MTc2LVQwMS1JTTU6YnJlYXN0X21za18yMDI1,UC0wMDA1MTc2OmJyZWFzdF9tc2tfMjAyNQ,breast_msk_2025_structural_variants,P-0005176-T01-IM5,P-0005176,breast_msk_2025,PTEN,NA,10,89687559,NA,NA,-1,Intron of PTEN(+): 2Kb after exon 3,,,NA,10,89720702,NA,NA,-1,Exon 8 of PTEN(+),NA,GRCh37,yes,unk,3435,3857,0,12,-1,14,-1,13,PTEN (NM_000314) rearrangement: c.209+2245_c.853dup,PRECISE,5to3,Duplication within transcript: mid-exon,DUPLICATION,33143,The PTEN (NM_000314) rearrangement is an intragenic duplication of exons 4-8. One of the breakpoints is within exon 8. The functional significance is undetermined.,SOMATIC,5728.0
UC0wMDEyNjc0LVQwMi1JTTY6YnJlYXN0X21za18yMDI1,UC0wMDEyNjc0OmJyZWFzdF9tc2tfMjAyNQ,breast_msk_2025_structural_variants,P-0012674-T02-IM6,P-0012674,breast_msk_2025,PTEN,NA,10,89688678,NA,NA,-1,Intron of PTEN(+):2Kb before exon 4,,,NA,10,89690880,NA,NA,-1,Intron of PTEN(+):34bp after exon 4,NA,GRCh37,yes,unk,506,619,0,22,-1,13,-1,10,PTEN (NM_000314) rearrangement: c.210-2125_c.253+34dup,PRECISE,5to3,Duplication of 1 exon : out of frame,DUPLICATION,2202,Note: The PTEN rearrangement is an intragenic duplication of exon 4. Functional significance is undetermined.,SOMATIC,5728.0
UC0wMDEyNzMxLVQwMS1JTTU6YnJlYXN0X21za18yMDI1,UC0wMDEyNzMxOmJyZWFzdF9tc2tfMjAyNQ,breast_msk_2025_structural_variants,P-0012731-T01-IM5,P-0012731,breast_msk_2025,PTEN,NA,10,89692794,NA,NA,-1,Exon 5 of PTEN(+),,,NA,10,89697381,NA,NA,-1,Intron of PTEN(+): 4Kb after exon 5,NA,GRCh37,yes,unk,1071,676,0,17,-1,17,-1,45,PTEN (NM_000314) rearrangement: c.278_c.492+4373del,PRECISE,3to5,Deletion within transcript: mid-exon,DELETION,4587,Note: The PTEN rearrangement is an intragenic deletion of exon 5. One of the breakpoints is within exon 5. The functional significance is undetermined.,SOMATIC,5728.0
UC0wMDUzNTUzLVQwMi1JTTY6YnJlYXN0X21za18yMDI1,UC0wMDUzNTUzOmJyZWFzdF9tc2tfMjAyNQ,breast_msk_2025_structural_variants,P-0053553-T02-IM6,P-0053553,breast_msk_2025,PTEN,NA,10,89624254,NA,NA,-1,Exon 1 of PTEN(+),,,NA,10,89752263,NA,NA,-1,IGR: 129Kb before PTEN(+),NA,GRCh37,yes,unk,8167,2987,0,41,-1,16,-1,10,PTEN (NM_000314) rearrangement: c.28:PTEN_chr10:g.89752263del,PRECISE,3to5,PTEN-intragenic,DELETION,128009,Note: The PTEN rearrangement is a deletion of exons 1 - 9. One of the breakpoints is within exon 1.,SOMATIC,5728.0
UC0wMDYxMjY3LVQwMS1JTTc6YnJlYXN0X21za18yMDI1,UC0wMDYxMjY3OmJyZWFzdF9tc2tfMjAyNQ,breast_msk_2025_structural_variants,P-0061267-T01-IM7,P-0061267,breast_msk_2025,PTEN,NA,10,89692849,NA,NA,-1,Exon 5 of PTEN(+),,,NA,10,89710770,NA,NA,-1,Intron of PTEN(+):1Kb before exon 6,NA,GRCh37,yes,unk,829,999,0,18,-1,15,-1,0,PTEN (NM_000314) rearrangement: c.333_c.493-1105del,IMPPRECISE,3to5,Deletion within transcript : mid-exon,DELETION,17921,Note: The PTEN rearrangement is an intragenic deletion of exon 5. One of the breakpoints is within exon 5.,SOMATIC,5728.0
UC0wMDEzMzg1LVQwMS1JTTU6YnJlYXN0X21za18yMDI1,UC0wMDEzMzg1OmJyZWFzdF9tc2tfMjAyNQ,breast_msk_2025_structural_variants,P-0013385-T01-IM5,P-0013385,breast_msk_2025,PTEN,NA,10,89709805,NA,NA,-1,Intron of PTEN(+): 2Kb before exon 6,,,NA,10,89711907,NA,NA,-1,Exon 6 of PTEN(+),NA,GRCh37,yes,unk,607,319,0,11,-1,14,-1,31,PTEN (NM_000314)  rearrangement: c.493-2070_c.525inv,PRECISE,3to3,Antisense fusion,INVERSION,2102,Note: The PTEN rearrangement is an inversion with a breakpoint within exon 6. The functional significance is undetermined.,SOMATIC,5728.0
UC0wMDE0OTA1LVQwMS1JTTY6YnJlYXN0X21za18yMDI1,UC0wMDE0OTA1OmJyZWFzdF9tc2tfMjAyNQ,breast_msk_2025_structural_variants,P-0014905-T01-IM6,P-0014905,breast_msk_2025,PTEN,NA,10,89720704,NA,NA,-1,Exon 8 of PTEN(+),26509.0,MYOF,NA,10,95203058,NA,NA,-1,Intron of MYOF(-): 9Kb after exon 3,NA,GRCh37,yes,unk,5821,6578,0,31,-1,38,-1,92,PTEN (NM_000314)- MYOF (NM_013451) Rearrangement : c.855:PTEN_c.236+8749:MYOFinv,PRECISE,3to3,Protein fusion: mid-exon (PTEN-MYOF),INVERSION,5482354,Note: The PTEN - MYOF  Rearrangement is an inversion which results in the fusion of exons 1-8 of PTEN with exons 4- 54 of MYOF. The breakpoint in PTEN is within exon8. Its functional significance is undetermined.,SOMATIC,5728.0
UC0wMDUyMjkxLVQwMS1JTTY6YnJlYXN0X21za18yMDI1,UC0wMDUyMjkxOmJyZWFzdF9tc2tfMjAyNQ,breast_msk_2025_structural_variants,P-0052291-T01-IM6,P-0052291,breast_msk_2025,PTK2,NA,19,2222295,NA,NA,-1,Exon 24 of DOT1L(+),84444.0,DOT1L,NA,8,141713215,NA,NA,-1,Intron of PTK2(-):409bp before exon 25,NA,GRCh37,yes,unk,0,0,0,18,-1,15,-1,10,PTK2 (NM_005607) - DOT1L (NM_032482) rearrangement: t(8;19)(q24.3;p13.3)(chr8:g.141713215::chr19:g.2222295),PRECISE,5to5,Protein Fusion: mid-exon  {PTK2:DOT1L},TRANSLOCATION,0,Note: The PTK2 - DOT1L rearrangement is a translocation that results in a fusion of PTK2 exons 1 - 24 to DOT1L exons 24 - 28. One of the breakpoints is within DOT1L exon 24. Functional significance is undetermined.,SOMATIC,5747.0
UC0wMDUyMjkxLVQwMi1JTTY6YnJlYXN0X21za18yMDI1,UC0wMDUyMjkxOmJyZWFzdF9tc2tfMjAyNQ,breast_msk_2025_structural_variants,P-0052291-T02-IM6,P-0052291,breast_msk_2025,PTK2,NA,19,2222295,NA,NA,-1,Exon 24 of DOT1L(+),84444.0,DOT1L,NA,8,141713215,NA,NA,-1,Intron of PTK2(-):409bp before exon 25,NA,GRCh37,yes,unk,0,0,0,26,-1,23,-1,10,PTK2 (NM_005607) - DOT1L (NM_032482) rearrangement: t(8;19)(q24.3;p13.3)(chr8:g.141713215::chr19:g.2222295),PRECISE,5to5,Protein Fusion: mid-exon  {PTK2:DOT1L},TRANSLOCATION,0,Note: The PTK2 - DOT1L rearrangement is a translocation that results in a fusion of PTK2 exons 1 - 24 to DOT1L exons 24 - 28. One of the breakpoints is within DOT1L exon 24. Functional significance is undetermined.,SOMATIC,5747.0
UC0wMDQzNjYyLVQwMS1JTTY6YnJlYXN0X21za18yMDI1,UC0wMDQzNjYyOmJyZWFzdF9tc2tfMjAyNQ,breast_msk_2025_structural_variants,P-0043662-T01-IM6,P-0043662,breast_msk_2025,PTPN11,NA,12,112910833,NA,NA,-1,Exon 7 of PTPN11(+),,,NA,12,112936813,NA,NA,-1,Intron of PTPN11(+):3Kb before exon 14,NA,GRCh37,yes,unk,10634,11431,0,32,-1,32,-1,10,PTPN11 (NM_002834) rearrangement: c.842_c.1600-3135dup,PRECISE,5to3,Duplication within transcript : mid-exon,DUPLICATION,25980,Note: The PTPN11 rearrangement is an intragenic duplication of exons 7 - 13. One of the breakpoints is within exon 7. Functional significance is undetermined.,SOMATIC,5781.0
UC0wMDE2NjI3LVQwMS1JTTY6YnJlYXN0X21za18yMDI1,UC0wMDE2NjI3OmJyZWFzdF9tc2tfMjAyNQ,breast_msk_2025_structural_variants,P-0016627-T01-IM6,P-0016627,breast_msk_2025,PTPRD,NA,9,8517959,NA,NA,-1,Exon 21 of PTPRD(-),,,NA,7,62328179,NA,NA,-1,IGR: 423Kb before ZNF733P(-),NA,GRCh37,NA,NA,0,0,0,16,-1,-1,-1,-1,PTPRD (NM_002839)  rearrangement: t(7;9)(q11.21;p24.1)(chr7:g.62328179::chr9:g.8517959),PRECISE,3to3,PTPRD-intragenic,TRANSLOCATION,0,Note: The PTPRD rearrangement is a translocation that may result in the truncation of exons 21-46. One of the breakpoints is within exon 21. The functional significance is undetermined.,SOMATIC,5789.0
UC0wMDA5NDMyLVQwMy1JTTY6YnJlYXN0X21za18yMDI1,UC0wMDA5NDMyOmJyZWFzdF9tc2tfMjAyNQ,breast_msk_2025_structural_variants,P-0009432-T03-IM6,P-0009432,breast_msk_2025,PTPRS,NA,19,3987676,NA,NA,-1,Promoter of EEF2(-):12Kb from tx start,,,NA,19,5215785,NA,NA,-1,Intron of PTPRS(-):179bp before exon 27,NA,GRCh37,yes,unk,70100,66547,0,22,-1,22,-1,10,PTPRS (NM_002850) rearrangement: c.4097-179:PTPRS_chr19:g.3987676inv,PRECISE,3to3,PTPRS-intragenic,INVERSION,1228109,Note: The PTPRS rearrangement is an inversion of exons 27 - 38. Functional significance is undetermined.,SOMATIC,5802.0
UC0wMDA5NDMyLVQwMi1JTTY6YnJlYXN0X21za18yMDI1,UC0wMDA5NDMyOmJyZWFzdF9tc2tfMjAyNQ,breast_msk_2025_structural_variants,P-0009432-T02-IM6,P-0009432,breast_msk_2025,PTPRS,NA,19,3987676,NA,NA,-1,Promoter of EEF2(-):12Kb from tx start,,,NA,19,5215785,NA,NA,-1,Intron of PTPRS(-):179bp before exon 27,NA,GRCh37,yes,unk,46944,46269,0,12,-1,12,-1,10,PTPRS (NM_002850) rearrangement: c.4097-179:PTPRS_chr19:g.3987676inv,PRECISE,3to3,PTPRS-intragenic,INVERSION,1228109,Note: The PTPRS rearrangement is an inversion of exons 27 - 38. Functional significance is undetermined.,SOMATIC,5802.0
UC0wMDMwMTY5LVQwMS1JTTY6YnJlYXN0X21za18yMDI1,UC0wMDMwMTY5OmJyZWFzdF9tc2tfMjAyNQ,breast_msk_2025_structural_variants,P-0030169-T01-IM6,P-0030169,breast_msk_2025,PTPRS,NA,19,5219993,NA,NA,-1,Exon 22 of PTPRS(-),,,NA,14,22757521,NA,NA,-1,IGR: 276Kb before DAD1(-),NA,GRCh37,NA,NA,0,0,0,54,-1,-1,-1,-1,PTPRS (NM_002850) Rearrangement : t(14;19)(q11.2; p13.3)(chr14:g.22757521::chr19:g.5219993),PRECISE,3to3,PTPRS-intragenic,TRANSLOCATION,0,Note: The PTPRS Rearrangement results in the possible truncation of PTPRS. The breakpoint in PTPRS is within exon22. Its functional significance is undetermined.,SOMATIC,5802.0
UC0wMDQyODY4LVQwMi1JTTY6YnJlYXN0X21za18yMDI1,UC0wMDQyODY4OmJyZWFzdF9tc2tfMjAyNQ,breast_msk_2025_structural_variants,P-0042868-T02-IM6,P-0042868,breast_msk_2025,PTPRS,NA,19,3619854,NA,NA,-1,Intron of CACTIN(-):270bp after exon 4,,,NA,19,5231397,NA,NA,-1,Exon 14 of PTPRS(-),NA,GRCh37,yes,unk,80700,95406,0,455,-1,459,-1,10,PTPRS (NM_002850) rearrangement: c.2079:PTPRS_chr19:g.3619854inv,PRECISE,3to3,PTPRS-intragenic,INVERSION,1611543,Note: The PTPRS rearrangement is an inversion of exons 14 - 38. One of the breakpoints is within exon 14. Functional significance is undetermined.,SOMATIC,5802.0
UC0wMDQyODY4LVQwMS1JTTY6YnJlYXN0X21za18yMDI1,UC0wMDQyODY4OmJyZWFzdF9tc2tfMjAyNQ,breast_msk_2025_structural_variants,P-0042868-T01-IM6,P-0042868,breast_msk_2025,PTPRS,NA,19,3619854,NA,NA,-1,Intron of CACTIN(-):270bp after exon 4,,,NA,19,5231397,NA,NA,-1,Exon 14 of PTPRS(-),NA,GRCh37,yes,unk,102596,75027,0,250,-1,250,-1,10,PTPRS (NM_002850) rearrangement: c.2079:PTPRS_chr19:g.3619854inv,PRECISE,3to3,PTPRS-intragenic,INVERSION,1611543,Note: The PTPRS rearrangement is an inversion of exons 14 - 38. One of the breakpoints is within exon 14. Functional significance is undetermined. Multiple rearrangements involving PTPRS were detected in this sample and a more complex rearrangement involv,SOMATIC,5802.0
UC0wMDEzOTI1LVQwMS1JTTU6YnJlYXN0X21za18yMDI1,UC0wMDEzOTI1OmJyZWFzdF9tc2tfMjAyNQ,breast_msk_2025_structural_variants,P-0013925-T01-IM5,P-0013925,breast_msk_2025,PTPRS,NA,19,5274143,NA,NA,-1,Intron of PTPRS(-): 67bp after exon 3,,,NA,19,5289206,NA,NA,-1,5-UTR of PTPRS(-): 3Kb before coding start,NA,GRCh37,yes,unk,3176,2242,0,7,-1,7,-1,9,PTPRS (NM_002850) rearrangement: c.-94-2961_c.237+67inv,PRECISE,5to5,Antisense fusion,INVERSION,15063,Note: The PTPRS rearrangement is an inversion of 5UTR and exons 1-3.,SOMATIC,5802.0
UC0wMDA5ODIxLVQwMi1JTTY6YnJlYXN0X21za18yMDI1,UC0wMDA5ODIxOmJyZWFzdF9tc2tfMjAyNQ,breast_msk_2025_structural_variants,P-0009821-T02-IM6,P-0009821,breast_msk_2025,PTPRS,NA,19,5239001,NA,NA,-1,Exon 13 of PTPRS(-),79933.0,SYNPO2L,NA,10,75417927,NA,NA,-1,Promoter of SYNPO2L(-):13Kb from tx start,NA,GRCh37,yes,unk,0,0,0,28,-1,5,-1,10,PTPRS (NM_002850) rearrangement: t(10;19)(q22.2;p13.3)(chr10:g.75417927::chr19:g.5239001),PRECISE,5to3,Protein Fusion: mid-exon  {PTPRS:SYNPO2L},TRANSLOCATION,0,Note: The PTPRS rearrangement is a translocation that may result in the truncation of exons 13-38. One of the breakpoints is within exon 13. The functional significance is undetermined.,SOMATIC,5802.0
UC0wMDA1NjEzLVQwMS1JTTU6YnJlYXN0X21za18yMDI1,UC0wMDA1NjEzOmJyZWFzdF9tc2tfMjAyNQ,breast_msk_2025_structural_variants,P-0005613-T01-IM5,P-0005613,breast_msk_2025,PTPRS,NA,19,5211611,NA,NA,-1,Exon 24 of PTPRS(-),137970.0,UNC5D,NA,8,35547181,NA,NA,-1,Intron of UNC5D(+): 3Kb after exon 7,NA,GRCh37,NA,NA,0,0,0,127,-1,-1,-1,-1,PTPRS (NM_002850) - UNC5D (NM_080872) rearrangement : t(8;19)(8p12;19p13.3)(chr8:g.35547181::chr19:g.5211611),PRECISE,5to5,Protein fusion: mid-exon (PTPRS-UNC5D),TRANSLOCATION,0,Note: The PTPRS (NM_002850) - UNC5D (NM_080872) rearrangement is a translocation which results in the fusion of PTPRS exons 1-33 with UNC5D exons 8-17. One of the breakpoints is within PTPRS exon33.,SOMATIC,5802.0
UC0wMDQ3MTc0LVQwMi1JTTY6YnJlYXN0X21za18yMDI1,UC0wMDQ3MTc0OmJyZWFzdF9tc2tfMjAyNQ,breast_msk_2025_structural_variants,P-0047174-T02-IM6,P-0047174,breast_msk_2025,PTPRT,NA,20,40719406,NA,NA,-1,Intron of PTPRT(-):5Kb before exon 29,,,NA,20,40733284,NA,NA,-1,Exon 26 of PTPRT(-),NA,GRCh37,yes,unk,5708,2930,0,8,-1,8,-1,10,PTPRT (NM_133170) rearrangement: c.3522_c.3904-4913del,PRECISE,3to5,Deletion within transcript : mid-exon,DELETION,13878,Note: The PTPRT rearrangement is an intragenic deletion of exons 26 - 28. One of the breakpoints is within exon 26.,SOMATIC,11122.0
UC0wMDI0NDAwLVQwMS1JTTY6YnJlYXN0X21za18yMDI1,UC0wMDI0NDAwOmJyZWFzdF9tc2tfMjAyNQ,breast_msk_2025_structural_variants,P-0024400-T01-IM6,P-0024400,breast_msk_2025,PTPRT,NA,20,40727033,NA,NA,-1,Intron of PTPRT(-):27bp after exon 28,,,NA,20,50196752,NA,NA,-1,IGR: 17Kb before ATP9A(-),NA,GRCh37,NA,NA,51883,36678,0,11,-1,-1,-1,-1,PTPRT (NM_133170) rearrangement: c.3903+28_chr20:g.50196752inv,PRECISE,5to5,PTPRT-intragenic,INVERSION,9469719,Note: The PTPRT rearrangement results in the inversion of exons 1-28. The functional significance is undetermined.,SOMATIC,11122.0
UC0wMDA0ODM1LVQwMi1JTTY6YnJlYXN0X21za18yMDI1,UC0wMDA0ODM1OmJyZWFzdF9tc2tfMjAyNQ,breast_msk_2025_structural_variants,P-0004835-T02-IM6,P-0004835,breast_msk_2025,PTRH2,NA,17,57784489,NA,NA,-1,5-UTR of PTRH2(-):10Kb before coding start,83990.0,BRIP1,NA,17,59770772,NA,NA,-1,Intron of BRIP1(-):18bp after exon 18,NA,GRCh37,yes,unk,21339,231444,0,344,-1,278,-1,10,BRIP1 (NM_032043) - PTRH2 (NM_016077) rearrangement: c.2575+19: BRIP1_c.-1+243: PTRH2del,PRECISE,3to5,Transcript Fusion {BRIP1:PTRH2},DELETION,1986283,Note: The BRIP1 - PTRH2 rearrangement is a deletion that results in the fusion of BRIP1 exons 1-18 with PTRH2 exon 2. The functional significance is undetermined.,SOMATIC,51651.0
UC0wMDA0ODM1LVQwMS1JTTU6YnJlYXN0X21za18yMDI1,UC0wMDA0ODM1OmJyZWFzdF9tc2tfMjAyNQ,breast_msk_2025_structural_variants,P-0004835-T01-IM5,P-0004835,breast_msk_2025,PTRH2,NA,17,57784489,NA,NA,-1,5-UTR of PTRH2(-): 9Kb before coding start,83990.0,BRIP1,NA,17,59770771,NA,NA,-1,Intron of BRIP1(-): 20bp after exon 18,NA,GRCh37,yes,unk,40790,158480,0,167,-1,102,-1,92,BRIP1 (NM_032043) - PTRH2 (NM_016077) rearrangement :  c.2575+20:BRIP1_c.-1+243:PTRH2del,PRECISE,3to5,Transcript fusion (BRIP1-PTRH2),DELETION,1986282,Note: The BRIP1 (NM_032043) - PTRH2 (NM_016077) rearrangement event is a deletion which results in the fusion of BRIP1 exons 1-18 with PTRH2 exon2. The functional significance of this event is undetermined.,SOMATIC,51651.0
UC0wMDQyMTY4LVQwMS1JTTY6YnJlYXN0X21za18yMDI1,UC0wMDQyMTY4OmJyZWFzdF9tc2tfMjAyNQ,breast_msk_2025_structural_variants,P-0042168-T01-IM6,P-0042168,breast_msk_2025,RAB11FIP3,NA,16,509100,NA,NA,-1,Intron of RAB11FIP3(+):2Kb before exon 2,7249.0,TSC2,NA,16,2112208,NA,NA,-1,Intron of TSC2(+):199bp after exon 12,NA,GRCh37,yes,unk,42241,147118,0,5,-1,5,-1,3,RAB11FIP3 (NM_014700) - TSC2 (NM_000548) rearrangement: c.715-2304:RAB11FIP3_c.1257+199:TSC2del,PRECISE,3to5,Protein Fusion: in frame  {RAB11FIP3:TSC2},DELETION,1603108,Note: The RAB11FIP3 - TSC2 rearrangement is a deletion that results in a fusion of RAB11FIP3 exon 1 to TSC2 exons 13 - 42. The fusion is predicted to be in frame.,SOMATIC,9727.0
UC0wMDEwNjAwLVQwMS1JTTU6YnJlYXN0X21za18yMDI1,UC0wMDEwNjAwOmJyZWFzdF9tc2tfMjAyNQ,breast_msk_2025_structural_variants,P-0010600-T01-IM5,P-0010600,breast_msk_2025,RAB35,NA,12,120552810,NA,NA,-1,Intron of RAB35(-): 2Kb after exon 1,,,NA,12,120554441,NA,NA,-1,Exon 1 of RAB35(-),NA,GRCh37,yes,unk,402,109,0,19,-1,19,-1,31,RAB35 (NM_006861) rearrangement: c.14_c.52+1593del,PRECISE,3to5,Deletion within transcript: mid-exon,DELETION,1631,Note: The RAB35 rearrangement is an intragenic deletion of exon1. One of the breakpoints is within exon 1. The functional significance is undetermined.,SOMATIC,11021.0
UC0wMDM4NTEzLVQwMS1JTTY6YnJlYXN0X21za18yMDI1,UC0wMDM4NTEzOmJyZWFzdF9tc2tfMjAyNQ,breast_msk_2025_structural_variants,P-0038513-T01-IM6,P-0038513,breast_msk_2025,RAB35,NA,12,120536685,NA,NA,-1,Exon 5 of RAB35(-),,,NA,12,120542911,NA,NA,-1,Intron of RAB35(-):1Kb before exon 3,NA,GRCh37,yes,unk,5085,3304,0,128,-1,120,-1,10,RAB35 (NM_006861) rearrangement: c.104-1158_c.407del,PRECISE,3to5,Deletion within transcript : mid-exon,DELETION,6226,Note: The RAB35 rearrangement is an intragenic deletion of exons 3 - 5. One of the breakpoints is within exon 5. Functional significance is undetermined.,SOMATIC,11021.0
UC0wMDU5NTg1LVQwMS1JTTc6YnJlYXN0X21za18yMDI1,UC0wMDU5NTg1OmJyZWFzdF9tc2tfMjAyNQ,breast_msk_2025_structural_variants,P-0059585-T01-IM7,P-0059585,breast_msk_2025,RAD21,NA,8,117873202,NA,NA,-1,Intron of RAD21(-):877bp after exon 4,,,NA,8,117874086,NA,NA,-1,Exon 4 of RAD21(-),NA,GRCh37,NA,NA,352,342,0,20,-1,-1,-1,-1,RAD21 (NM_006265) rearrangement: c.368_c.374+878inv,PRECISE,3to3,RAD21-intragenic,INVERSION,884,Note: The RAD21 rearrangement is an intragenic inversion of exon 4. One of the breakpoints is within exon 4. Functional significance is undetermined.,SOMATIC,5885.0
UC0wMDM4NDM2LVQwMS1JTTY6YnJlYXN0X21za18yMDI1,UC0wMDM4NDM2OmJyZWFzdF9tc2tfMjAyNQ,breast_msk_2025_structural_variants,P-0038436-T01-IM6,P-0038436,breast_msk_2025,RAD51,NA,15,41021062,NA,NA,-1,Intron of RAD51(+):40bp after exon 7,,,NA,1,220264928,NA,NA,-1,5-UTR of RNU5F-1(+):28Kb before coding start,NA,GRCh37,NA,NA,0,0,0,50,-1,-1,-1,-1,"RAD51 (NM_002875) rearrangement: t(1,15)(q41;q15.1)(chr1:g.220264928::chr15:g.41021062)",PRECISE,3to3,Antisense Fusion,TRANSLOCATION,0,Note: The RAD51 rearrangement is a translocation with a breakpoint in intron 7. Functional significance is undetermined.,SOMATIC,5888.0
UC0wMDIxODI2LVQwMS1JTTY6YnJlYXN0X21za18yMDI1,UC0wMDIxODI2OmJyZWFzdF9tc2tfMjAyNQ,breast_msk_2025_structural_variants,P-0021826-T01-IM6,P-0021826,breast_msk_2025,RAD51B,NA,14,68753480,NA,NA,-1,Intron of RAD51B(+):5Kb before exon 8,,,NA,14,68963870,NA,NA,-1,Intron of RAD51B(+):29Kb after exon 10,NA,GRCh37,NA,NA,4882,4332,0,9,-1,-1,-1,-1,RAD51B (NM_133509) rearrangement: c.757-5121_c.1036+28903del,PRECISE,3to5,Deletion of 3 exons : out of frame,DELETION,210390,Note: The RAD51B rearrangement is an intragenic deletion of exons 8-10. Its functional significance is undetermined.,SOMATIC,5890.0
UC0wMDIyOTk2LVQwMS1JTTY6YnJlYXN0X21za18yMDI1,UC0wMDIyOTk2OmJyZWFzdF9tc2tfMjAyNQ,breast_msk_2025_structural_variants,P-0022996-T01-IM6,P-0022996,breast_msk_2025,RAD51B,NA,14,68758565,NA,NA,-1,Intron of RAD51B(+):35bp before exon 8,,,NA,14,68959757,NA,NA,-1,Intron of RAD51B(+):25Kb after exon 10,NA,GRCh37,NA,NA,4465,8043,0,8,-1,-1,-1,-1,RAD51B (NM_133509) rearrangement: c.757-36_c.1036+24790dup,IMPPRECISE,5to3,Duplication of 3 exons : out of frame,DUPLICATION,201192,Note: The RAD51B rearrangement is an intragenic duplication of exons 8-10. The functional significance is undetermined.,SOMATIC,5890.0
UC0wMDQyODU3LVQwMi1JTTc6YnJlYXN0X21za18yMDI1,UC0wMDQyODU3OmJyZWFzdF9tc2tfMjAyNQ,breast_msk_2025_structural_variants,P-0042857-T02-IM7,P-0042857,breast_msk_2025,RAD51B,NA,NA,-1,NA,NA,-1,NA,1965.0,EIF2S1,NA,NA,-1,NA,NA,-1,NA,NA,GRCh37,yes,unk,-1,-1,-1,-1,-1,-1,-1,-1,POSITIVE FOR GENE FUSIONS IN THE INVESTIGATIONAL PANEL: RAD51B-EIF2S1 fusion. Note: The rearrangement is an in-frame fusion between genes RAD51B Exon7 (NM_133509) and EIF2S1 Exon8 (NM_004094). Note2: The functional significance of this event is unknown.,NA,NA,RAD51B-EIF2S1 Fusion - Archer,NA,-1,Lab Notes Run Number: ArcherV4-CLIN-20210003 Macro-dissection: Not Performed,SOMATIC,5890.0
UC0wMDA3MDE0LVQwMS1JTTU6YnJlYXN0X21za18yMDI1,UC0wMDA3MDE0OmJyZWFzdF9tc2tfMjAyNQ,breast_msk_2025_structural_variants,P-0007014-T01-IM5,P-0007014,breast_msk_2025,RAD51C,NA,20,50920486,NA,NA,-1,IGR: 153Kb before ZFP64(-),,,NA,17,56809889,NA,NA,-1,Exon 8 of RAD51C(+),NA,GRCh37,NA,NA,0,0,0,102,-1,-1,-1,-1,RAD51C (NM_058216) rearrangement: t(17;20)(q22;q13.2)(chr17:g.56809889::chr20:g.50920486),PRECISE,3to5,RAD51C-intragenic,TRANSLOCATION,0,The RAD51C (NM_058216) rearrangement is a translocation which may result in the truncation of RAD51C. The functional significance is undetermined.,SOMATIC,5889.0
UC0wMDAzMzUzLVQwMS1JTTU6YnJlYXN0X21za18yMDI1,UC0wMDAzMzUzOmJyZWFzdF9tc2tfMjAyNQ,breast_msk_2025_structural_variants,P-0003353-T01-IM5,P-0003353,breast_msk_2025,RAD51C,NA,17,56769910,NA,NA,-1,Promoter of RAD51C(+): 53bp from tx start,10351.0,ABCA8,NA,17,66817527,NA,NA,-1,IGR: 46Kb before ABCA8(-),NA,GRCh37,yes,unk,80058,106455,0,14,-1,14,-1,16,NA,PRECISE,5to5,ABCA8-RAD51C fusion,INVERSION,10047617,Note: The RAD51C (NM_058216) rearrangement event results in the inversion of the gene. One of the breakpoints is within the promoter region of RAD51C.,SOMATIC,5889.0
UC0wMDAxODE4LVQwMS1JTTM6YnJlYXN0X21za18yMDI1,UC0wMDAxODE4OmJyZWFzdF9tc2tfMjAyNQ,breast_msk_2025_structural_variants,P-0001818-T01-IM3,P-0001818,breast_msk_2025,RAD51C,NA,17,56774112,NA,NA,-1,Exon 3 of RAD51C(+),8493.0,PPM1D,NA,17,58735694,NA,NA,-1,Intron of PPM1D(+): 1Kb after exon 5,NA,GRCh37,yes,unk,9071,14521,0,6,-1,6,-1,14,RAD51C (NM_058216) - PPM1D (NM_003620) Deletion :   c.463:RAD51C_c.1260+1492:PPM1Ddel (see note),PRECISE,3to5,Protein fusion: mid-exon (RAD51C-PPM1D),DELETION,1961582,"Note: The RAD51C alteration results in a deletion of a portion of the gene,   likely resulting in protein truncation.",SOMATIC,5889.0
UC0wMDUyNjg2LVQwMS1JTTY6YnJlYXN0X21za18yMDI1,UC0wMDUyNjg2OmJyZWFzdF9tc2tfMjAyNQ,breast_msk_2025_structural_variants,P-0052686-T01-IM6,P-0052686,breast_msk_2025,RAD51D,NA,17,33445448,NA,NA,-1,Intron of RAD51D(-):681bp after exon 2,,,NA,3,1971582,NA,NA,-1,IGR: 169Kb before CNTN4(+),NA,GRCh37,yes,unk,0,0,0,24,-1,21,-1,10,RAD51D (NM_133629) rearrangement: t(3;17)(p26.3;q12)(chr3:g.1971582::chr17:g.33445448),PRECISE,5to5,RAD51D-intragenic,TRANSLOCATION,0,Note: The RAD51D rearrangement is a translocation with a breakpoint in intron 2. Functional significance is undetermined.,SOMATIC,5892.0
UC0wMDU1NjU3LVQwMS1JTTY6YnJlYXN0X21za18yMDI1,UC0wMDU1NjU3OmJyZWFzdF9tc2tfMjAyNQ,breast_msk_2025_structural_variants,P-0055657-T01-IM6,P-0055657,breast_msk_2025,RAD51D,NA,17,33433826,NA,NA,-1,Intron of RAD51D(-):326bp before exon 3,,,NA,17,68290179,NA,NA,-1,IGR: 125Kb before KCNJ2(+),NA,GRCh37,yes,unk,593801,716689,0,9,-1,7,-1,0,RAD51D (NM_133629) rearrangement: c.145-326:RAD51D_chr17:g.68290179inv,IMPPRECISE,5to5,RAD51D-intragenic,INVERSION,34856353,Note: The RAD51D rearrangement is an inversion of exons 1 - 2. Functional significance is undetermined.,SOMATIC,5892.0
UC0wMDI0NTI0LVQwMS1JTTY6YnJlYXN0X21za18yMDI1,UC0wMDI0NTI0OmJyZWFzdF9tc2tfMjAyNQ,breast_msk_2025_structural_variants,P-0024524-T01-IM6,P-0024524,breast_msk_2025,RAD54L,NA,1,46738343,NA,NA,-1,Exon 13 of RAD54L(+),84871.0,AGBL4,NA,1,49003235,NA,NA,-1,Intron of AGBL4(-):2Kb after exon 12,NA,GRCh37,yes,unk,11169,18297,0,94,-1,83,-1,10,AGBL4 (NM_032785) - RAD54L (NM_001142548) rearrangement: c.1364+2079:AGBL4_c.1245-1:RAD54Linv,PRECISE,5to5,Protein Fusion: mid-exon  {AGBL4:RAD54L},INVERSION,2264892,Note: The AGBL4 - RAD54L rearrangement is an inversion which results in the fusion of AGBL4 exons 1-12 with RAD54L exons 13-29. One of the breakpoints is within RAD54L exon 13. Multiple rearrangements involving RAD54L were detected in this sample and a mo,SOMATIC,8438.0
UC0wMDM5MTEyLVQwMS1JTTY6YnJlYXN0X21za18yMDI1,UC0wMDM5MTEyOmJyZWFzdF9tc2tfMjAyNQ,breast_msk_2025_structural_variants,P-0039112-T01-IM6,P-0039112,breast_msk_2025,RAF1,NA,3,12641931,NA,NA,-1,Intron of RAF1(-):17bp before exon 8,151987.0,PPP4R2,NA,3,73058596,NA,NA,-1,Intron of PPP4R2(+):11Kb after exon 2,NA,GRCh37,yes,unk,341574,376037,0,2,-1,2,-1,6,RAF1 (NM_002880) - PPP4R2 (NM_174907) rearrangement: c.835-17:RAF1_c.116+11287:PPP4R2inv,PRECISE,5to5,Protein Fusion: out of frame  {RAF1:PPP4R2},INVERSION,60416665,Note : The RAF1 - PPP4R2 rearrangement is an inversion that results in a fusion of RAF1 exons 1 - 7 to PPP4R2 exons 3 - 9. The fusion does not include the kinase domain of RAF1. Functional significance is undetermined.,SOMATIC,5894.0
UC0wMDExMzY1LVQwMS1JTTU6YnJlYXN0X21za18yMDI1,UC0wMDExMzY1OmJyZWFzdF9tc2tfMjAyNQ,breast_msk_2025_structural_variants,P-0011365-T01-IM5,P-0011365,breast_msk_2025,RARA,NA,17,38512373,NA,NA,-1,Exon 9 of RARA(+),51226.0,COPZ2,NA,17,46105913,NA,NA,-1,Intron of COPZ2(-): 37bp before exon 8,NA,GRCh37,yes,unk,318834,291998,0,78,-1,82,-1,102,RARA (NM_000964) - COPZ2 (NM_016429) rearrangement : c.1284:RARA_c.543-37:COPZ2del,PRECISE,3to5,Antisense fusion,DELETION,7593540,Note: The RARA rearrangement event  results in the deletion of RARA exon9. One of the breakpoints is within RARA exon9.,SOMATIC,5914.0
UC0wMDUzNzM5LVQwMS1JTTY6YnJlYXN0X21za18yMDI1,UC0wMDUzNzM5OmJyZWFzdF9tc2tfMjAyNQ,breast_msk_2025_structural_variants,P-0053739-T01-IM6,P-0053739,breast_msk_2025,RASGRP2,NA,11,64498658,NA,NA,-1,Intron of RASGRP2(-):992bp before exon 13,5970.0,RELA,NA,11,65429621,NA,NA,-1,Intron of RELA(-):28bp after exon 2,NA,GRCh37,yes,unk,26876,55112,0,8,-1,6,-1,10,RASGRP2 (NM_001098670) - RELA (NM_021975) rearrangement: c.1413-992:RASGRP2_c.34+29:RELAdup,PRECISE,5to3,Protein Fusion: out of frame  {RASGRP2:RELA},DUPLICATION,930963,Note: The RASGRP2 - RELA rearrangement is a duplication that results in a fusion of RASGRP2 exons 1 - 12 to RELA exons 3 - 11. Functional significance is undetermined.,SOMATIC,10235.0
UC0wMDA5NjI2LVQwMS1JTTU6YnJlYXN0X21za18yMDI1,UC0wMDA5NjI2OmJyZWFzdF9tc2tfMjAyNQ,breast_msk_2025_structural_variants,P-0009626-T01-IM5,P-0009626,breast_msk_2025,RB1,NA,13,48947544,NA,NA,-1,Exon 12 of RB1(+),,,NA,13,48978589,NA,NA,-1,Intron of RB1(+): 23Kb after exon 17,NA,GRCh37,yes,unk,7293,9082,0,10,-1,10,-1,23,RB1 (NM_000321) Rearrangement : c.1131_1695+23010inv,PRECISE,5to5,RB1-intragenic,INVERSION,31045,"Note: The RB1 (NM_000321) Rearrangement results in the  intragenic inversion of exons 12-17. One of the breakpoints is within exon12. Its functional significance is undetermined,",SOMATIC,5925.0
UC0wMDA4NTM4LVQwMS1JTTU6YnJlYXN0X21za18yMDI1,UC0wMDA4NTM4OmJyZWFzdF9tc2tfMjAyNQ,breast_msk_2025_structural_variants,P-0008538-T01-IM5,P-0008538,breast_msk_2025,RB1,NA,13,48919160,NA,NA,-1,Intron of RB1(+): 56bp before exon 4,,,NA,13,48931033,NA,NA,-1,Intron of RB1(+): 3Kb before exon 7,NA,GRCh37,yes,unk,3048,3542,0,16,-1,17,-1,14,RB1 (NM_000321) rearrangement : c.381-56_608-3120dup,PRECISE,5to3,Duplication of 3 exons: out of frame,DUPLICATION,11873,Note: The RB1 (NM_000321) rearrangement event results in the duplication of exons 4-6 of RB1.,SOMATIC,5925.0
UC0wMDA1MTc2LVQwMS1JTTU6YnJlYXN0X21za18yMDI1,UC0wMDA1MTc2OmJyZWFzdF9tc2tfMjAyNQ,breast_msk_2025_structural_variants,P-0005176-T01-IM5,P-0005176,breast_msk_2025,RB1,NA,13,48941622,NA,NA,-1,Intron of RB1(+): 8bp before exon 10,,,NA,13,48963511,NA,NA,-1,Intron of RB1(+): 8Kb after exon 17,NA,GRCh37,yes,unk,6011,7560,0,56,-1,60,-1,44,RB1 (NM_000321) rearrangement: c.940-8_c.1695+7932dup,PRECISE,5to3,Duplication of 8 exons: in frame,DUPLICATION,21889,The RB1 (NM_000321) rearrangement is an intragenic duplication of exons 10-17. The functional significance is undetermined.,SOMATIC,5925.0
UC0wMDI2MjkwLVQwMS1JTTY6YnJlYXN0X21za18yMDI1,UC0wMDI2MjkwOmJyZWFzdF9tc2tfMjAyNQ,breast_msk_2025_structural_variants,P-0026290-T01-IM6,P-0026290,breast_msk_2025,RB1,NA,13,48914657,NA,NA,-1,Intron of RB1(+):2Kb before exon 3,,,NA,13,48951064,NA,NA,-1,Exon 13 of RB1(+),NA,GRCh37,yes,unk,5188,3158,0,31,-1,31,-1,10,B1 (NM_000321) Rearrangement : c.265-2078_c.1226del,PRECISE,3to5,Deletion within transcript : mid-exon,DELETION,36407,Note: The RB1 Rearrangement results in the intragenic deletion of exons 3 to 13 of RB1. One of the breakpoints is within exon 13.,SOMATIC,5925.0
UC0wMDQwOTg4LVQwMS1JTTY6YnJlYXN0X21za18yMDI1,UC0wMDQwOTg4OmJyZWFzdF9tc2tfMjAyNQ,breast_msk_2025_structural_variants,P-0040988-T01-IM6,P-0040988,breast_msk_2025,RB1,NA,13,48954155,NA,NA,-1,Intron of RB1(+):33bp before exon 15,,,NA,13,48957807,NA,NA,-1,Intron of RB1(+):2Kb after exon 17,NA,GRCh37,NA,NA,2087,2638,0,4,-1,-1,-1,-1,RB1 (NM_000321) rearrangement: c.1390-34_c.1695+2228dup,PRECISE,5to3,Duplication of 3 exons : in frame,DUPLICATION,3652,Note: The RB1 rearrangement is an intragenic duplication of exons 15 - 17. Functional significance is undetermined.,SOMATIC,5925.0
UC0wMDI5MDY5LVQwMS1JTTY6YnJlYXN0X21za18yMDI1,UC0wMDI5MDY5OmJyZWFzdF9tc2tfMjAyNQ,breast_msk_2025_structural_variants,P-0029069-T01-IM6,P-0029069,breast_msk_2025,RB1,NA,13,48942645,NA,NA,-1,Intron of RB1(+):17bp before exon 11,,,NA,13,48950906,NA,NA,-1,Intron of RB1(+):147bp before exon 13,NA,GRCh37,yes,unk,785,2033,0,18,-1,16,-1,10,RB1 (NM_000321) Rearrangement: c.1050-18_c.1216-148dup,PRECISE,5to3,Duplication of 2 exons : out of frame,DUPLICATION,8261,Note: The RB1 rearrangement is a duplication of RB1 exons 11 and 12. The functional significance is undetermined.,SOMATIC,5925.0
UC0wMDI5MDY5LVQwMi1JTTY6YnJlYXN0X21za18yMDI1,UC0wMDI5MDY5OmJyZWFzdF9tc2tfMjAyNQ,breast_msk_2025_structural_variants,P-0029069-T02-IM6,P-0029069,breast_msk_2025,RB1,NA,13,48942645,NA,NA,-1,Intron of RB1(+):17bp before exon 11,,,NA,13,48950906,NA,NA,-1,Intron of RB1(+):147bp before exon 13,NA,GRCh37,yes,unk,1361,2099,0,68,-1,67,-1,10,RB1 (NM_000321) Rearrangement: c.1050-18_c.1216-148dup,PRECISE,5to3,Duplication of 2 exons : out of frame,DUPLICATION,8261,Note: The RB1 rearrangement is a duplication of RB1 exons 11 and 12. The functional significance is undetermined.,SOMATIC,5925.0
UC0wMDIzMDMxLVQwMS1JTTY6YnJlYXN0X21za18yMDI1,UC0wMDIzMDMxOmJyZWFzdF9tc2tfMjAyNQ,breast_msk_2025_structural_variants,P-0023031-T01-IM6,P-0023031,breast_msk_2025,RB1,NA,13,48916708,NA,NA,-1,Intron of RB1(+):26bp before exon 3,,,NA,1,59514813,NA,NA,-1,5-UTR of LINC01358(+):39Kb before coding start,NA,GRCh37,NA,NA,0,0,0,61,-1,-1,-1,-1,RB1 (NM_000321) Rearrangement : t(1;13)(p32.2;p21.2)(chr1:g.59514813::chr13:g.48916708),PRECISE,5to5,RB1-intragenic,TRANSLOCATION,0,Note: The RB1 Rearrangement results in the possible truncation of RB1. One of the breakpoints is within intron2.Its functional significance is undetermined.,SOMATIC,5925.0
UC0wMDEyMjYwLVQwMS1JTTU6YnJlYXN0X21za18yMDI1,UC0wMDEyMjYwOmJyZWFzdF9tc2tfMjAyNQ,breast_msk_2025_structural_variants,P-0012260-T01-IM5,P-0012260,breast_msk_2025,RB1,NA,13,48936643,NA,NA,-1,Intron of RB1(+): 308bp before exon 8,,,NA,13,48938842,NA,NA,-1,Intron of RB1(+): 188bp before exon 9,NA,GRCh37,yes,unk,1521,936,0,5,-1,6,-1,8,RB1 (NM_000321) rearrangement: c.719-308_c.862-188del,PRECISE,3to5,Deletion of 1 exon: out of frame,DELETION,2199,Note: The RB1 rearrangement is an intragenic deletion of exon 8.,SOMATIC,5925.0
UC0wMDE4MTk5LVQwMS1JTTY6YnJlYXN0X21za18yMDI1,UC0wMDE4MTk5OmJyZWFzdF9tc2tfMjAyNQ,breast_msk_2025_structural_variants,P-0018199-T01-IM6,P-0018199,breast_msk_2025,RB1,NA,15,58071442,NA,NA,-1,IGR: 73Kb before POLR2M(+),,,NA,13,48916793,NA,NA,-1,Exon 3 of RB1(+),NA,GRCh37,NA,NA,0,0,0,22,-1,-1,-1,-1,RB1 (NM_000321) rearrangement: t(13;15)(q14.2;q21.3)(chr13:g.48916793::chr15:g.58071442),PRECISE,5to3,RB1-intragenic,TRANSLOCATION,0,Note: The RB1 rearrangement is a translocation that may result in the truncation of exons 3-27. One of the breakpoints is within exon 3. The functional significance is undetermined.,SOMATIC,5925.0
UC0wMDAwMTg3LVQwMS1JTTM6YnJlYXN0X21za18yMDI1,UC0wMDAwMTg3OmJyZWFzdF9tc2tfMjAyNQ,breast_msk_2025_structural_variants,P-0000187-T01-IM3,P-0000187,breast_msk_2025,RB1,NA,13,48916784,NA,NA,-1,Exon 3 of RB1(+),7042.0,TGFB2,NA,1,218540078,NA,NA,-1,Intron of TGFB2(+): 3Kb after exon 2,NA,GRCh37,yes,unk,0,0,0,47,-1,52,-1,62,NA,PRECISE,5to5,TGFB2-RB1 fusion,TRANSLOCATION,0,NA,SOMATIC,5925.0
UC0wMDIxNjQ3LVQwMS1JTTY6YnJlYXN0X21za18yMDI1,UC0wMDIxNjQ3OmJyZWFzdF9tc2tfMjAyNQ,breast_msk_2025_structural_variants,P-0021647-T01-IM6,P-0021647,breast_msk_2025,RBFOX2,NA,22,29687876,NA,NA,-1,Intron of EWSR1(+):249bp before exon 11,2130.0,EWSR1,NA,22,36412008,NA,NA,-1,Intron of RBFOX2(-):12Kb after exon 1,NA,GRCh37,NA,NA,62333,55789,0,64,-1,-1,-1,-1,RBFOX2 (NM_001082578) - EWSR1 (NM_013986) rearrangement: c.186+12280:RBFOX2_c.1028-250:EWSR1inv,PRECISE,5to5,Protein Fusion: out of frame  {RBFOX2:EWSR1},INVERSION,6724132,Note: The RBFOX2 - EWSR1 rearrangement is an inversion which results in the fusion of RBFOX2 exon 1 to EWSR1 exons 11-18. The functional significance is undetermined.,SOMATIC,23543.0
UC0wMDIyMzM3LVQwMS1JTTY6YnJlYXN0X21za18yMDI1,UC0wMDIyMzM3OmJyZWFzdF9tc2tfMjAyNQ,breast_msk_2025_structural_variants,P-0022337-T01-IM6,P-0022337,breast_msk_2025,RBM10,NA,X,47043163,NA,NA,-1,Intron of RBM10(+):1Kb before exon 18,,,NA,X,47044822,NA,NA,-1,Intron of RBM10(+):18bp before exon 20,NA,GRCh37,NA,NA,3993,2840,0,16,-1,-1,-1,-1,RBM10 (NM_001204468) Rearrangement: c.2146-1291_c.2362-19del,PRECISE,3to5,Deletion of 2 exons : in frame,DELETION,1659,Note: The RBM10 Rearrangement results in the intragenic deletion of exons 18-19. Its functional significance is undetermined.,SOMATIC,8241.0
UC0wMDE5MzQwLVQwMS1JTTY6YnJlYXN0X21za18yMDI1,UC0wMDE5MzQwOmJyZWFzdF9tc2tfMjAyNQ,breast_msk_2025_structural_variants,P-0019340-T01-IM6,P-0019340,breast_msk_2025,RECQL,NA,16,1564105,NA,NA,-1,Intron of IFT140(-):3Kb before exon 31,,,NA,12,21644586,NA,NA,-1,Exon 4 of RECQL(-),NA,GRCh37,NA,NA,0,0,0,38,-1,-1,-1,-1,RECQL (NM_032941)  rearrangement: t(12;16)(p12.1;p13.3)(chr12:g.21644586::chr16:g.1564105),PRECISE,3to3,RECQL-intragenic,TRANSLOCATION,0,Note: The RECQL rearrangement is a translocation that may result in the truncation of exons 4-16. One of the breakpoints is within exon 4. The functional significance is undetermined.,SOMATIC,5965.0
UC0wMDM0NzgzLVQwMS1JTTY6YnJlYXN0X21za18yMDI1,UC0wMDM0NzgzOmJyZWFzdF9tc2tfMjAyNQ,breast_msk_2025_structural_variants,P-0034783-T01-IM6,P-0034783,breast_msk_2025,RECQL4,NA,8,130007438,NA,NA,-1,IGR: 221Kb before LINC00977(-),,,NA,8,145738799,NA,NA,-1,Exon 14 of RECQL4(-),NA,GRCh37,yes,unk,59227,92772,0,73,-1,51,-1,10,RECQL4 (NM_004260) rearrangement: c.2266:RECQL4_chr8:g.130007438inv,PRECISE,5to5,RECQL4-intragenic,INVERSION,15731361,Note: The RECQL4 rearrangement results in the inversion of exons 14-22. One of the breakpoints is within exon 14. The functional significance is undetermined.,SOMATIC,9401.0
UC0wMDM2MTgxLVQwMS1JTTY6YnJlYXN0X21za18yMDI1,UC0wMDM2MTgxOmJyZWFzdF9tc2tfMjAyNQ,breast_msk_2025_structural_variants,P-0036181-T01-IM6,P-0036181,breast_msk_2025,RECQL4,NA,8,145736529,NA,NA,-1,Promoter of RECQL4(-):137bp from tx start,,,NA,8,145738856,NA,NA,-1,Exon 14 of RECQL4(-),NA,GRCh37,yes,unk,15160,21658,0,209,-1,209,-1,10,RECQL4 (NM_004260) rearrangement: c.2209:RECQL4_chr8:g.145736529del,PRECISE,3to3,RECQL4-intragenic,INVERSION,2327,Note: The RECQL4 rearrangement is a deletion of exons 14-22. One of the breakpoints is within exon 14. Its functional significance is undetermined.,SOMATIC,9401.0
UC0wMDAzMjIzLVQwNC1JTTY6YnJlYXN0X21za18yMDI1,UC0wMDAzMjIzOmJyZWFzdF9tc2tfMjAyNQ,breast_msk_2025_structural_variants,P-0003223-T04-IM6,P-0003223,breast_msk_2025,RET,NA,10,43608871,NA,NA,-1,Intron of RET(+):132bp before exon 10,,,NA,10,43610429,NA,NA,-1,Intron of RET(+):245bp after exon 11,NA,GRCh37,NA,NA,16220,24364,0,2,-1,-1,-1,-1,RET (NM_020975) rearrangement: c.1760-133_c.2136+245inv,PRECISE,3to3,Antisense Fusion,INVERSION,1558,Note: The RET rearrangement results in the inversion of exons 10-11. The functional significance is undetermined.,SOMATIC,5979.0
UC0wMDA0OTE4LVQwMi1JTTY6YnJlYXN0X21za18yMDI1,UC0wMDA0OTE4OmJyZWFzdF9tc2tfMjAyNQ,breast_msk_2025_structural_variants,P-0004918-T02-IM6,P-0004918,breast_msk_2025,RGS7,NA,1,241357653,NA,NA,-1,Intron of RGS7(-):96Kb before exon 3,2271.0,FH,NA,1,241666009,NA,NA,-1,Intron of FH(-):139bp before exon 8,NA,GRCh37,NA,NA,5053,10354,0,26,-1,-1,-1,-1,RGS7 (NM_002924) - FH (NM_000143) rearrangement: c.79-95591:RGS7_c.1109-139:FHdup,PRECISE,5to3,Protein Fusion: out of frame  {RGS7:FH},DUPLICATION,308356,Note: The RGS7 - FH rearrangement is a duplication that results in the fusion of RGS7 exons 1-2 to FH exons 8-10. The functional significance is undetermined.,SOMATIC,6000.0
UC0wMDA1NjAyLVQwMi1JTTU6YnJlYXN0X21za18yMDI1,UC0wMDA1NjAyOmJyZWFzdF9tc2tfMjAyNQ,breast_msk_2025_structural_variants,P-0005602-T02-IM5,P-0005602,breast_msk_2025,RICTOR,NA,5,38676595,NA,NA,-1,IGR: 169Kb before OSMR(+),,,NA,5,38949780,NA,NA,-1,Intron of RICTOR(-): 34bp after exon 31,NA,GRCh37,NA,NA,19178,21147,0,47,-1,-1,-1,-1,RICTOR (NM_152756) rearrangement:chr5:g.38676595_c.4136+34:RICTORinv,PRECISE,5to5,RICTOR-intragenic,INVERSION,273185,Note: The  RICTOR (NM_152756) rearrangement that results in an inversion of RICTOR exons 32-38. The functional significance of this rearrangement is undetermined.,SOMATIC,253260.0
UC0wMDI5NzUzLVQwMS1JTTY6YnJlYXN0X21za18yMDI1,UC0wMDI5NzUzOmJyZWFzdF9tc2tfMjAyNQ,breast_msk_2025_structural_variants,P-0029753-T01-IM6,P-0029753,breast_msk_2025,RICTOR,NA,5,39059063,NA,NA,-1,Intron of RICTOR(-):15Kb after exon 2,,,NA,5,39074440,NA,NA,-1,Exon 1 of RICTOR(-),NA,GRCh37,NA,NA,864,1632,0,46,-1,-1,-1,-1,RICTOR (NM_152756) rearrangement: c.40_c.97+15150dup,PRECISE,5to3,Duplication within transcript : mid-exon,DUPLICATION,15377,Note: The RICTOR rearrangement is an intragenic duplication of exons 1-2. One of the breakpoints is within exon 1. The functional significance is undetermined.,SOMATIC,253260.0
UC0wMDMyNDk5LVQwMi1JTTY6YnJlYXN0X21za18yMDI1,UC0wMDMyNDk5OmJyZWFzdF9tc2tfMjAyNQ,breast_msk_2025_structural_variants,P-0032499-T02-IM6,P-0032499,breast_msk_2025,RIT1,NA,1,155880825,NA,NA,-1,5-UTR of RIT1(-):11Kb before coding start,,,NA,1,210771585,NA,NA,-1,Intron of HHAT(+):10Kb after exon 9,NA,GRCh37,NA,NA,265435,392324,0,11,-1,-1,-1,-1,RIT1 (NM_006912) Rearrangement : c.-44+209:RIT_c.1245+10142:HHAT1del,IMPPRECISE,3to5,RIT1-intragenic,DELETION,54890760,Note: The RIT1 Rearrangement results in the deletion of the 5-UTR region of RIT1. The breakpoint is within the 5-UTR region of RIT1.Its functional significance is undetermined.,SOMATIC,6016.0
UC0wMDIxODI2LVQwMS1JTTY6YnJlYXN0X21za18yMDI1,UC0wMDIxODI2OmJyZWFzdF9tc2tfMjAyNQ,breast_msk_2025_structural_variants,P-0021826-T01-IM6,P-0021826,breast_msk_2025,RIT1,NA,1,155880066,NA,NA,-1,Intron of RIT1(-):174bp after exon 3,11243.0,PMF1,NA,1,156194609,NA,NA,-1,Intron of PMF1-BGLAP(+):11Kb before exon 2,NA,GRCh37,NA,NA,3982,14496,0,10,-1,-1,-1,-1,RIT1 (NM_006912) - PMF1-BGLAP (NM_001199662) rearrangement: c.163+175:RIT1_c.162-7502:PMF1-BGLAPinv,PRECISE,5to5,Protein Fusion: out of frame  {RIT1:PMF1-BGLAP},INVERSION,314543,Note: The RIT1 - PMF1-BGLAP rearrangement is an inversion which results in the fusion of RIT1 exons 1-3 with PMF1-BGLAP exons 2-6.  Its functional significance is undetermined.,SOMATIC,6016.0
UC0wMDQ0NzY4LVQwMS1JTTY6YnJlYXN0X21za18yMDI1,UC0wMDQ0NzY4OmJyZWFzdF9tc2tfMjAyNQ,breast_msk_2025_structural_variants,P-0044768-T01-IM6,P-0044768,breast_msk_2025,RNF145,NA,10,123243127,NA,NA,-1,Intron of FGFR2(-):84bp after exon 17,2263.0,FGFR2,NA,5,158598146,NA,NA,-1,Intron of RNF145(-):1Kb before exon 7,NA,GRCh37,yes,unk,0,0,1,110,-1,105,-1,10,RNF145 (NM_144726) - FGFR2 (NM_000141) rearrangement: t(5;10)(q33.3;q26.13)(chr5:g.158598146::chr10:g.123243127),PRECISE,3to5,Protein Fusion: out of frame  {RNF145:FGFR2},TRANSLOCATION,0,Note: The RNF145 - FGFR2 rearrangement is a translocation that results in a fusion of RNF145 exons 1 - 6 to FGFR2 exon 18. The fusion does not include the kinase domain of FGFR2.,SOMATIC,153830.0
UC0wMDI0MjA2LVQwMS1JTTY6YnJlYXN0X21za18yMDI1,UC0wMDI0MjA2OmJyZWFzdF9tc2tfMjAyNQ,breast_msk_2025_structural_variants,P-0024206-T01-IM6,P-0024206,breast_msk_2025,RNF213,NA,17,78359671,NA,NA,-1,Intron of RNF213(+):250bp after exon 61,57521.0,RPTOR,NA,17,78866473,NA,NA,-1,Intron of RPTOR(+):55bp before exon 19,NA,GRCh37,yes,unk,33344,70022,0,48,-1,47,-1,10,RNF213 (NM_001256071) - RPTOR (NM_020761) rearrangement: c.14539+250:RNF213_c.2102-56:RPTORdel,PRECISE,3to5,Protein Fusion: in frame  {RNF213:RPTOR},DELETION,506802,Note: The RNF213 - RPTOR rearrangement is a deletion that results in the in-frame fusion of RNF213 exons 1-61 with RPTOR exon 19-34. The functional significance is undetermined.,SOMATIC,57674.0
UC0wMDA0NDMzLVQwMS1JTTU6YnJlYXN0X21za18yMDI1,UC0wMDA0NDMzOmJyZWFzdF9tc2tfMjAyNQ,breast_msk_2025_structural_variants,P-0004433-T01-IM5,P-0004433,breast_msk_2025,RNF43,NA,17,56440006,NA,NA,-1,Exon 6 of RNF43(-),54828.0,BCAS3,NA,17,59452393,NA,NA,-1,Intron of BCAS3(+): 7Kb after exon 23,NA,GRCh37,yes,unk,71240,89736,0,33,-1,33,-1,41,RNF43 (NM_017763) Rearrangement : c.586:RNF43_chr17.g.59452393inv,PRECISE,3to3,Protein fusion: mid-exon (BCAS3-RNF43),INVERSION,3012387,Note: The RNF43 (NM_017763) Rearrangement  results in the inversion of exons 1 to 6 of RNF43.The breakpoint is within exon6.Its functional significance is undetermined.,SOMATIC,54894.0
UC0wMDUwMDg4LVQwMS1JTTY6YnJlYXN0X21za18yMDI1,UC0wMDUwMDg4OmJyZWFzdF9tc2tfMjAyNQ,breast_msk_2025_structural_variants,P-0050088-T01-IM6,P-0050088,breast_msk_2025,RNF43,NA,17,56440822,NA,NA,-1,Intron of RNF43(-):55bp before exon 5,1213.0,CLTC,NA,17,57721004,NA,NA,-1,Intron of CLTC(+):632bp before exon 2,NA,GRCh37,yes,unk,18009,164459,0,8,-1,8,-1,0,RNF43 (NM_017763) - CLTC (NM_004859) rearrangement: c.451-55:RNF43_c.43-633:CLTCinv,IMPPRECISE,5to5,Protein Fusion: in frame  {RNF43:CLTC},INVERSION,1280182,Note: The RNF43 - CLTC rearrangement is an inversion that results in a fusion of RNF43 exons 1 - 4 to CLTC exons 2 - 32. The fusion is predicted to be in frame. Functional significance is undetermined.,SOMATIC,54894.0
UC0wMDQzNDE5LVQwMS1JTTY6YnJlYXN0X21za18yMDI1,UC0wMDQzNDE5OmJyZWFzdF9tc2tfMjAyNQ,breast_msk_2025_structural_variants,P-0043419-T01-IM6,P-0043419,breast_msk_2025,RNF43,NA,17,56438017,NA,NA,-1,Intron of RNF43(-):126bp after exon 7,2081.0,ERN1,NA,17,62171988,NA,NA,-1,Intron of ERN1(-):3Kb after exon 2,NA,GRCh37,yes,unk,71023,181958,0,238,-1,230,-1,10,RNF43 (NM_017763) - ERN1 (NM_001433) rearrangement: c.849+127:RNF43_c.175+3493:ERN1dup,PRECISE,5to3,Protein Fusion: out of frame  {RNF43:ERN1},DUPLICATION,5733971,Note: The RNF43 - ERN1 rearrangement is a duplication that results in a fusion of RNF43 exons 1 - 7 to ERN1 exons 3 - 22. Functional significance is undetermined.,SOMATIC,54894.0
UC0wMDIzMTkyLVQwMS1JTTY6YnJlYXN0X21za18yMDI1,UC0wMDIzMTkyOmJyZWFzdF9tc2tfMjAyNQ,breast_msk_2025_structural_variants,P-0023192-T01-IM6,P-0023192,breast_msk_2025,RNF43,NA,17,56492816,NA,NA,-1,Exon 2 of RNF43(-),124535.0,HSF5,NA,17,56511985,NA,NA,-1,Intron of HSF5(-):12Kb before exon 6,NA,GRCh37,yes,unk,686,699,0,9,-1,9,-1,9,RNF43 (NM_017763) rearrangement: c.123:RNF43_chr17:g.56511985inv,PRECISE,5to5,Antisense Fusion,INVERSION,19169,Note: The RNF43 rearrangement is an inversion with a breakpoint in exon 2. The functional significance is undetermined.,SOMATIC,54894.0
UC0wMDIwNDg0LVQwMS1JTTY6YnJlYXN0X21za18yMDI1,UC0wMDIwNDg0OmJyZWFzdF9tc2tfMjAyNQ,breast_msk_2025_structural_variants,P-0020484-T01-IM6,P-0020484,breast_msk_2025,RNF43,NA,17,56492944,NA,NA,-1,5-UTR of RNF43(-):61Kb before coding start,26115.0,TANC2,NA,17,61251625,NA,NA,-1,Intron of TANC2(+):20Kb before exon 4,NA,GRCh37,yes,unk,80576,79343,0,15,-1,15,-1,10,RNF43 (NM_017763) Rearrangement : c.-6:RNF43_chr17:g.61251625inv,PRECISE,3to3,Transcript Fusion {TANC2:RNF43},INVERSION,4758681,"Note: The RNF43 Rearrangement results in the an inversion, one of the breakpoints is within the 5-UTR region , 6bp before the transcription start site. Its functional significance is undetermined.",SOMATIC,54894.0
UC0wMDA2NjIyLVQwMS1JTTU6YnJlYXN0X21za18yMDI1,UC0wMDA2NjIyOmJyZWFzdF9tc2tfMjAyNQ,breast_msk_2025_structural_variants,P-0006622-T01-IM5,P-0006622,breast_msk_2025,RNFT1,NA,17,58037652,NA,NA,-1,Intron of RNFT1(-): 123bp before exon 4,8493.0,PPM1D,NA,17,58677869,NA,NA,-1,Exon 1 of PPM1D(+),NA,GRCh37,yes,unk,3339,3265,0,19,-1,20,-1,58,RNFT1 (NM_016125) - PPM1D (NM_003620) rearrangement : c.592-123:RNFT1_c.94:PPM1Dinv,PRECISE,5to5,Protein fusion: mid-exon (RNFT1-PPM1D),INVERSION,640217,Note: The RNFT1 (NM_016125) - PPM1D (NM_003620) rearrangement event is a deletion which results in the fusion of RNFT1 exons 1-4 within PPM1D exons 1-6. One of the breakpoints is within PPM1D exon1.,SOMATIC,51136.0
UC0wMDI4OTI2LVQwMS1JTTY6YnJlYXN0X21za18yMDI1,UC0wMDI4OTI2OmJyZWFzdF9tc2tfMjAyNQ,breast_msk_2025_structural_variants,P-0028926-T01-IM6,P-0028926,breast_msk_2025,ROS1,NA,6,117645958,NA,NA,-1,Intron of ROS1(-):380bp before exon 34,,,NA,6,160895908,NA,NA,-1,3-UTR of LPAL2(-):36Kb after coding stop,NA,GRCh37,NA,NA,257397,189052,0,5,-1,-1,-1,-1,ROS1 (NM_002944) rearrangement: c.5558-380:ROS1_chr6:g.160895908inv,PRECISE,3to3,ROS1-intragenic,INVERSION,43249950,Note: The ROS1 rearrangement results in the inversion ROS1 exons 1 to 33. The functional significance is undetermined.,SOMATIC,6098.0
UC0wMDIwNzIyLVQwMi1JTTY6YnJlYXN0X21za18yMDI1,UC0wMDIwNzIyOmJyZWFzdF9tc2tfMjAyNQ,breast_msk_2025_structural_variants,P-0020722-T02-IM6,P-0020722,breast_msk_2025,ROS1,NA,6,105138089,NA,NA,-1,IGR: 38Kb before HACE1(-),,,NA,6,117709166,NA,NA,-1,Exon 13 of ROS1(-),NA,GRCh37,NA,NA,175102,432992,0,5,-1,-1,-1,-1,ROS1 (NM_002944) rearrangement: c.1791:ROS1_chr6:g.105138089inv,PRECISE,5to5,ROS1-intragenic,INVERSION,12571077,Note: The ROS1 rearrangement is an inversion of exons 13-43. One of the breakpoints is within exon 13. its functional significance is undetermined.,SOMATIC,6098.0
UC0wMDE2NzQ3LVQwMS1JTTY6YnJlYXN0X21za18yMDI1,UC0wMDE2NzQ3OmJyZWFzdF9tc2tfMjAyNQ,breast_msk_2025_structural_variants,P-0016747-T01-IM6,P-0016747,breast_msk_2025,ROS1,NA,6,117646784,NA,NA,-1,Intron of ROS1(-):602bp after exon 33,,,NA,6,126400977,NA,NA,-1,IGR: 33Kb before MIR5695(-),NA,GRCh37,NA,NA,107108,232934,0,28,-1,-1,-1,-1,ROS1 (NM_002944) Rearrangement : c.5557+603:ROS1_chr6:g.126400977del,PRECISE,3to5,ROS1-intragenic,DELETION,8754193,Note: The ROS1 Rearrangement results in the deletion of exons 1-33. The functional significance is undetermined.,SOMATIC,6098.0
UC0wMDMyNDI3LVQwMS1JTTY6YnJlYXN0X21za18yMDI1,UC0wMDMyNDI3OmJyZWFzdF9tc2tfMjAyNQ,breast_msk_2025_structural_variants,P-0032427-T01-IM6,P-0032427,breast_msk_2025,RPRD2,NA,1,150373570,NA,NA,-1,Intron of RPRD2(+):17Kb before exon 2,4170.0,MCL1,NA,1,150551493,NA,NA,-1,Exon 1 of MCL1(-),NA,GRCh37,yes,unk,4747,7704,0,78,-1,66,-1,10,RPRD2 (NM_015203) - MCL1 (NM_021960) rearrangement: c.206-16502:RPRD2_c.514:MCL1inv,PRECISE,3to3,Protein Fusion: mid-exon  {RPRD2:MCL1},INVERSION,177923,Note: The RPRD2 - MCL1 rearrangement is an inversion that results in the fusion of RPRD2 exons 1 with MCL1 exons 1-3. One of the breakpoints is within MCL1 exon 1. The functional significance is undetermined.,SOMATIC,23248.0
UC0wMDA4MjE1LVQwMS1JTTU6YnJlYXN0X21za18yMDI1,UC0wMDA4MjE1OmJyZWFzdF9tc2tfMjAyNQ,breast_msk_2025_structural_variants,P-0008215-T01-IM5,P-0008215,breast_msk_2025,RPS6KA4,NA,11,64132691,NA,NA,-1,Intron of RPS6KA4(+): 82bp before exon 9,,,NA,11,64134809,NA,NA,-1,Intron of RPS6KA4(+): 795bp before exon 10,NA,GRCh37,yes,unk,2178,1969,0,11,-1,17,-1,20,RPS6KA4 (NM_003942) rearrangement: c.907-82_c.1072-795inv,PRECISE,5to5,RPS6KA4-intragenic,INVERSION,2118,RPS6KA4 (NM_003942) rearrangement results in an inversion of exon 9 including the protein kinase C-terminal domain. The functional significance is undetermined.,SOMATIC,8986.0
UC0wMDM5NzA2LVQwMS1JTTY6YnJlYXN0X21za18yMDI1,UC0wMDM5NzA2OmJyZWFzdF9tc2tfMjAyNQ,breast_msk_2025_structural_variants,P-0039706-T01-IM6,P-0039706,breast_msk_2025,RPS6KA4,NA,11,64132309,NA,NA,-1,Intron of RPS6KA4(+):463bp before exon 9,,,NA,11,64136956,NA,NA,-1,Exon 13 of RPS6KA4(+),NA,GRCh37,NA,NA,9545,8842,0,11,-1,-1,-1,-1,RPS6KA4 (NM_003942) rearrangement: c.907-464_c.1467inv,PRECISE,3to3,Antisense Fusion,INVERSION,4647,Note: The RPS6KA4 rearrangement is an intragenic inversion of exons 9 - 13. One of the breakpoints is within exon 13. Functional significance is undetermined.,SOMATIC,8986.0
UC0wMDEyNjc0LVQwMS1JTTU6YnJlYXN0X21za18yMDI1,UC0wMDEyNjc0OmJyZWFzdF9tc2tfMjAyNQ,breast_msk_2025_structural_variants,P-0012674-T01-IM5,P-0012674,breast_msk_2025,RPS6KA4,NA,11,64135589,NA,NA,-1,Intron of RPS6KA4(+): 15bp before exon 10,1794.0,DOCK2,NA,5,169409522,NA,NA,-1,Intron of DOCK2(+): 550bp before exon 28,NA,GRCh37,yes,unk,0,0,0,61,-1,61,-1,0,DOCK2 (NM_004946) - RPS6KA4 (NM_003942) rearrangement:t(5;11)(q35.1;q13.1)(chr5:g.169409522::chr11:g.64135589),IMPRECISE,5to3,Protein fusion: in frame (DOCK2-RPS6KA4),TRANSLOCATION,0,Note: The DOCK2 - RPS6KA4 rearrangement is a translocation which results in the fusion of DOCK2 exons 1 - 27 with RPS6KA4 exons 10 - 17. The functional significance is undetermined.,SOMATIC,8986.0
UC0wMDU3MjI5LVQwMi1JTTc6YnJlYXN0X21za18yMDI1,UC0wMDU3MjI5OmJyZWFzdF9tc2tfMjAyNQ,breast_msk_2025_structural_variants,P-0057229-T02-IM7,P-0057229,breast_msk_2025,RPS6KB2,NA,11,67200405,NA,NA,-1,Intron of RPS6KB2(+):17bp before exon 8,,,NA,11,67910084,NA,NA,-1,IGR: 12Kb before SUV420H1(-),NA,GRCh37,yes,unk,12140,17483,0,102,-1,59,-1,10,RPS6KB2 (NM_003952) rearrangement: c.617-18:RPS6KB2_chr11:g.67910084del,PRECISE,3to5,RPS6KB2-intragenic,DELETION,709679,Note: The RPS6KB2 rearrangement is a deletion of exons 8 - 15. The rearrangement includes a part of the kinase domain of RPS6KB2. Functional significance is undetermined.,SOMATIC,6199.0
UC0wMDMzMjQ0LVQwMy1JTTY6YnJlYXN0X21za18yMDI1,UC0wMDMzMjQ0OmJyZWFzdF9tc2tfMjAyNQ,breast_msk_2025_structural_variants,P-0033244-T03-IM6,P-0033244,breast_msk_2025,RRAS,NA,19,50130834,NA,NA,-1,Promoter of PRR12(+):36Kb from tx start,,,NA,19,50140342,NA,NA,-1,Exon 2 of RRAS(-),NA,GRCh37,yes,unk,7625,7197,0,5,-1,5,-1,0,RRAS (NM_006270) rearrangement: c.199:RRAS_chr19:g.50130834inv,IMPPRECISE,3to3,Protein Fusion: mid-exon  {PRR12:RRAS},INVERSION,9508,Note: The RRAS rearrangement is an inversion of exons 2 - 6. One of the breakpoints is within exon 2. Functional significance is undetermined.,SOMATIC,6237.0
UC0wMDM3MjQxLVQwMS1JTTY6YnJlYXN0X21za18yMDI1,UC0wMDM3MjQxOmJyZWFzdF9tc2tfMjAyNQ,breast_msk_2025_structural_variants,P-0037241-T01-IM6,P-0037241,breast_msk_2025,RRAS,NA,19,50138888,NA,NA,-1,Exon 6 of RRAS(-),157855.0,KCNU1,NA,8,36722354,NA,NA,-1,Intron of KCNU1(+):315bp after exon 19,NA,GRCh37,yes,unk,0,0,0,6,-1,6,-1,10,RRAS (NM_006270) - KCNU1 (NM_001031836) rearrangement: t(8;19)(p11.23)(q.13.33)(chr8:g.36722354::chr19:g.50138888),PRECISE,5to5,Protein Fusion: mid-exon  {RRAS:KCNU1},TRANSLOCATION,0,Note: The RRAS - KCNU1 rearrangement is a translocation which may result in the fusion of RRAS exons 1-6 with KCNU1 exons 20-27. One of the breakpoints is within RRAS exon 6. Its functional significance is undetermined.,SOMATIC,6237.0
UC0wMDU3NjAxLVQwMS1JTTY6YnJlYXN0X21za18yMDI1,UC0wMDU3NjAxOmJyZWFzdF9tc2tfMjAyNQ,breast_msk_2025_structural_variants,P-0057601-T01-IM6,P-0057601,breast_msk_2025,RSPO3,NA,6,127448640,NA,NA,-1,Intron of RSPO3(+):8Kb after exon 1,7128.0,TNFAIP3,NA,6,138199647,NA,NA,-1,Exon 7 of TNFAIP3(+),NA,GRCh37,NA,NA,37216,58682,0,545,-1,-1,-1,-1,RSPO3 (NM_032784) - TNFAIP3 (NM_006290) rearrangement: c.97+8206:RSPO3_c.1065:TNFAIP3del,PRECISE,3to5,Protein Fusion: mid-exon  {RSPO3:TNFAIP3},DELETION,10751007,Note: The RSPO3 - TNFAIP3 rearrangement is a deletion that results in a fusion of RSPO3 exon 1 to TNFAIP3 exons 7 - 9. One of the breakpoints is within TNFAIP3 exon 7.,SOMATIC,84870.0
UC0wMDM0OTIwLVQwMS1JTTY6YnJlYXN0X21za18yMDI1,UC0wMDM0OTIwOmJyZWFzdF9tc2tfMjAyNQ,breast_msk_2025_structural_variants,P-0034920-T01-IM6,P-0034920,breast_msk_2025,RTEL1,NA,20,52416941,NA,NA,-1,IGR: 74Kb before SUMO1P1(-),,,NA,20,62324107,NA,NA,-1,Intron of RTEL1(+):50bp before exon 29,NA,GRCh37,NA,NA,77191,136277,0,40,-1,-1,-1,-1,RTEL1 (NM_032957) rearrangement: c.2725-51:RTEL1_chr20:g.52416941del,PRECISE,3to5,RTEL1-intragenic,DELETION,9907166,Note: The RTEL1 rearrangement is a deletion of exons 1-28. Its functional significance is undetermined.,SOMATIC,51750.0
UC0wMDM2MzEyLVQwMS1JTTY6YnJlYXN0X21za18yMDI1,UC0wMDM2MzEyOmJyZWFzdF9tc2tfMjAyNQ,breast_msk_2025_structural_variants,P-0036312-T01-IM6,P-0036312,breast_msk_2025,RTEL1,NA,20,62309648,NA,NA,-1,Exon 12 of RTEL1(+),,,NA,20,62322691,NA,NA,-1,Intron of RTEL1(+):391bp after exon 27,NA,GRCh37,yes,unk,29122,47664,0,30,-1,29,-1,10,RTEL1 (NM_032957) Rearrangement  : c.986:_c.2628+391del,PRECISE,3to5,Deletion within transcript : mid-exon,DELETION,13043,Note: The RTEL1 Rearrangement results in the intragenic deletion of exons 12-27. One of the breakpoints is within exon12.Its functional significance is undetermined.,SOMATIC,51750.0
UC0wMDI1MTg3LVQwMi1JTTY6YnJlYXN0X21za18yMDI1,UC0wMDI1MTg3OmJyZWFzdF9tc2tfMjAyNQ,breast_msk_2025_structural_variants,P-0025187-T02-IM6,P-0025187,breast_msk_2025,RTEL1,NA,20,62323185,NA,NA,-1,Exon 28 of RTEL1(+),,,NA,8,36806047,NA,NA,-1,IGR: 164Kb before KCNU1(+),NA,GRCh37,NA,NA,0,0,0,738,-1,-1,-1,-1,RTEL1 (NM_032957) rearrangement: t(8;20)(p11.23;q13.33)(chr8:g.36806047::chr20:g.62323185),PRECISE,3to3,RTEL1-intragenic,TRANSLOCATION,0,Note: The RTEL1 rearrangement is a translocation with a breakpoint in exon 28. The functional significance is undetermined.,SOMATIC,51750.0
UC0wMDI1MTg3LVQwMS1JTTY6YnJlYXN0X21za18yMDI1,UC0wMDI1MTg3OmJyZWFzdF9tc2tfMjAyNQ,breast_msk_2025_structural_variants,P-0025187-T01-IM6,P-0025187,breast_msk_2025,RTEL1,NA,20,62323185,NA,NA,-1,Exon 28 of RTEL1(+),,,NA,8,36806047,NA,NA,-1,IGR: 164Kb before KCNU1(+),NA,GRCh37,NA,NA,0,0,0,108,-1,-1,-1,-1,RTEL1 (NM_032957) rearrangement: t(8;20)(p11.23;q13.33)(chr8:g.36806047::chr20:g.62323185),PRECISE,3to3,RTEL1-intragenic,TRANSLOCATION,0,Note: The RTEL1 rearrangement is a translocation with a breakpoint in exon 28. The functional significance is undetermined.,SOMATIC,51750.0
UC0wMDMxOTMyLVQwMy1JTTY6YnJlYXN0X21za18yMDI1,UC0wMDMxOTMyOmJyZWFzdF9tc2tfMjAyNQ,breast_msk_2025_structural_variants,P-0031932-T03-IM6,P-0031932,breast_msk_2025,RTEL1,NA,20,62310376,NA,NA,-1,Intron of RTEL1(+):677bp after exon 12,,,NA,20,62320863,NA,NA,-1,Exon 23 of RTEL1(+),NA,GRCh37,yes,unk,13407,17869,0,3,-1,3,-1,5,RTEL1 (NM_032957) rearrangement: c.1109+677_c.1959dup,PRECISE,5to3,Duplication within transcript : mid-exon,DUPLICATION,10487,Note: The RTEL1 rearrangement results in the duplication of exons 13-25. One of the breakpoints is within exon 23. The functional significance is undetermined.,SOMATIC,51750.0
UC0wMDAyNjMwLVQwMS1JTTM6YnJlYXN0X21za18yMDI1,UC0wMDAyNjMwOmJyZWFzdF9tc2tfMjAyNQ,breast_msk_2025_structural_variants,P-0002630-T01-IM3,P-0002630,breast_msk_2025,RUNX1,NA,21,36206692,NA,NA,-1,Intron of RUNX1(-): 15bp after exon 4,,,NA,21,36242387,NA,NA,-1,Intron of RUNX1(-): 10Kb after exon 2,NA,GRCh37,yes,unk,3336,5304,0,35,-1,29,-1,51,NA,PRECISE,5to3,Duplication of 2 exons: in frame,DUPLICATION,35695,RUNX1 duplication is a structural rearrangement event in which exons 3 and 4 are duplicated. Its functional significance is not determined.,SOMATIC,861.0
UC0wMDA0ODkzLVQwMS1JTTU6YnJlYXN0X21za18yMDI1,UC0wMDA0ODkzOmJyZWFzdF9tc2tfMjAyNQ,breast_msk_2025_structural_variants,P-0004893-T01-IM5,P-0004893,breast_msk_2025,RUNX1,NA,21,36237272,NA,NA,-1,Intron of RUNX1(-): 5Kb before exon 3,,,NA,21,36253000,NA,NA,-1,Exon 2 of RUNX1(-),NA,GRCh37,yes,unk,2155,2832,0,57,-1,57,-1,58,RUNX1(NM_001754) rearrangement: c.362_c.509-5397dup.,PRECISE,5to3,Duplication within transcript: mid-exon,DUPLICATION,15728,The RUNX1(NM_001754) rearrangement is an intragenic duplication of exon 5. The breakpoint is within exon 5. The functional significance is undetermined.,SOMATIC,861.0
UC0wMDI4NTk5LVQwMy1JTTY6YnJlYXN0X21za18yMDI1,UC0wMDI4NTk5OmJyZWFzdF9tc2tfMjAyNQ,breast_msk_2025_structural_variants,P-0028599-T03-IM6,P-0028599,breast_msk_2025,RUNX1,NA,21,36164636,NA,NA,-1,Exon 9 of RUNX1(-),,,NA,21,36165959,NA,NA,-1,Intron of RUNX1(-):1Kb before exon 9,NA,GRCh37,yes,unk,3046,1024,0,24,-1,23,-1,10,RUNX1 (NM_001754) rearrangement: c.968-1052_c.1239dup,PRECISE,5to3,Duplication within transcript : mid-exon,DUPLICATION,1323,Note: The RUNX1 rearrangement is an intragenic duplication of exon 9. One of the breakpoints is within exon 9. The functional significance is undetermined.,SOMATIC,861.0
UC0wMDI4NTk5LVQwMS1JTTY6YnJlYXN0X21za18yMDI1,UC0wMDI4NTk5OmJyZWFzdF9tc2tfMjAyNQ,breast_msk_2025_structural_variants,P-0028599-T01-IM6,P-0028599,breast_msk_2025,RUNX1,NA,21,36164636,NA,NA,-1,Exon 9 of RUNX1(-),,,NA,21,36165959,NA,NA,-1,Intron of RUNX1(-):1Kb before exon 9,NA,GRCh37,NA,NA,2524,7656,0,176,-1,-1,-1,-1,RUNX1 (NM_001754) rearrangement: c.968-1052_c.1239dup,PRECISE,5to3,Duplication within transcript : mid-exon,DUPLICATION,1323,Note: The RUNX1 rearrangement is an intragenic duplication of exon 9. One of the breakpoints is within exon 9. The functional significance is undetermined.,SOMATIC,861.0
UC0wMDQ4MTA0LVQwMS1JTTY6YnJlYXN0X21za18yMDI1,UC0wMDQ4MTA0OmJyZWFzdF9tc2tfMjAyNQ,breast_msk_2025_structural_variants,P-0048104-T01-IM6,P-0048104,breast_msk_2025,RUNX1,NA,21,36251672,NA,NA,-1,Intron of RUNX1(-):1Kb after exon 5,,,NA,21,36259206,NA,NA,-1,Exon 4 of RUNX1(-),NA,GRCh37,yes,unk,1785,2656,0,4,-1,4,-1,9,RUNX1 (NM_001754) rearrangement: c.285_c.508+1182dup,PRECISE,5to3,Duplication within transcript : mid-exon,DUPLICATION,7534,Note: The RUNX1 rearrangement is an intragenic duplication of exons 4 - 5. One of the breakpoints is within exon 4. Functional significance is undetermined.,SOMATIC,861.0
UC0wMDM4NTAxLVQwMS1JTTY6YnJlYXN0X21za18yMDI1,UC0wMDM4NTAxOmJyZWFzdF9tc2tfMjAyNQ,breast_msk_2025_structural_variants,P-0038501-T01-IM6,P-0038501,breast_msk_2025,RUNX1,NA,21,36164904,NA,NA,-1,Exon 9 of RUNX1(-),,,NA,4,41311832,NA,NA,-1,IGR: 50Kb before LIMCH1(+),NA,GRCh37,yes,unk,0,0,0,7,-1,8,-1,10,RUNX1 (NM_001754) rearrangement: t(4;21)(p13;q22.12)(chr4:g.41311832::chr21:g.36164904),PRECISE,5to5,RUNX1-intragenic,TRANSLOCATION,0,Note: The RUNX1 rearrangement is a translocation with a breakpoint in exon 9. Its functional significance is undetermined.,SOMATIC,861.0
UC0wMDQ0ODQzLVQwMS1JTTY6YnJlYXN0X21za18yMDI1,UC0wMDQ0ODQzOmJyZWFzdF9tc2tfMjAyNQ,breast_msk_2025_structural_variants,P-0044843-T01-IM6,P-0044843,breast_msk_2025,RYBP,NA,3,72025951,NA,NA,-1,IGR: 59Kb before LINC00877(-),,,NA,3,72495717,NA,NA,-1,Exon 1 of RYBP(-),NA,GRCh37,NA,NA,7761,6282,0,33,-1,-1,-1,-1,RYBP (NM_012234) rearrangement: c.58:RYBP_chr3:g.72025951del,PRECISE,3to5,RYBP-intragenic,DELETION,469766,Note: The RYBP rearrangement is a deletion of exons 1 - 4. One of the breakpoints is within exon 1.,SOMATIC,23429.0
UC0wMDA0MTMzLVQwMS1JTTU6YnJlYXN0X21za18yMDI1,UC0wMDA0MTMzOmJyZWFzdF9tc2tfMjAyNQ,breast_msk_2025_structural_variants,P-0004133-T01-IM5,P-0004133,breast_msk_2025,SBNO2,NA,19,1109693,NA,NA,-1,Exon 27 of SBNO2(-),3718.0,JAK3,NA,19,17955035,NA,NA,-1,Intron of JAK3(-): 8bp after exon 2,NA,GRCh37,yes,unk,746214,660414,0,25,-1,24,-1,36,JAK3 (NM_000215) -SBNO2 (NM_014963) Rearrangement :  c.184+8:JAK3_c.3112:SBNO2del,PRECISE,3to5,Protein fusion: mid-exon (JAK3-SBNO2),DELETION,16845342,Note: JAK3 (NM_000215) -SBNO2 (NM_014963) Rearrangement results in the fusion of of exons 1 to 2 of JAK3 with exons 27 to 32 of SBNO2.The breakpoint in SBNO2 is within exon 27. Its functional significance is undetermined.,SOMATIC,22904.0
UC0wMDA3NTE4LVQwMS1JTTU6YnJlYXN0X21za18yMDI1,UC0wMDA3NTE4OmJyZWFzdF9tc2tfMjAyNQ,breast_msk_2025_structural_variants,P-0007518-T01-IM5,P-0007518,breast_msk_2025,SBNO2,NA,19,1108469,NA,NA,-1,Exon 32 of SBNO2(-),6794.0,STK11,NA,19,1219265,NA,NA,-1,Intron of STK11(+): 58bp before exon 3,NA,GRCh37,yes,unk,4294,4835,0,18,-1,18,-1,49,SBNO2 (NM_014963) - STK11 (NM_000455)  Rearrangement  : c.3851:SBNO2_c.375-58:STK11inv,PRECISE,5to5,Protein fusion: mid-exon (SBNO2-STK11),INVERSION,110796,Note: The SBNO2 (NM_014963) - STK11 (NM_000455)  Rearrangement results in the fusin of exons 1 to 32 of SBNO2 and exons 3 to 9 of STK11. The breakpoint in SBNO2 is within exon 32. Its functional signficance is undetermined.,SOMATIC,22904.0
UC0wMDE0OTc2LVQwMS1JTTY6YnJlYXN0X21za18yMDI1,UC0wMDE0OTc2OmJyZWFzdF9tc2tfMjAyNQ,breast_msk_2025_structural_variants,P-0014976-T01-IM6,P-0014976,breast_msk_2025,SCAF11,NA,12,46298094,NA,NA,-1,Intron of ARID2(+): 623bp before exon 21,196528.0,ARID2,NA,12,46347258,NA,NA,-1,Intron of SFRS2IP(-): 2Kb before exon 4,NA,GRCh37,NA,NA,1405,2164,0,18,-1,-1,-1,-1,SCAF11 (NM_004719) - ARID2 (NM_152641) Rearrangement : c.220-1748:SCAF11_c.5364-623:ARID2inv,PRECISE,5to5,Protein fusion: out of frame (SFRS2IP-ARID2),INVERSION,49164,Note: The SCAF11- ARID2 Rearrangement results in the fusion of exons 1-3 of SCAF11 with exon 21 of ARID2. Its functional significance is undetermined.,SOMATIC,9169.0
UC0wMDQ0NDY3LVQwMS1JTTY6YnJlYXN0X21za18yMDI1,UC0wMDQ0NDY3OmJyZWFzdF9tc2tfMjAyNQ,breast_msk_2025_structural_variants,P-0044467-T01-IM6,P-0044467,breast_msk_2025,SCP2,NA,NA,-1,NA,NA,-1,NA,4914.0,NTRK1,NA,NA,-1,NA,NA,-1,NA,NA,GRCh37,yes,unk,-1,-1,-1,-1,-1,-1,-1,-1,POSITIVE FOR GENE FUSIONS IN THE INVESTIGATIONAL PANEL: SCP2-NTRK1 fusion. Note: The rearrangement is an in-frame fusion between genes SCP2 Exon13 (NM_002979) and NTRK1 Exon11 (NM_002529). Note: A 136bp intronic sequence from SCP2 intro13 was included in ,NA,NA,SCP2-NTRK1 Fusion - Archer,NA,-1,Lab Notes Run Number: Archerv3-CLIN-20190136 Macro-dissection: Not Performed,SOMATIC,6342.0
UC0wMDQ0NDY3LVQwMS1JTTY6YnJlYXN0X21za18yMDI1,UC0wMDQ0NDY3OmJyZWFzdF9tc2tfMjAyNQ,breast_msk_2025_structural_variants,P-0044467-T01-IM6,P-0044467,breast_msk_2025,SCP2,NA,1,53495722,NA,NA,-1,Intron of SCP2(+):2Kb after exon 12,4914.0,NTRK1,NA,1,156844773,NA,NA,-1,Exon 11 of NTRK1(+),NA,GRCh37,yes,unk,289989,510066,0,613,-1,107,-1,10,SCP2 (NM_002979) - NTRK1 (NM_002529) fusion: c.1338+1979:SCP2_c.1327:NTRK1del,PRECISE,3to5,Protein Fusion: mid-exon  {SCP2:NTRK1},DELETION,103349051,Note: The SCP2 - NTRK1 fusion involves SCP2 exons 1 - 12 and NTRK1 exons 11 - 17. One of the breakpoints is within NTRK1 exon 11. The fusion includes the kinase domain of NTRK1.,SOMATIC,6342.0
UC0wMDE2NjMyLVQwMi1JTTY6YnJlYXN0X21za18yMDI1,UC0wMDE2NjMyOmJyZWFzdF9tc2tfMjAyNQ,breast_msk_2025_structural_variants,P-0016632-T02-IM6,P-0016632,breast_msk_2025,SDHAF2,NA,11,61205049,NA,NA,-1,Intron of SDHAF2(+):47bp before exon 2,,,NA,11,61206466,NA,NA,-1,Intron of SDHAF2(+):881bp after exon 3,NA,GRCh37,NA,NA,1746,2759,0,36,-1,-1,-1,-1,SDHAF2 (NM_017841) rearrangement: c.37-48_c.370+881dup,PRECISE,5to3,Duplication of 2 exons : out of frame,DUPLICATION,1417,Note: The SDHAF2 rearrangement is an intragenic duplication of exons 2 - 3. Functional significance is undetermined.,SOMATIC,54949.0
UC0wMDE0OTUyLVQwMS1JTTY6YnJlYXN0X21za18yMDI1,UC0wMDE0OTUyOmJyZWFzdF9tc2tfMjAyNQ,breast_msk_2025_structural_variants,P-0014952-T01-IM6,P-0014952,breast_msk_2025,SDHB,NA,1,17371455,NA,NA,-1,Intron of SDHB(-): 72bp before exon 2,,,NA,1,18019595,NA,NA,-1,Intron of ARHGEF10L(+): 2Kb before exon 28,NA,GRCh37,NA,NA,2339,1814,0,10,-1,-1,-1,-1,SDHB (NM_003000) rearrangement: c.73-72:SDHB_chr1:g.18019595del,PRECISE,3to5,SDHB-intragenic,DELETION,648140,Note: The SDHB rearrangement is a deletion of 5UTR and exon 1.,SOMATIC,6390.0
UC0wMDM0MjY4LVQwMS1JTTY6YnJlYXN0X21za18yMDI1,UC0wMDM0MjY4OmJyZWFzdF9tc2tfMjAyNQ,breast_msk_2025_structural_variants,P-0034268-T01-IM6,P-0034268,breast_msk_2025,SEC16A,NA,9,139347276,NA,NA,-1,Intron of SEC16A(-):603bp after exon 22,4851.0,NOTCH1,NA,9,139403372,NA,NA,-1,Exon 19 of NOTCH1(-),NA,GRCh37,yes,unk,40004,53204,0,15,-1,14,-1,10,SEC16A (NM_014866) - NOTCH1 (NM_017617) rearrangement: c.6159+604:SEC16A_c.3121:NOTCH1dup,PRECISE,5to3,Protein Fusion: mid-exon  {SEC16A:NOTCH1},DUPLICATION,56096,Note: The SEC16A - NOTCH1 rearrangement is a duplication which results in the fusion of SEC16A exons 1-22 with NOTCH1 exons 19-34. Its functional significance is undetermined.,SOMATIC,9919.0
UC0wMDQwNjkxLVQwMS1JTTY6YnJlYXN0X21za18yMDI1,UC0wMDQwNjkxOmJyZWFzdF9tc2tfMjAyNQ,breast_msk_2025_structural_variants,P-0040691-T01-IM6,P-0040691,breast_msk_2025,SEC16A,NA,9,139362059,NA,NA,-1,Intron of SEC16A(-):524bp before exon 6,4851.0,NOTCH1,NA,9,139397549,NA,NA,-1,Intron of NOTCH1(-):84bp after exon 27,NA,GRCh37,yes,unk,25399,32197,0,21,-1,21,-1,10,SEC16A (NM_014866) - NOTCH1 (NM_017617) rearrangement: c.3803-524:SEC16A_c.5167+85:NOTCH1dup,PRECISE,5to3,Protein Fusion: in frame  {SEC16A:NOTCH1},DUPLICATION,35490,Note: The SEC16A - NOTCH1 rearrangement is a duplication that results in a fusion of SEC16A exons 1 - 5 to NOTCH1 exons 28 - 34. The fusion is predicted to be in-frame. Functional significance is undetermined.,SOMATIC,9919.0
UC0wMDI0NDUwLVQwMS1JTTY6YnJlYXN0X21za18yMDI1,UC0wMDI0NDUwOmJyZWFzdF9tc2tfMjAyNQ,breast_msk_2025_structural_variants,P-0024450-T01-IM6,P-0024450,breast_msk_2025,SEC16A,NA,9,139377385,NA,NA,-1,5-UTR of SEC16A(-):41Kb before coding start,4851.0,NOTCH1,NA,9,139397969,NA,NA,-1,Intron of NOTCH1(-):187bp before exon 27,NA,GRCh37,NA,NA,29672,57623,0,19,-1,-1,-1,-1,SEC16A (NM_014866) - NOTCH1 (NM_017617) fusion (SEC16A exon 1 fused to NOTCH1 exons 27-34): c.-192+5:SEC16A_c.5019-187:NOTCH1dup,PRECISE,5to3,Transcript Fusion {SEC16A:NOTCH1},DUPLICATION,20584,NA,SOMATIC,9919.0
UC0wMDE2MjQ2LVQwMS1JTTY6YnJlYXN0X21za18yMDI1,UC0wMDE2MjQ2OmJyZWFzdF9tc2tfMjAyNQ,breast_msk_2025_structural_variants,P-0016246-T01-IM6,P-0016246,breast_msk_2025,SEC16A,NA,9,139377707,NA,NA,-1,5-UTR of SEC16A(-):42Kb before coding start,4851.0,NOTCH1,NA,9,139390620,NA,NA,-1,Exon 34 of NOTCH1(-),NA,GRCh37,yes,unk,819,312,0,66,-1,61,-1,10,NOTCH1 (NM_017617)- SEC16A (NM_014866) Rearrangement : c.7571:NOTCH1_c.-509:SEC16Adel,PRECISE,3to5,Protein Fusion: mid-exon  {NOTCH1:SEC16A},DELETION,12913,Note: The NOTCH1 - SEC16A Rearrangement results in the fusion of exons 1-34 of NOTCH1 with exon 1-32 of SEC16A. The breakpoint in NOTCH1 is within exon 34 and the breakpoint in SEC16A is in the 5-UTR before the transcription start site. Its functional sig,SOMATIC,9919.0
UC0wMDQzMTg0LVQwMi1JTTc6YnJlYXN0X21za18yMDI1,UC0wMDQzMTg0OmJyZWFzdF9tc2tfMjAyNQ,breast_msk_2025_structural_variants,P-0043184-T02-IM7,P-0043184,breast_msk_2025,SEC16A,NA,9,139362217,NA,NA,-1,Intron of SEC16A(-):649bp after exon 5,4851.0,NOTCH1,NA,9,139397404,NA,NA,-1,Intron of NOTCH1(-):229bp after exon 27,NA,GRCh37,yes,unk,23563,38984,0,80,-1,77,-1,0,SEC16A (NM_014866) - NOTCH1 (NM_017617) rearrangement: c.3802+650:SEC16A_c.5167+230:NOTCH1dup,IMPPRECISE,5to3,Protein Fusion: in frame  {SEC16A:NOTCH1},DUPLICATION,35187,Note: The SEC16A - NOTCH1 rearrangement is a duplication that results in a fusion of SEC16A exons 1 - 5 to NOTCH1 exons 28 - 34. The fusion is predicted to be in frame. Functional significance is undetermined.,SOMATIC,9919.0
UC0wMDQ4ODkyLVQwMS1JTTY6YnJlYXN0X21za18yMDI1,UC0wMDQ4ODkyOmJyZWFzdF9tc2tfMjAyNQ,breast_msk_2025_structural_variants,P-0048892-T01-IM6,P-0048892,breast_msk_2025,SEC31A,NA,17,37682432,NA,NA,-1,Exon 13 of CDK12(+),51755.0,CDK12,NA,4,83761890,NA,NA,-1,Intron of SEC31A(-):1Kb after exon 20,NA,GRCh37,yes,unk,0,0,0,26,-1,17,-1,0,SEC31A (NM_014933) - CDK12 (NM_016507) rearrangement: t(4;17)(q21.22;q12)(chr4:g.83761890::chr17:g.37682432),IMPPRECISE,5to5,Protein Fusion: mid-exon  {SEC31A:CDK12},TRANSLOCATION,0,Note: The SEC31A - CDK12 rearrangement is a translocation that results in a fusion of SEC31A exons 1 - 20 to CDK12 exons 13 - 14. One of the breakpoints is within CDK12 exon 13.,SOMATIC,22872.0
UC0wMDIwMjIzLVQwMS1JTTY6YnJlYXN0X21za18yMDI1,UC0wMDIwMjIzOmJyZWFzdF9tc2tfMjAyNQ,breast_msk_2025_structural_variants,P-0020223-T01-IM6,P-0020223,breast_msk_2025,SESN1,NA,6,109323487,NA,NA,-1,Exon 2 of SESN1(-),9348.0,NDST3,NA,4,119064248,NA,NA,-1,Intron of NDST3(+):462bp before exon 6,NA,GRCh37,yes,unk,0,0,0,41,-1,41,-1,10,NDST3 (NM_004784) - SESN1 (NM_014454) rearrangement: t(10;11)(q26;q21)(chr10:g.126280260::chr11:g.17734059),PRECISE,3to3,Protein Fusion: mid-exon  {NDST3:SESN1},TRANSLOCATION,0,Note: The NDST3 - SESN1 rearrangement is a translocation which results in the fusion of NDST3 exons 1-5 with SESN1 exons 2-10. One of the breakpoints is within SESN1 exon 2. The functional significance is undetermined.,SOMATIC,27244.0
UC0wMDIyMDg0LVQwMS1JTTY6YnJlYXN0X21za18yMDI1,UC0wMDIyMDg0OmJyZWFzdF9tc2tfMjAyNQ,breast_msk_2025_structural_variants,P-0022084-T01-IM6,P-0022084,breast_msk_2025,SESN3,NA,11,94911024,NA,NA,-1,Exon 8 of SESN3(-),,,NA,11,94920278,NA,NA,-1,Intron of SESN3(-):2Kb before exon 5,NA,GRCh37,NA,NA,7427,4658,0,135,-1,-1,-1,-1,SESN3 (NM_144665) Rearrangement: c.526-1622_c.1106del,PRECISE,3to5,Deletion within transcript : mid-exon,DELETION,9254,Note: The SESN3 Rearrangement results in the intragenic deletion of exons 5-8 of SESN3. One of the breakpoints is within exon 8. The functional significance is undetermined.,SOMATIC,143686.0
UC0wMDA0NDU1LVQwMS1JTTU6YnJlYXN0X21za18yMDI1,UC0wMDA0NDU1OmJyZWFzdF9tc2tfMjAyNQ,breast_msk_2025_structural_variants,P-0004455-T01-IM5,P-0004455,breast_msk_2025,SETD2,NA,3,47131668,NA,NA,-1,Intron of SETD2(-): 2Kb before exon 10,,,NA,3,47165098,NA,NA,-1,Exon 3 of SETD2(-),NA,GRCh37,yes,unk,37662,42956,0,18,-1,18,-1,17,SETD2 (NM_014159) rearrangement event : c.1028_5143-1931inv,PRECISE,3to3,SETD2-intragenic,INVERSION,33430,Note: The SETD2 (NM_014159) rearrangement event results in the intragenic inversion of exons 3-9. One of the breakpoints is within SETD2 exon3.,SOMATIC,29072.0
UC0wMDI3OTg2LVQwMS1JTTY6YnJlYXN0X21za18yMDI1,UC0wMDI3OTg2OmJyZWFzdF9tc2tfMjAyNQ,breast_msk_2025_structural_variants,P-0027986-T01-IM6,P-0027986,breast_msk_2025,SETD2,NA,3,47087940,NA,NA,-1,Intron of SETD2(-):36bp after exon 16,,,NA,3,47114620,NA,NA,-1,Intron of SETD2(-):6Kb before exon 13,NA,GRCh37,yes,unk,7418,8285,0,45,-1,43,-1,10,SETD2 (NM_014159) rearrangement: c.7098+37_c.6061-6012dup,PRECISE,5to3,Duplication of 4 exons : in frame,DUPLICATION,26680,Note: The SETD2 rearrangement results in the in-frame duplication of exons 13-16. The functional significance is undetermined.,SOMATIC,29072.0
UC0wMDIxODI2LVQwMS1JTTY6YnJlYXN0X21za18yMDI1,UC0wMDIxODI2OmJyZWFzdF9tc2tfMjAyNQ,breast_msk_2025_structural_variants,P-0021826-T01-IM6,P-0021826,breast_msk_2025,SETD2,NA,3,47155551,NA,NA,-1,Intron of SETD2(-):57bp before exon 5,,,NA,3,47362971,NA,NA,-1,Intron of KLHL18(+):1Kb before exon 3,NA,GRCh37,NA,NA,28010,30117,0,17,-1,-1,-1,-1,SETD2 (NM_014159) rearrangement: c.4587-57:SETD2_chr3:g.47362971del,PRECISE,3to5,SETD2-intragenic,DELETION,207420,Note: The SETD2 rearrangement results in the deletion of exons 1-4. Its functional significance is undetermined.,SOMATIC,29072.0
UC0wMDEzMTU0LVQwMS1JTTU6YnJlYXN0X21za18yMDI1,UC0wMDEzMTU0OmJyZWFzdF9tc2tfMjAyNQ,breast_msk_2025_structural_variants,P-0013154-T01-IM5,P-0013154,breast_msk_2025,SETD2,NA,3,28794641,NA,NA,-1,IGR: 363Kb before ZCWPW2(+),,,NA,3,47061283,NA,NA,-1,Exon 19 of SETD2(-),NA,GRCh37,NA,NA,95008,107035,0,8,-1,-1,-1,-1,SETD2 (NM_014159) Rearrangement : c.7398:SETD2_chr3:g.28794641inv,PRECISE,3to3,SETD2-intragenic,INVERSION,18266642,Note: The SETD2 Rearrangement results in the inversion of exons 19-21 of SETD2. The breakpoint in SETD2 is within exon 19. Its functional significance is undetermined.,SOMATIC,29072.0
UC0wMDE3ODQ2LVQwMS1JTTY6YnJlYXN0X21za18yMDI1,UC0wMDE3ODQ2OmJyZWFzdF9tc2tfMjAyNQ,breast_msk_2025_structural_variants,P-0017846-T01-IM6,P-0017846,breast_msk_2025,SF3B1,NA,2,196301398,NA,NA,-1,IGR: 220Kb before SLC39A10(+),,,NA,2,198283286,NA,NA,-1,Exon 5 of SF3B1(-),NA,GRCh37,NA,NA,20468,50183,0,13,-1,-1,-1,-1,SF3B1 (NM_012433) Rearrangement : chr2:g.196301398_c.442:SF3B1inv,PRECISE,3to3,SF3B1-intragenic,INVERSION,1981888,Note: The SF3B1 Rearrangement results in the inversion of exons 5-25 of SF3B1. The breakpoint in SF3B1 is within exon5.Its functional significance is undetermined.,SOMATIC,23451.0
UC0wMDEyMjE0LVQwMi1JTTY6YnJlYXN0X21za18yMDI1,UC0wMDEyMjE0OmJyZWFzdF9tc2tfMjAyNQ,breast_msk_2025_structural_variants,P-0012214-T02-IM6,P-0012214,breast_msk_2025,SF3B1,NA,2,198258771,NA,NA,-1,Intron of SF3B1(-):859bp before exon 24,,,NA,2,198260918,NA,NA,-1,Exon 23 of SF3B1(-),NA,GRCh37,yes,unk,1501,1782,0,33,-1,31,-1,10,SF3B1 (NM_012433) rearrangement: c.3540-859_c.3401del,PRECISE,3to5,Deletion within transcript : mid-exon,DELETION,2147,Note: The SF3B1 rearrangement is an intragenic partial deletion of exon 23. One of the breakpoint is within exon 23. The functional significance is undetermined.,SOMATIC,23451.0
UC0wMDA4NzA5LVQwMS1JTTU6YnJlYXN0X21za18yMDI1,UC0wMDA4NzA5OmJyZWFzdF9tc2tfMjAyNQ,breast_msk_2025_structural_variants,P-0008709-T01-IM5,P-0008709,breast_msk_2025,SF3B1,NA,2,183386885,NA,NA,-1,Intron of PDE1A(-): 118bp after exon 1,5136.0,PDE1A,NA,2,198283154,NA,NA,-1,Intron of SF3B1(-): 79bp after exon 5,NA,GRCh37,NA,NA,102318,106667,0,43,-1,-1,-1,-1,SF3B1 (NM_012433) - PDE1A (NM_005019) rearrangement: c.495+79:SF3B1_c.101+118:PDE1Adel,PRECISE,3to5,Protein fusion: out of frame (SF3B1-PDE1A),DELETION,14896269,Note: The SF3B1 (NM_012433) - PDE1A (NM_005019) rearrangement is a deletion which results in the fusion of SF3B1 exons 1-5 with PDE1A exons 2-14. The functional significance is undetermined.,SOMATIC,23451.0
UC0wMDIwNjI0LVQwMS1JTTY6YnJlYXN0X21za18yMDI1,UC0wMDIwNjI0OmJyZWFzdF9tc2tfMjAyNQ,breast_msk_2025_structural_variants,P-0020624-T01-IM6,P-0020624,breast_msk_2025,SH2D1A,NA,X,123504214,NA,NA,-1,Intron of SH2D1A(+):44bp after exon 3,,,NA,X,123506403,NA,NA,-1,3-UTR of SH2D1A(+):26Kb after coding stop,NA,GRCh37,yes,unk,1208,494,0,2,-1,2,-1,6,SH2D1A (NM_002351) rearrangement: c.346+44_c.*1162del,PRECISE,3to5,SH2D1A-intragenic,DELETION,2189,Note: The SH2D1A rearrangement results in the deletion of exon 4. The functional significance is undetermined.,SOMATIC,4068.0
UC0wMDEyOTc2LVQwMS1JTTU6YnJlYXN0X21za18yMDI1,UC0wMDEyOTc2OmJyZWFzdF9tc2tfMjAyNQ,breast_msk_2025_structural_variants,P-0012976-T01-IM5,P-0012976,breast_msk_2025,SH3PXD2B,NA,5,149510161,NA,NA,-1,Exon 9 of PDGFRB(-),5159.0,PDGFRB,NA,5,171857484,NA,NA,-1,Intron of SH3PXD2B(-): 8Kb before exon 2,NA,GRCh37,NA,NA,57882,73109,0,7,-1,-1,-1,-1,SH3PXD2B (NM_001017995) - PDGFRB (NM_002609) rearrangement: c.76-7984:SH3PXD2B_c.1308:PDGFRBdel,PRECISE,3to5,Protein fusion: mid-exon (SH3PXD2B-PDGFRB),DELETION,22347323,Note: The SH3PXD2B - PDGFRB rearrangement is a deletion which results in the fusion of SH3PXD2B exon 1  with PDGFRB exons 9-23. One of the breakpoints is within exon 9 of PDGFRB. The functional significance is undetermined.,SOMATIC,285590.0
UC0wMDMxODgyLVQwMS1JTTY6YnJlYXN0X21za18yMDI1,UC0wMDMxODgyOmJyZWFzdF9tc2tfMjAyNQ,breast_msk_2025_structural_variants,P-0031882-T01-IM6,P-0031882,breast_msk_2025,SHANK2,NA,11,70501515,NA,NA,-1,Intron of SHANK2(-):4Kb after exon 2,3636.0,INPPL1,NA,11,71942656,NA,NA,-1,Exon 13 of INPPL1(+),NA,GRCh37,yes,unk,29081,36866,0,44,-1,42,-1,10,INPPL1 (NM_001567) rearrangement: c.1612:INPPL1_chr11:g.70501515dup,PRECISE,5to3,Antisense Fusion,DUPLICATION,1441141,Note: The INPPL1 rearrangement results in the duplication of exons 1-13. One of the breakpoints is within exon 13. The functional significance is undetermined.,SOMATIC,22941.0
UC0wMDA0Mjk5LVQwMi1JTTU6YnJlYXN0X21za18yMDI1,UC0wMDA0Mjk5OmJyZWFzdF9tc2tfMjAyNQ,breast_msk_2025_structural_variants,P-0004299-T02-IM5,P-0004299,breast_msk_2025,SIPA1L1,NA,14,71995903,NA,NA,-1,Promoter of SIPA1L1(+): 139bp from tx start,4297.0,KMT2A,NA,11,118361950,NA,NA,-1,Exon 14 of MLL(+),NA,GRCh37,yes,unk,0,0,0,7,-1,7,-1,6,MLL (NM_001197104) rearrangement: t(11;14)(q23.3;q24.2)(chr11:g.118361950::chr14:g.71995903),PRECISE,3to3,Antisense fusion,TRANSLOCATION,0,Note: The MLL rearrangement is a translocation that may result in a truncation of exons 14-36. One of the breakpoint is within exon 14. The functional significance is undetermined.,SOMATIC,26037.0
UC0wMDI3NTQyLVQwMS1JTTY6YnJlYXN0X21za18yMDI1,UC0wMDI3NTQyOmJyZWFzdF9tc2tfMjAyNQ,breast_msk_2025_structural_variants,P-0027542-T01-IM6,P-0027542,breast_msk_2025,SLC17A3,NA,6,25862687,NA,NA,-1,Intron of SLC17A3(-):15bp before exon 3,3006.0,H1-2,NA,6,26056147,NA,NA,-1,Exon 1 of HIST1H1C(-),NA,GRCh37,yes,unk,8125,10602,0,12,-1,12,-1,10,SLC17A3 (NM_001098486) - HIST1H1C (NM_005319) rearrangement: c.92-15:SLC17A3_c.510:HIST1H1Cdup,PRECISE,5to3,Protein Fusion: mid-exon  {SLC17A3:HIST1H1C},DUPLICATION,193460,Note: The SLC17A3 - HIST1H1C rearrangement is a duplication that results in the fusion of SLC17A3 exons 1-2 with HIST1H1C exon 1. One of the breakpoints is within HIST1H1C exon 1. The functional significance is undetermined.,SOMATIC,10786.0
UC0wMDQwODU0LVQwMS1JTTY6YnJlYXN0X21za18yMDI1,UC0wMDQwODU0OmJyZWFzdF9tc2tfMjAyNQ,breast_msk_2025_structural_variants,P-0040854-T01-IM6,P-0040854,breast_msk_2025,SLC25A21,NA,14,37550053,NA,NA,-1,Intron of SLC25A21(-):91Kb after exon 1,3169.0,FOXA1,NA,14,38061992,NA,NA,-1,Intron of FOXA1(-):76bp before exon 2,NA,GRCh37,yes,unk,13533,24060,0,65,-1,63,-1,10,SLC25A21 (NM_030631) - FOXA1 (NM_004496) rearrangement: c.70+91433:SLC25A21_c.73-76:FOXA1dup,PRECISE,5to3,Protein Fusion: out of frame  {SLC25A21:FOXA1},DUPLICATION,511939,Note: The SLC25A21 - FOXA1 rearrangement is a duplication that results in a fusion of SLC25A21 exon 1 to FOXA1 exon 2. Functional significance is undetermined.,SOMATIC,89874.0
UC0wMDAzMjMzLVQwNS1JTTY6YnJlYXN0X21za18yMDI1,UC0wMDAzMjMzOmJyZWFzdF9tc2tfMjAyNQ,breast_msk_2025_structural_variants,P-0003233-T05-IM6,P-0003233,breast_msk_2025,SLIT3,NA,5,168403446,NA,NA,-1,Intron of SLIT3(-):93Kb before exon 5,2264.0,FGFR4,NA,5,176519595,NA,NA,-1,Intron of FGFR4(+):51bp before exon 8,NA,GRCh37,yes,unk,30403,40560,0,23,-1,21,-1,10,FGFR4 (NM_213647) rearrangement: c.919-52:FGFR4_chr5:g.168403446dup,PRECISE,5to3,Antisense Fusion,DUPLICATION,8116149,Note: The FGFR4 rearrangement results in the duplication of exons 1-7. Its functional significance is undetermined.,SOMATIC,6586.0
UC0wMDAzMjMzLVQwNC1JTTY6YnJlYXN0X21za18yMDI1,UC0wMDAzMjMzOmJyZWFzdF9tc2tfMjAyNQ,breast_msk_2025_structural_variants,P-0003233-T04-IM6,P-0003233,breast_msk_2025,SLIT3,NA,5,168403446,NA,NA,-1,Intron of SLIT3(-):93Kb before exon 5,2264.0,FGFR4,NA,5,176519595,NA,NA,-1,Intron of FGFR4(+):51bp before exon 8,NA,GRCh37,yes,unk,30140,88751,0,81,-1,75,-1,10,FGFR4 (NM_213647) rearrangement: c.919-52:FGFR4_chr5:g.168403446dup,PRECISE,5to3,Antisense Fusion,DUPLICATION,8116149,Note: The FGFR4 (NM_213647) rearrangement results in the duplication of exons 1-7. Its functional significance is undetermined.,SOMATIC,6586.0
UC0wMDM3Mzg5LVQwMy1JTTY6YnJlYXN0X21za18yMDI1,UC0wMDM3Mzg5OmJyZWFzdF9tc2tfMjAyNQ,breast_msk_2025_structural_variants,P-0037389-T03-IM6,P-0037389,breast_msk_2025,SLX4,NA,17,54284985,NA,NA,-1,Intron of ANKFN1(+):20Kb before exon 2,,,NA,16,3656474,NA,NA,-1,Exon 3 of SLX4(-),NA,GRCh37,yes,unk,0,0,0,43,-1,40,-1,10,SLX4 (NM_032444) rearrangement: t(16;17)(p13.3;q22)(chr16:g.3656474::chr17:g.54284985),PRECISE,5to3,SLX4-intragenic,TRANSLOCATION,0,Note: The SLX4 rearrangement is a translocation with a breakpoint in exon 3. The functional significance is undetermined.,SOMATIC,84464.0
UC0wMDQ1MTM1LVQwMS1JTTY6YnJlYXN0X21za18yMDI1,UC0wMDQ1MTM1OmJyZWFzdF9tc2tfMjAyNQ,breast_msk_2025_structural_variants,P-0045135-T01-IM6,P-0045135,breast_msk_2025,SLX4,NA,16,3632534,NA,NA,-1,Exon 15 of SLX4(-),,,NA,12,57113613,NA,NA,-1,Exon 3 of NACA(-),NA,GRCh37,yes,unk,0,0,0,14,-1,14,-1,0,SLX4 (NM_032444) rearrangement: t(12;16)(q13.3;p13.3)(chr12:g.57113613::chr16:g.3632534),IMPPRECISE,5to5,Antisense Fusion,TRANSLOCATION,0,Note: The SLX4 rearrangement is a translocation with a breakpoint in exon 15. Functional significance is undetermined.,SOMATIC,84464.0
UC0wMDE2Njg2LVQwMi1JTTY6YnJlYXN0X21za18yMDI1,UC0wMDE2Njg2OmJyZWFzdF9tc2tfMjAyNQ,breast_msk_2025_structural_variants,P-0016686-T02-IM6,P-0016686,breast_msk_2025,SLX4,NA,16,3632214,NA,NA,-1,3-UTR of SLX4(-):128bp after coding stop,,,NA,16,3639414,NA,NA,-1,Exon 12 of SLX4(-),NA,GRCh37,yes,unk,13426,32494,0,54,-1,51,-1,10,SLX4 (NM_032444) Rearrangement : c.4225_c.*129dup,PRECISE,5to3,SLX4-intragenic,DUPLICATION,7200,Note: The SLX4 Rearrangement results in the intragenic duplication of exons12-15. The breakpoints are within exon12 and in the 3-UTR region after the coding stop site. Its functional significance is undetermined.,SOMATIC,84464.0
UC0wMDM1NTE0LVQwMy1JTTY6YnJlYXN0X21za18yMDI1,UC0wMDM1NTE0OmJyZWFzdF9tc2tfMjAyNQ,breast_msk_2025_structural_variants,P-0035514-T03-IM6,P-0035514,breast_msk_2025,SMAD2,NA,18,45389280,NA,NA,-1,Intron of SMAD2(-):2Kb after exon 6,,,NA,18,45395846,NA,NA,-1,Intron of SMAD2(-):39bp before exon 4,NA,GRCh37,NA,NA,3666,2627,0,8,-1,-1,-1,-1,SMAD2 (NM_001003652) rearrangement: c.327-39_c.730+2150dup,PRECISE,5to3,Duplication of 3 exons : out of frame,DUPLICATION,6566,Note: The SMAD2 rearrangement is an intragenic duplication of exons 4-6. Its functional significance is undetermined.,SOMATIC,4087.0
UC0wMDQwNzI1LVQwMS1JTTY6YnJlYXN0X21za18yMDI1,UC0wMDQwNzI1OmJyZWFzdF9tc2tfMjAyNQ,breast_msk_2025_structural_variants,P-0040725-T01-IM6,P-0040725,breast_msk_2025,SMAD4,NA,18,48566953,NA,NA,-1,5-UTR of SMAD4(+):6Kb before coding start,,,NA,18,48584741,NA,NA,-1,Exon 7 of SMAD4(+),NA,GRCh37,yes,unk,4361,6064,0,4,-1,4,-1,7,SMAD4 (NM_005359) rearrangement: c.819:SMAD4_chr18:g.48566953inv,PRECISE,5to5,SMAD4-intragenic,INVERSION,17788,Note: The SMAD4 rearrangement is an inversion of exons 1 - 7. One of the breakpoints is within exon 7. Functional significance is undetermined.,SOMATIC,4089.0
UC0wMDAzMDYzLVQwMS1JTTU6YnJlYXN0X21za18yMDI1,UC0wMDAzMDYzOmJyZWFzdF9tc2tfMjAyNQ,breast_msk_2025_structural_variants,P-0003063-T01-IM5,P-0003063,breast_msk_2025,SMARCA4,NA,19,11123236,NA,NA,-1,Intron of SMARCA4(+): 389bp before exon 15,,,NA,19,11134227,NA,NA,-1,Exon 19 of SMARCA4(+),NA,GRCh37,yes,unk,12866,11082,0,36,-1,36,-1,34,NA,PRECISE,5to3,Duplication within transcript: mid-exon,DUPLICATION,10991,The SMARCA4 duplication is a structural rearangement event which results in the duplication of exons 15 to 20 of SMARCA4.The breakpoint in exon 20 is within the exon. Its functional significance is undetermined.,SOMATIC,6597.0
UC0wMDA4MzM0LVQwMi1JTTY6YnJlYXN0X21za18yMDI1,UC0wMDA4MzM0OmJyZWFzdF9tc2tfMjAyNQ,breast_msk_2025_structural_variants,P-0008334-T02-IM6,P-0008334,breast_msk_2025,SMARCA4,NA,19,11165487,NA,NA,-1,Intron of SMARCA4(+):3Kb before exon 31,,,NA,19,11169537,NA,NA,-1,Exon 32 of SMARCA4(+),NA,GRCh37,yes,unk,1839,4308,0,28,-1,18,-1,10,SMARCA4 (NM_003072) Rearrangement : c.4425-3445_4606inv,PRECISE,5to5,SMARCA4-intragenic,INVERSION,4050,Note: The SMARCA4 Rearrangement event results in the inversion of SMARCA4 exons 31-32. One of the breakpoints is within SMARCA4 exon32.,SOMATIC,6597.0
UC0wMDA4MzM0LVQwMS1JTTU6YnJlYXN0X21za18yMDI1,UC0wMDA4MzM0OmJyZWFzdF9tc2tfMjAyNQ,breast_msk_2025_structural_variants,P-0008334-T01-IM5,P-0008334,breast_msk_2025,SMARCA4,NA,19,11165486,NA,NA,-1,Intron of SMARCA4(+): 3Kb before exon 29,,,NA,19,11169536,NA,NA,-1,Exon 30 of SMARCA4(+),NA,GRCh37,yes,unk,4407,4316,0,11,-1,11,-1,22,SMARCA4 (NM_003072) rearrangement : c.4425-3445_4606inv,PRECISE,5to5,SMARCA4-intragenic,INVERSION,4050,Note: The SMARCA4 (NM_003072) rearrangement event results in the inversion of SMARCA4 exons 31-32. One of the breakpoints is within SMARCA4 exon32.,SOMATIC,6597.0
UC0wMDE1NjMwLVQwMS1JTTY6YnJlYXN0X21za18yMDI1,UC0wMDE1NjMwOmJyZWFzdF9tc2tfMjAyNQ,breast_msk_2025_structural_variants,P-0015630-T01-IM6,P-0015630,breast_msk_2025,SMARCA4,NA,19,11125254,NA,NA,-1,Intron of SMARCA4(+): 1Kb after exon 15,,,NA,19,11138584,NA,NA,-1,Exon 23 of SMARCA4(+),NA,GRCh37,yes,unk,20290,21563,0,27,-1,28,-1,34,SMARCA4 (NM_003072) rearrangement: c.2438+1466_c.3340dup,PRECISE,5to3,Duplication within transcript: mid-exon,DUPLICATION,13330,Note: The SMARCA4 rearrangement is an  intragenic duplication of exons 17-24. One of the breakpoints is within exon 24.,SOMATIC,6597.0
UC0wMDE0ODYwLVQwMS1JTTY6YnJlYXN0X21za18yMDI1,UC0wMDE0ODYwOmJyZWFzdF9tc2tfMjAyNQ,breast_msk_2025_structural_variants,P-0014860-T01-IM6,P-0014860,breast_msk_2025,SMARCA4,NA,19,11121062,NA,NA,-1,Exon 14 of SMARCA4(+),,,NA,4,118193638,NA,NA,-1,IGR: 189Kb before TRAM1L1(-),NA,GRCh37,NA,NA,0,0,0,30,-1,-1,-1,-1,SMARCA4 (NM_003072) rearrangement: t(4;19)(q26;p13.2)(chr4:g.118193638::chr19:g.11121062),PRECISE,5to5,SMARCA4-intragenic,TRANSLOCATION,0,Note: The SMARCA4 rearrangement is a translocation with a breakpoint within exon 15. The functional significance is undetermined.,SOMATIC,6597.0
UC0wMDUwOTA2LVQwMi1JTTY6YnJlYXN0X21za18yMDI1,UC0wMDUwOTA2OmJyZWFzdF9tc2tfMjAyNQ,breast_msk_2025_structural_variants,P-0050906-T02-IM6,P-0050906,breast_msk_2025,SMARCA4,NA,19,11165926,NA,NA,-1,Intron of SMARCA4(+):3Kb before exon 31,,,NA,19,11170934,NA,NA,-1,Intron of SMARCA4(+):71bp after exon 34,NA,GRCh37,yes,unk,9125,4006,0,55,-1,49,-1,10,SMARCA4 (NM_003072) rearrangement: c.4425-3005_c.4911+71inv,PRECISE,3to3,Antisense Fusion,INVERSION,5008,Note: The SMARCA4 rearrangement is an intragenic inversion of exons 31 - 34. Functional significance is undetermined.,SOMATIC,6597.0
UC0wMDI4MjY1LVQwMi1JTTY6YnJlYXN0X21za18yMDI1,UC0wMDI4MjY1OmJyZWFzdF9tc2tfMjAyNQ,breast_msk_2025_structural_variants,P-0028265-T02-IM6,P-0028265,breast_msk_2025,SMARCA4,NA,19,11170231,NA,NA,-1,Intron of SMARCA4(+):197bp before exon 33,,,NA,11,50372233,NA,NA,-1,5-UTR of LOC646813(+):8Kb before coding start,NA,GRCh37,yes,unk,0,0,0,6,-1,6,-1,10,SMARCA4 (NM_003072) rearrangement: t(11;19)(p11.12;p13.2)(chr11:g.50372233::chr19:g.11170231),PRECISE,5to3,Transcript Fusion {LOC646813:SMARCA4},TRANSLOCATION,0,Note: The SMARCA4 rearrangement is a translocation with a breakpoint in intron 32.,SOMATIC,6597.0
UC0wMDIzNDUzLVQwMS1JTTY6YnJlYXN0X21za18yMDI1,UC0wMDIzNDUzOmJyZWFzdF9tc2tfMjAyNQ,breast_msk_2025_structural_variants,P-0023453-T01-IM6,P-0023453,breast_msk_2025,SMARCA4,NA,19,11095773,NA,NA,-1,Intron of SMARCA4(+):175bp before exon 3,,,NA,19,11107671,NA,NA,-1,Intron of SMARCA4(+):451bp after exon 11,NA,GRCh37,yes,unk,24543,34902,0,8,-1,8,-1,8,SMARCA4 (NM_003072) rearrangement: c.223-176_c.1812+451dup,PRECISE,5to3,Duplication of 9 exons : in frame,DUPLICATION,11898,Note: The SMARCA4 rearrangement is an intragenic duplication of exons 4-11. The functional significance is undetermined.,SOMATIC,6597.0
UC0wMDQ0NDE4LVQwMS1JTTY6YnJlYXN0X21za18yMDI1,UC0wMDQ0NDE4OmJyZWFzdF9tc2tfMjAyNQ,breast_msk_2025_structural_variants,P-0044418-T01-IM6,P-0044418,breast_msk_2025,SMARCA4,NA,19,4645778,NA,NA,-1,5-UTR of TNFAIP8L1(+):6Kb before coding start,,,NA,19,11096798,NA,NA,-1,Intron of SMARCA4(+):66bp before exon 4,NA,GRCh37,yes,unk,259837,342082,0,61,-1,57,-1,10,SMARCA4 (NM_003072) rearrangement: c.356-67:SMARCA4_chr19:g.4645778del,PRECISE,3to5,Transcript Fusion {TNFAIP8L1:SMARCA4},DELETION,6451020,Note: The SMARCA4 rearrangement is a deletion of exons 1 - 3. Functional significance of this structural variant in the setting of SMARCA4 amplification is unknown.,SOMATIC,6597.0
UC0wMDA4MzM0LVQwMi1JTTY6YnJlYXN0X21za18yMDI1,UC0wMDA4MzM0OmJyZWFzdF9tc2tfMjAyNQ,breast_msk_2025_structural_variants,P-0008334-T02-IM6,P-0008334,breast_msk_2025,SMARCA4,NA,19,11170641,NA,NA,-1,Intron of SMARCA4(+):79bp before exon 34,773.0,CACNA1A,NA,19,13533084,NA,NA,-1,Intron of CACNA1A(-):31Kb after exon 3,NA,GRCh37,yes,unk,11339,35733,0,25,-1,24,-1,10,SMARCA4 (NM_003072) - CACNA1A (NM_001127222)  Rearrangement : c.4768+80:SMARCA4_c.539+30606:CACNA1Ainv,PRECISE,3to3,Protein Fusion: out of frame  {SMARCA4:CACNA1A},INVERSION,2362443,Note: The SMARCA4 - CACNA1A Rearrangement results in the fusion of exons 1-33 of SMARCA4 with exons 4-47 of CACNA1A. Its functional significance is undetermined.,SOMATIC,6597.0
UC0wMDA5ODI4LVQwMi1JTTU6YnJlYXN0X21za18yMDI1,UC0wMDA5ODI4OmJyZWFzdF9tc2tfMjAyNQ,breast_msk_2025_structural_variants,P-0009828-T02-IM5,P-0009828,breast_msk_2025,SMARCB1,NA,22,24167539,NA,NA,-1,Exon 7 of SMARCB1(+),,,NA,22,24171143,NA,NA,-1,Intron of SMARCB1(+): 4Kb after exon 7,NA,GRCh37,yes,unk,205,234,0,27,-1,28,-1,37,SMARCB1 (NM_003073) rearrangement: c.923_c.986+3541inv,PRECISE,3to3,Antisense fusion,INVERSION,3604,Note: The SMARCB1 rearrangement is an inversion of a part of exon 7. One of the breakpoints is within exon 7.,SOMATIC,6598.0
UC0wMDE0NTA5LVQwMS1JTTY6YnJlYXN0X21za18yMDI1,UC0wMDE0NTA5OmJyZWFzdF9tc2tfMjAyNQ,breast_msk_2025_structural_variants,P-0014509-T01-IM6,P-0014509,breast_msk_2025,SMARCB1,NA,22,20196291,NA,NA,-1,IGR: 231bp after LOC150197(+),,,NA,22,24167458,NA,NA,-1,Exon 7 of SMARCB1(+),NA,GRCh37,NA,NA,41309,43606,0,16,-1,-1,-1,-1,SMARCB1 (NM_003073) rearrangement: chr22:g.20196291_c.842:SMARCB1inv,PRECISE,5to5,SMARCB1-intragenic,INVERSION,3971167,Note: The SMARCB1 rearrangement is an inversion of 5UTR and exons 1-7. One of the breakpoints is within exon 7. The functional significance is undetermined.,SOMATIC,6598.0
UC0wMDQwNzI1LVQwMS1JTTY6YnJlYXN0X21za18yMDI1,UC0wMDQwNzI1OmJyZWFzdF9tc2tfMjAyNQ,breast_msk_2025_structural_variants,P-0040725-T01-IM6,P-0040725,breast_msk_2025,SMARCB1,NA,22,24133878,NA,NA,-1,Intron of SMARCB1(+):64bp before exon 2,,,NA,2,239860155,NA,NA,-1,IGR: 19Kb before FLJ43879(-),NA,GRCh37,yes,unk,0,0,0,9,-1,9,-1,8,SMARCB1 (NM_003073) rearrangement: t(2;22)(q37.3;q11.23)(chr2:g.239860155::chr22:g.24133878),PRECISE,5to3,SMARCB1-intragenic,TRANSLOCATION,0,Note: The SMARCB1 rearrangement is a translocation with a breakpoint in intron 1. Functional significance is undetermined.,SOMATIC,6598.0
UC0wMDAyOTk3LVQwMS1JTTM6YnJlYXN0X21za18yMDI1,UC0wMDAyOTk3OmJyZWFzdF9tc2tfMjAyNQ,breast_msk_2025_structural_variants,P-0002997-T01-IM3,P-0002997,breast_msk_2025,SORBS2,NA,4,186650802,NA,NA,-1,5-UTR of SORBS2(-): 39Kb before coding start,2195.0,FAT1,NA,4,187522408,NA,NA,-1,Intron of FAT1(-): 15bp after exon 21,NA,GRCh37,yes,unk,14449,19315,0,25,-1,25,-1,37,NA,PRECISE,5to5,Antisense fusion,INVERSION,871606,Note: The FAT1(NM_005245) -SORBS2 (NM_021069) rearrangement is an inversion event which results in the fusion between FAT1 exons 1-21 and SORBS2 gene.,SOMATIC,8470.0
UC0wMDUyNjA5LVQwMy1JTTY6YnJlYXN0X21za18yMDI1,UC0wMDUyNjA5OmJyZWFzdF9tc2tfMjAyNQ,breast_msk_2025_structural_variants,P-0052609-T03-IM6,P-0052609,breast_msk_2025,SOS1,NA,7,143641474,NA,NA,-1,IGR: 9Kb before OR2F2(+),,,NA,2,39239441,NA,NA,-1,Exon 14 of SOS1(-),NA,GRCh37,NA,NA,0,0,0,5,-1,-1,-1,-1,SOS1 (NM_005633) rearrangement: t(2;7)(p22.1;q35)(chr2:g.39239441::chr7:g.143641474),IMPPRECISE,5to3,SOS1-intragenic,TRANSLOCATION,0,Note: The SOS1 rearrangement is a translocation with a breakpoint in exon 14. Functional significance is undetermined.,SOMATIC,6654.0
UC0wMDA1MTUyLVQwMi1JTTY6YnJlYXN0X21za18yMDI1,UC0wMDA1MTUyOmJyZWFzdF9tc2tfMjAyNQ,breast_msk_2025_structural_variants,P-0005152-T02-IM6,P-0005152,breast_msk_2025,SOX17,NA,8,55371023,NA,NA,-1,Intron of SOX17(+):18bp after exon 1,114786.0,XKR4,NA,8,56152193,NA,NA,-1,Intron of XKR4(+):118Kb before exon 2,NA,GRCh37,yes,unk,12004,8898,0,22,-1,19,-1,10,SOX17 (NM_022454) - XKR4 (NM_052898) Rearrangement : c.307+18:SOX17_c.807-118045:XKR4del,PRECISE,3to5,Protein Fusion: out of frame  {SOX17:XKR4},DELETION,781170,Note: The SOX17 - XKR4 Rearrangement results in the fusion of exon1 of SOX17 with exons 2-3. Its functional significance is undetermined.,SOMATIC,64321.0
UC0wMDA1MTUyLVQwMS1JTTU6YnJlYXN0X21za18yMDI1,UC0wMDA1MTUyOmJyZWFzdF9tc2tfMjAyNQ,breast_msk_2025_structural_variants,P-0005152-T01-IM5,P-0005152,breast_msk_2025,SOX17,NA,8,55371023,NA,NA,-1,Intron of SOX17(+): 18bp after exon 1,114786.0,XKR4,NA,8,56152192,NA,NA,-1,Intron of XKR4(+): 118Kb before exon 2,NA,GRCh37,yes,unk,5929,8616,0,8,-1,8,-1,14,SOX17 (NM_022454) - XKR4 (NM_052898) Rearrangement: c.307+18:SOX17_c.807-118046:XKR4del,PRECISE,3to5,Protein fusion: out of frame (SOX17-XKR4),DELETION,781169,SOX17 (NM_022454) - XKR4 (NM_052898) Rearrangement is a deletion that results in the fusion of exon 1 of SOX17 with exons 2-3 of XKR4. Its functional significance is undetermined.,SOMATIC,64321.0
UC0wMDEwMDg0LVQwMS1JTTU6YnJlYXN0X21za18yMDI1,UC0wMDEwMDg0OmJyZWFzdF9tc2tfMjAyNQ,breast_msk_2025_structural_variants,P-0010084-T01-IM5,P-0010084,breast_msk_2025,SOX9,NA,17,35352875,NA,NA,-1,Intron of AATF(+): 5Kb after exon 8,,,NA,17,70122378,NA,NA,-1,3-UTR of SOX9(+): 2Kb after coding stop,NA,GRCh37,NA,NA,427378,591540,0,17,-1,-1,-1,-1,SOX9 (NM_000346) rearrangement: chr17:g. 35352875_c.*1850:SOX9del,PRECISE,3to5,SOX9-intragenic,DELETION,34769503,Note: The SOX9 rearrangement is a deletion which includes exons 1-3 of SOX9. The functional significance is undetermined.,SOMATIC,6662.0
UC0wMDA0OTE4LVQwMi1JTTY6YnJlYXN0X21za18yMDI1,UC0wMDA0OTE4OmJyZWFzdF9tc2tfMjAyNQ,breast_msk_2025_structural_variants,P-0004918-T02-IM6,P-0004918,breast_msk_2025,SOX9,NA,17,70120232,NA,NA,-1,Exon 3 of SOX9(+),,,NA,17,78453502,NA,NA,-1,IGR: 13Kb before NPTX1(-),NA,GRCh37,NA,NA,25079,41680,0,285,-1,-1,-1,-1,SOX9 (NM_000346) rearrangement: c.1234:SOX9_chr17:g.78453502inv,PRECISE,5to5,SOX9-intragenic,INVERSION,8333270,Note: The SOX9 rearrangement is an inversion with a breakpoint in exon 3. The functional significance is undetermined.,SOMATIC,6662.0
UC0wMDEyMjIzLVQwMi1JTTY6YnJlYXN0X21za18yMDI1,UC0wMDEyMjIzOmJyZWFzdF9tc2tfMjAyNQ,breast_msk_2025_structural_variants,P-0012223-T02-IM6,P-0012223,breast_msk_2025,SOX9,NA,17,69532781,NA,NA,-1,IGR: 439Kb before CASC17(-),,,NA,17,70120449,NA,NA,-1,Exon 3 of SOX9(+),NA,GRCh37,NA,NA,11766,23049,0,110,-1,-1,-1,-1,SOX9 (NM_000346) rearrangement: chr17:g.69532781_c.1451del,PRECISE,3to5,SOX9-intragenic,DELETION,587668,Note: The SOX9 rearrangement is a deletion (587668 bp) which includes exons 1-3 of SOX9. One of the breakpoints is within exon 3. The functional significance is undetermined.,SOMATIC,6662.0
UC0wMDEyMjIzLVQwMy1JTTY6YnJlYXN0X21za18yMDI1,UC0wMDEyMjIzOmJyZWFzdF9tc2tfMjAyNQ,breast_msk_2025_structural_variants,P-0012223-T03-IM6,P-0012223,breast_msk_2025,SOX9,NA,17,69532781,NA,NA,-1,IGR: 439Kb before CASC17(-),,,NA,17,70120449,NA,NA,-1,Exon 3 of SOX9(+),NA,GRCh37,NA,NA,7935,14581,0,64,-1,-1,-1,-1,SOX9 (NM_000346) rearrangement: chr17:g.69532781_c.1451del,PRECISE,3to5,SOX9-intragenic,DELETION,587668,Note: The SOX9 rearrangement is a deletion (587668 bp) which includes exons 1-3 of SOX9. One of the breakpoints is within exon 3. The functional significance is undetermined.,SOMATIC,6662.0
UC0wMDM1NTMzLVQwMS1JTTY6YnJlYXN0X21za18yMDI1,UC0wMDM1NTMzOmJyZWFzdF9tc2tfMjAyNQ,breast_msk_2025_structural_variants,P-0035533-T01-IM6,P-0035533,breast_msk_2025,SOX9,NA,17,58643537,NA,NA,-1,5-UTR of LOC388406(+):20Kb before coding start,,,NA,17,70119231,NA,NA,-1,Intron of SOX9(+):118bp after exon 2,NA,GRCh37,NA,NA,91347,211643,0,14,-1,-1,-1,-1,SOX9 (NM_000346) rearrangement: c.685+118:SOX9_chr17:g.58643537inv,PRECISE,3to3,Antisense Fusion,INVERSION,11475694,Note: The SOX9 rearrangement is an inversion of exon 3. Its functional significance is undetermined.,SOMATIC,6662.0
UC0wMDI5MzU4LVQwMS1JTTY6YnJlYXN0X21za18yMDI1,UC0wMDI5MzU4OmJyZWFzdF9tc2tfMjAyNQ,breast_msk_2025_structural_variants,P-0029358-T01-IM6,P-0029358,breast_msk_2025,SOX9,NA,17,70120516,NA,NA,-1,Exon 3 of SOX9(+),2885.0,GRB2,NA,17,73371604,NA,NA,-1,Intron of GRB2(-):18Kb after exon 2,NA,GRCh37,yes,unk,8658,10413,0,92,-1,94,-1,10,SOX9 (NM_000346) - GRB2 (NM_002086) Rearrangment: c.1518:SOX9_c.78+18028:GRB2inv,PRECISE,3to3,Protein Fusion: mid-exon  {SOX9:GRB2},INVERSION,3251088,Note: The SOX9-GRB2 rearrangement is an inversion that may result in the fusion of SOX9 exons 1-3 to GRB2 exons 3-6. One of the breakpoints is within SOX9 exon 3.  The functional significance is undetermined.,SOMATIC,6662.0
UC0wMDExMDk4LVQwMS1JTTU6YnJlYXN0X21za18yMDI1,UC0wMDExMDk4OmJyZWFzdF9tc2tfMjAyNQ,breast_msk_2025_structural_variants,P-0011098-T01-IM5,P-0011098,breast_msk_2025,SPEN,NA,8,89816597,NA,NA,-1,IGR: 477Kb after MMP16(-),,,NA,1,16259712,NA,NA,-1,Exon 11 of SPEN(+),NA,GRCh37,NA,NA,0,0,0,99,-1,-1,-1,-1,SPEN (NM_015001) rearrangement: t(1;8)(p36.13;q21.3)(chr1:g.16259712::chr8:g.89816597),PRECISE,3to3,SPEN-intragenic,TRANSLOCATION,0,Note: The SPEN rearrangement is a translocation with a breakpoint within exon 11 of SPEN. The functional significance is undetermined.,SOMATIC,23013.0
UC0wMDExMDk4LVQwMi1JTTY6YnJlYXN0X21za18yMDI1,UC0wMDExMDk4OmJyZWFzdF9tc2tfMjAyNQ,breast_msk_2025_structural_variants,P-0011098-T02-IM6,P-0011098,breast_msk_2025,SPEN,NA,8,89816597,NA,NA,-1,IGR: 767Kb before MMP16(-),,,NA,1,16259712,NA,NA,-1,Exon 11 of SPEN(+),NA,GRCh37,NA,NA,0,0,0,55,-1,-1,-1,-1,SPEN (NM_015001) rearrangement: t(1;8)(p36.13;q21.3)(chr1:g.16259712::chr8:g.89816597),PRECISE,3to3,SPEN-intragenic,TRANSLOCATION,0,Note: The SPEN rearrangement is a translocation with a breakpoint within exon 11 of SPEN. The functional significance is undetermined.,SOMATIC,23013.0
UC0wMDE5MDIyLVQwMi1JTTY6YnJlYXN0X21za18yMDI1,UC0wMDE5MDIyOmJyZWFzdF9tc2tfMjAyNQ,breast_msk_2025_structural_variants,P-0019022-T02-IM6,P-0019022,breast_msk_2025,SPEN,NA,1,16202966,NA,NA,-1,Exon 3 of SPEN(+),23318.0,TUT4,NA,1,52985135,NA,NA,-1,Intron of ZCCHC11(-):3Kb before exon 3,NA,GRCh37,NA,NA,474661,530868,0,2,-1,-1,-1,-1,SPEN (NM_015001) - ZCCHC11 (NM_001009881) rearrangement : c.674:SPEN_c.719-3409:ZCCHC11inv,PRECISE,3to3,Protein Fusion: mid-exon  {SPEN:ZCCHC11},INVERSION,36782169,Note: The SPEN - ZCCHC11 rearrangement is an inversion that results in the fusion of SPEN exons 1-3 with ZCCHC11 exons 3-30. One of the breakpoints is within SPEN exon 3. The functional significance is undetermined.,SOMATIC,23013.0
UC0wMDA0NjgxLVQwMS1JTTU6YnJlYXN0X21za18yMDI1,UC0wMDA0NjgxOmJyZWFzdF9tc2tfMjAyNQ,breast_msk_2025_structural_variants,P-0004681-T01-IM5,P-0004681,breast_msk_2025,SRC,NA,20,36014598,NA,NA,-1,Intron of SRC(+): 21bp after exon 5,,,NA,20,42113618,NA,NA,-1,IGR: 27Kb before SFRS6(+),NA,GRCh37,NA,NA,69750,76903,0,15,-1,-1,-1,-1,SRC (NM_198291) rearrangement : c.350+21:SRC_chr20:g.42113618del,PRECISE,3to5,SRC-intragenic,DELETION,6099020,Note: The SRC (NM_198291) rearrangement event results in the deletion of SRC exons 6-14.,SOMATIC,6714.0
UC0wMDA4MTA0LVQwMS1JTTU6YnJlYXN0X21za18yMDI1,UC0wMDA4MTA0OmJyZWFzdF9tc2tfMjAyNQ,breast_msk_2025_structural_variants,P-0008104-T01-IM5,P-0008104,breast_msk_2025,SRC,NA,20,35971263,NA,NA,-1,Promoter of SRC(+): 2Kb from tx start,,,NA,20,36971011,NA,NA,-1,IGR: 4Kb before LBP(+),NA,GRCh37,NA,NA,20493,29813,0,48,-1,-1,-1,-1,SRC (NM_198291) rearrangement : c.-3642_chr20:g.36971011del,PRECISE,3to5,SRC-intragenic,DELETION,999748,Note: The SRC (NM_198291) rearrangement event is a deletion which is predicted to truncate the promoter region of SRC. Significance of this event is unknown.,SOMATIC,6714.0
UC0wMDE3OTI5LVQwMS1JTTY6YnJlYXN0X21za18yMDI1,UC0wMDE3OTI5OmJyZWFzdF9tc2tfMjAyNQ,breast_msk_2025_structural_variants,P-0017929-T01-IM6,P-0017929,breast_msk_2025,SRC,NA,20,36012632,NA,NA,-1,Exon 4 of SRC(+),643834.0,PGA3,NA,11,60972308,NA,NA,-1,Intron of PGA3(+):567bp after exon 2,NA,GRCh37,yes,unk,0,0,0,32,-1,20,-1,10,SRC (NM_198291) - PGA3 (NM_001079807) rearrangement: t(11;20)(q12.2;q11.23)(chr11:g.60972308::chr20:g.36012632),PRECISE,3to5,Protein Fusion: mid-exon  {SRC:PGA3},TRANSLOCATION,0,Note: The SRC - PGA3 rearrangement is translocation which results in the fusion of SRC exon 4 to PGA3 exon 3. One of the breakpoints is within SRC exon 4. The functional significance is undetermined.,SOMATIC,6714.0
UC0wMDE2NDY4LVQwMi1JTTY6YnJlYXN0X21za18yMDI1,UC0wMDE2NDY4OmJyZWFzdF9tc2tfMjAyNQ,breast_msk_2025_structural_variants,P-0016468-T02-IM6,P-0016468,breast_msk_2025,SRCIN1,NA,17,36699037,NA,NA,-1,Intron of SRCIN1(-):1Kb after exon 18,9020.0,MAP3K14,NA,17,43363880,NA,NA,-1,Exon 5 of MAP3K14(-),NA,GRCh37,yes,unk,219450,299584,0,65,-1,62,-1,10,MAP3K14 (NM_003954) - SRCIN1 (NM_025248) rearrangement: c.1069:MAP3K14_c.3417+1021:SRCIN1del,PRECISE,3to5,Protein Fusion: mid-exon  {MAP3K14:SRCIN1},DELETION,6664843,Note: The MAP3K14 - SRCIN1 rearrangement is a deletion that results in the fusion of MAP3K14 exons 1-5 to SRCIN1 exon 19. One of the breakpoints is within MAP3K14 exon 5. The functional significance is undetermined.,SOMATIC,80725.0
UC0wMDE2NDY4LVQwMS1JTTY6YnJlYXN0X21za18yMDI1,UC0wMDE2NDY4OmJyZWFzdF9tc2tfMjAyNQ,breast_msk_2025_structural_variants,P-0016468-T01-IM6,P-0016468,breast_msk_2025,SRCIN1,NA,17,36699037,NA,NA,-1,Intron of SRCIN1(-):1Kb after exon 18,9020.0,MAP3K14,NA,17,43363880,NA,NA,-1,Exon 5 of MAP3K14(-),NA,GRCh37,yes,unk,281178,407450,0,42,-1,40,-1,10,MAP3K14 (NM_003954) - SRCIN1 (NM_025248) rearrangement: c.1069:MAP3K14_c.3417+1021:SRCIN1del,PRECISE,3to5,Protein Fusion: mid-exon  {MAP3K14:SRCIN1},DELETION,6664843,Note: The MAP3K14 - SRCIN1 rearrangement is a deletion which results in the fusion of MAP3K14 exon 5 to SRCIN1 exon 19. One of the breakpoints is within MAP3K14 exon 5. The functional significance is undetermined.,SOMATIC,80725.0
UC0wMDIyMDA0LVQwMi1JTTY6YnJlYXN0X21za18yMDI1,UC0wMDIyMDA0OmJyZWFzdF9tc2tfMjAyNQ,breast_msk_2025_structural_variants,P-0022004-T02-IM6,P-0022004,breast_msk_2025,SRGAP2,NA,1,206626708,NA,NA,-1,Exon 17 of SRGAP2(+),9641.0,IKBKE,NA,1,206664172,NA,NA,-1,Exon 17 of IKBKE(+),NA,GRCh37,yes,unk,21699,26922,0,10,-1,8,-1,10,SRGAP2 (NM_015326) - IKBKE (NM_014002) rearrangement: c.2085:SRGAP2_c.1714:IKBKEdel,PRECISE,3to5,Protein Fusion: mid-exon  {SRGAP2:IKBKE},DELETION,37464,Note: The SRGAP2 - IKBKE rearrangement is a deletion which results in the fusion of SRGAP2 exons 1-17 with IKBKE exons 17-22. Both breakpoints are within exon. The functional significance is undetermined.,SOMATIC,23380.0
UC0wMDIxODQ1LVQwMS1JTTY6YnJlYXN0X21za18yMDI1,UC0wMDIxODQ1OmJyZWFzdF9tc2tfMjAyNQ,breast_msk_2025_structural_variants,P-0021845-T01-IM6,P-0021845,breast_msk_2025,SRRM1,NA,1,24987090,NA,NA,-1,Intron of SRRM1(+):119bp before exon 10,8289.0,ARID1A,NA,1,27087890,NA,NA,-1,Exon 6 of ARID1A(+),NA,GRCh37,yes,unk,16315,26957,0,61,-1,57,-1,10,SRRM1 (NM_005839) - ARID1A (NM_006015) rearrangement: c.1316-120:SRRM1_c.2177:ARID1Adel,PRECISE,3to5,Protein Fusion: mid-exon  {SRRM1:ARID1A},DELETION,2100800,Note: The SRRM1 - ARID1A rearrangement is a deletion that results in the fusion of SRRM1 exons 1-9 with ARID1A exons 6-20. One of the breakpoints is within ARID1A exon 6.,SOMATIC,10250.0
UC0wMDE1NzI0LVQwMS1JTTY6YnJlYXN0X21za18yMDI1,UC0wMDE1NzI0OmJyZWFzdF9tc2tfMjAyNQ,breast_msk_2025_structural_variants,P-0015724-T01-IM6,P-0015724,breast_msk_2025,SS18,NA,NA,-1,NA,NA,-1,NA,8546.0,AP3B1,NA,NA,-1,NA,NA,-1,NA,NA,GRCh37,yes,unk,-1,-1,-1,-1,-1,-1,-1,-1,POSITIVE FOR GENE FUSIONS IN THE INVESTIGATIONAL PANEL: SS18-AP3B1 fusion. Note: The rearrangement is an in-frame fusion between genes SS18 Exon10 (NM_001007559) and AP3B1 Exon8 (NM_003664).,NA,NA,SS18-AP3B1 Fusion - Archer,NA,-1,Lab Notes Run Number: ArcherV1-CLIN-20160063 Macro-dissection: Performed,SOMATIC,6760.0
UC0wMDAzMTk4LVQwNC1JTTY6YnJlYXN0X21za18yMDI1,UC0wMDAzMTk4OmJyZWFzdF9tc2tfMjAyNQ,breast_msk_2025_structural_variants,P-0003198-T04-IM6,P-0003198,breast_msk_2025,STAB1,NA,3,52552955,NA,NA,-1,Intron of STAB1(+):70bp after exon 48,55193.0,PBRM1,NA,3,52621495,NA,NA,-1,Intron of PBRM1(-):44bp before exon 20,NA,GRCh37,yes,unk,13764,34323,0,17,-1,17,-1,10,STAB1 (NM_015136) - PBRM1 (NM_018313)  rearrangement: c.5034+70:STAB1_c.2966-44:PBRM1inv,PRECISE,3to3,Protein Fusion: out of frame  {STAB1:PBRM1},INVERSION,68540,Note: The STAB1 - PRBM1 rearrangement is an inversion which results in the fusion of STAB1 exons 1-48 with PBRM1 exons 20-30. Its functional significance is undetermined.,SOMATIC,23166.0
UC0wMDA0OTk5LVQwMS1JTTU6YnJlYXN0X21za18yMDI1,UC0wMDA0OTk5OmJyZWFzdF9tc2tfMjAyNQ,breast_msk_2025_structural_variants,P-0004999-T01-IM5,P-0004999,breast_msk_2025,STAG2,NA,X,123199716,NA,NA,-1,Intron of STAG2(+): 10bp before exon 20,,,NA,X,130653015,NA,NA,-1,IGR: 25Kb before OR13H1(+),NA,GRCh37,NA,NA,28456,26673,0,17,-1,-1,-1,-1,STAG2(NM_001042749)  Rearrangement : c.2026-10:STAG2_chrX:g.130653015,PRECISE,5to5,STAG2-intragenic,INVERSION,7453299,Note: The STAG2(NM_001042749)  Rearrangement results in the inversion of exons 21 to 35 of STAG2. Its functional significance is undetermined.,SOMATIC,10735.0
UC0wMDA4MTcxLVQwMS1JTTU6YnJlYXN0X21za18yMDI1,UC0wMDA4MTcxOmJyZWFzdF9tc2tfMjAyNQ,breast_msk_2025_structural_variants,P-0008171-T01-IM5,P-0008171,breast_msk_2025,STAG2,NA,X,123224802,NA,NA,-1,Exon 32 of STAG2(+),,,NA,X,129436158,NA,NA,-1,IGR: 38Kb before SLC25A14(+),NA,GRCh37,NA,NA,7959,11831,0,14,-1,-1,-1,-1,STAG2 (NM_001042749) rearrangement: c.3566:STAG2_chrX:g.129436158del.,PRECISE,3to5,STAG2-intragenic,DELETION,6211356,The STAG2 (NM_001042749) rearrangement is a deletion of STAG2 exons 32-35. One of the breakpoints is within exon 32. The functional significance is undetermined.,SOMATIC,10735.0
UC0wMDI1NzYzLVQwMS1JTTY6YnJlYXN0X21za18yMDI1,UC0wMDI1NzYzOmJyZWFzdF9tc2tfMjAyNQ,breast_msk_2025_structural_variants,P-0025763-T01-IM6,P-0025763,breast_msk_2025,STAG2,NA,X,123178980,NA,NA,-1,Intron of STAG2(+):33bp before exon 8,,,NA,5,85708121,NA,NA,-1,IGR: 130Kb before NBPF22P(+),NA,GRCh37,NA,NA,0,0,0,34,-1,-1,-1,-1,STAG2 (NM_001042749) Rearrangement : t(X;5)(q25;q14.2)(chrX:g.123178980::chr5:g.85708121),PRECISE,5to5,STAG2-intragenic,TRANSLOCATION,0,"Note: The STAG2 Rearrangement results in the possible translocation of STAG2, the breakpoint in STAG2 is within intron7. Its functional significance is undetermined.",SOMATIC,10735.0
UC0wMDE1MzAxLVQwMS1JTTY6YnJlYXN0X21za18yMDI1,UC0wMDE1MzAxOmJyZWFzdF9tc2tfMjAyNQ,breast_msk_2025_structural_variants,P-0015301-T01-IM6,P-0015301,breast_msk_2025,STAG2,NA,X,123194178,NA,NA,-1,Intron of STAG2(+): 896bp before exon 15,,,NA,X,123200138,NA,NA,-1,Intron of STAG2(+): 26bp after exon 21,NA,GRCh37,yes,unk,9741,11870,0,11,-1,12,-1,15,STAG2 (NM_001042749) rearrangement: c.1417-896_c.2184+26del,PRECISE,3to5,Deletion of 7 exons: in frame,DELETION,5960,Note: The STAG2 rearrangement is an intragenic deletion of exons 16-22. The functional significance is undetermined.,SOMATIC,10735.0
UC0wMDA5NzkxLVQwMi1JTTY6YnJlYXN0X21za18yMDI1,UC0wMDA5NzkxOmJyZWFzdF9tc2tfMjAyNQ,breast_msk_2025_structural_variants,P-0009791-T02-IM6,P-0009791,breast_msk_2025,STAT3,NA,17,40476902,NA,NA,-1,Intron of STAT3(-):38bp before exon 17,,,NA,8,110206406,NA,NA,-1,IGR: 47Kb before NUDCD1(-),NA,GRCh37,yes,unk,0,0,0,16,-1,13,-1,10,STAT3 (NM_139276) rearrangement: t(8;17)(q23.1;q21.2)(chr8:g.110206406::chr17:g.40476902),PRECISE,3to5,STAT3-intragenic,TRANSLOCATION,0,Note: The STAT3 rearrangement is a translocation with a breakpoint in intron 16. Functional significance is undetermined.,SOMATIC,6774.0
UC0wMDA0OTk5LVQwMS1JTTU6YnJlYXN0X21za18yMDI1,UC0wMDA0OTk5OmJyZWFzdF9tc2tfMjAyNQ,breast_msk_2025_structural_variants,P-0004999-T01-IM5,P-0004999,breast_msk_2025,STAT3,NA,17,40490706,NA,NA,-1,Intron of STAT3(-): 43bp after exon 6,,,NA,13,31343786,NA,NA,-1,IGR: 5Kb after ALOX5AP(+),NA,GRCh37,NA,NA,0,0,0,12,-1,-1,-1,-1,STAT3(NM_139276) Rearrangement  : t(17;13)(17q21.2;13p12.3)(chr17:g.40490706::chr13:g.31343786),PRECISE,5to5,STAT3-intragenic,TRANSLOCATION,0,Note: The STAT3(NM_139276) Rearrangement results in translocation of exons 7-24 of STAT3. Its functional significance is undetermined.,SOMATIC,6774.0
UC0wMDA0OTE4LVQwMi1JTTY6YnJlYXN0X21za18yMDI1,UC0wMDA0OTE4OmJyZWFzdF9tc2tfMjAyNQ,breast_msk_2025_structural_variants,P-0004918-T02-IM6,P-0004918,breast_msk_2025,STAT3,NA,17,40469176,NA,NA,-1,Intron of STAT3(-):23bp after exon 22,,,NA,14,44234319,NA,NA,-1,IGR: 739Kb before FSCB(-),NA,GRCh37,NA,NA,0,0,0,13,-1,-1,-1,-1,STAT3 (NM_139276) rearrangement: t(14;17)(q21.2;q21.2)(chr14:g.44234319::chr17:g.40469176),PRECISE,3to3,STAT3-intragenic,TRANSLOCATION,0,Note: The STAT3 rearrangement is a translocation with a breakpoint in exon 22. The functional significance is undetermined.,SOMATIC,6774.0
UC0wMDM0Mzg1LVQwMS1JTTY6YnJlYXN0X21za18yMDI1,UC0wMDM0Mzg1OmJyZWFzdF9tc2tfMjAyNQ,breast_msk_2025_structural_variants,P-0034385-T01-IM6,P-0034385,breast_msk_2025,STAT3,NA,17,40498956,NA,NA,-1,Intron of STAT3(-):225bp before exon 3,,,NA,17,59012270,NA,NA,-1,Intron of BCAS3(+):10Kb after exon 13,NA,GRCh37,NA,NA,225845,674027,0,5,-1,-1,-1,-1,STAT3 (NM_139276) rearrangement: c.129-225:STAT3_chr17:g.59012270del,PRECISE,3to5,STAT3-intragenic,DELETION,18513314,Note: The STAT3 rearrangement is a deletion of exons 1-2. Its functional significance is undetermined.,SOMATIC,6774.0
UC0wMDM0Mzg1LVQwMi1JTTY6YnJlYXN0X21za18yMDI1,UC0wMDM0Mzg1OmJyZWFzdF9tc2tfMjAyNQ,breast_msk_2025_structural_variants,P-0034385-T02-IM6,P-0034385,breast_msk_2025,STAT3,NA,17,40498956,NA,NA,-1,Intron of STAT3(-):225bp before exon 3,,,NA,17,59012270,NA,NA,-1,Intron of BCAS3(+):10Kb after exon 13,NA,GRCh37,NA,NA,261211,561709,0,92,-1,-1,-1,-1,STAT3 (NM_139276) rearrangement: c.129-225:STAT3_chr17:g.59012270del,PRECISE,3to5,STAT3-intragenic,DELETION,18513314,Note: The STAT3 rearrangement results in the deletion of exons 1-2. The functional significance is undetermined.,SOMATIC,6774.0
UC0wMDIzMzIxLVQwMS1JTTY6YnJlYXN0X21za18yMDI1,UC0wMDIzMzIxOmJyZWFzdF9tc2tfMjAyNQ,breast_msk_2025_structural_variants,P-0023321-T01-IM6,P-0023321,breast_msk_2025,STAT3,NA,17,40496534,NA,NA,-1,Intron of STAT3(-):1Kb after exon 4,,,NA,17,40500432,NA,NA,-1,Exon 2 of STAT3(-),NA,GRCh37,yes,unk,5095,4370,0,42,-1,40,-1,10,STAT3 (NM_139276) rearrangement: c.372+1043_c.103del,PRECISE,3to5,Deletion within transcript : mid-exon,DELETION,3898,Note: The STAT3 rearrangement results in the deletion of exons 2-4. One of the breakpoints is within exon 2. The functional significance is undetermined.,SOMATIC,6774.0
UC0wMDE2MjQ2LVQwMS1JTTY6YnJlYXN0X21za18yMDI1,UC0wMDE2MjQ2OmJyZWFzdF9tc2tfMjAyNQ,breast_msk_2025_structural_variants,P-0016246-T01-IM6,P-0016246,breast_msk_2025,STAT3,NA,17,40481248,NA,NA,-1,Intron of STAT3(-):179bp after exon 14,,,NA,17,40489572,NA,NA,-1,Exon 8 of STAT3(-),NA,GRCh37,yes,unk,5123,14697,0,118,-1,104,-1,10,STAT3 (NM_139276) Rearrangement : c.678_c.1281+180del,PRECISE,5to3,Duplication within transcript : mid-exon,DUPLICATION,8324,Note: The STAT3 Rearrangement results in the intragenic duplication of exons 8-14 of STAT3. One of the breakpoints is within exon8. Its functional significance is undetermined.,SOMATIC,6774.0
UC0wMDE2ODM3LVQwMi1JTTY6YnJlYXN0X21za18yMDI1,UC0wMDE2ODM3OmJyZWFzdF9tc2tfMjAyNQ,breast_msk_2025_structural_variants,P-0016837-T02-IM6,P-0016837,breast_msk_2025,STAT3,NA,17,40498620,NA,NA,-1,Exon 3 of STAT3(-),,,NA,17,80750701,NA,NA,-1,Intron of TBCD(+):5Kb before exon 8,NA,GRCh37,yes,unk,453046,425928,0,4,-1,4,-1,8,STAT3 (NM_139276) rearrangement: c.240:STAT3_chr17:g.80750701del,PRECISE,3to5,STAT3-intragenic,DELETION,40252081,Note: The STAT3 rearrangement is a deletion of exons 1 - 3. One of the breakpoints is within exon 3. Functional significance is undetermined.,SOMATIC,6774.0
UC0wMDM0OTQ0LVQwMS1JTTY6YnJlYXN0X21za18yMDI1,UC0wMDM0OTQ0OmJyZWFzdF9tc2tfMjAyNQ,breast_msk_2025_structural_variants,P-0034944-T01-IM6,P-0034944,breast_msk_2025,STAT3,NA,17,40461471,NA,NA,-1,Exon 19 of STAT5A(+),6776.0,STAT5A,NA,17,40484229,NA,NA,-1,Intron of STAT3(-):680bp before exon 11,NA,GRCh37,yes,unk,18274,32994,0,71,-1,52,-1,10,STAT3 (NM_139276) - STAT5A (NM_003152) rearrangement: c.1050-680:STAT3_c.2191:STAT5Ainv,PRECISE,5to5,Protein Fusion: mid-exon  {STAT3:STAT5A},INVERSION,22758,Note: The STAT3 - STAT5A rearrangement is an inversion that results in the fusion of STAT3 exons 1-10 with STAT5A exons 19-20. One of the breakpoints is within STAT5A  exon 19. The functional significance is undetermined.,SOMATIC,6774.0
UC0wMDA5MzU2LVQwMS1JTTU6YnJlYXN0X21za18yMDI1,UC0wMDA5MzU2OmJyZWFzdF9tc2tfMjAyNQ,breast_msk_2025_structural_variants,P-0009356-T01-IM5,P-0009356,breast_msk_2025,STAT5A,NA,17,40453449,NA,NA,-1,Exon 10 of STAT5A(+),56934.0,CA10,NA,17,49913044,NA,NA,-1,Intron of CA10(-): 88Kb before exon 4,NA,GRCh37,yes,unk,175636,157922,0,40,-1,40,-1,92,CA10 (NM_001082533) - STAT5A (NM_003152) rearrangement: c.280-87866:CA10_c.1146:STAT5Ainv,PRECISE,5to5,Protein fusion: mid-exon (CA10-STAT5A),INVERSION,9459595,Note: The CA10 (NM_001082533) - STAT5A (NM_003152) rearrangement is an inversion that results in the fusion of CA10 exons 1-3 with STAT5A exons 10-20. One of the breakpoints is within STAT4A exon 10. The functional significance of this rearrangement is un,SOMATIC,6776.0
UC0wMDE1MjA0LVQwMS1JTTY6YnJlYXN0X21za18yMDI1,UC0wMDE1MjA0OmJyZWFzdF9tc2tfMjAyNQ,breast_msk_2025_structural_variants,P-0015204-T01-IM6,P-0015204,breast_msk_2025,STAT5A,NA,17,40460286,NA,NA,-1,Exon 17 of STAT5A(+),6774.0,STAT3,NA,17,40466320,NA,NA,-1,3-UTR of STAT3(-): 1Kb after coding stop,NA,GRCh37,NA,NA,5770,6897,0,9,-1,-1,-1,-1,STAT5A (NM_003152) - STAT3 (NM_139276) rearrangement: c.1997:STAT5A_c.*1443:STAT3del,PRECISE,3to5,STAT5A-STAT3 Fusion,DELETION,6034,Note: The STAT5A rearrangement is a deletion with breakpoints within exon17 of STAT5A and the 3UTR of STAT3. The functional significance is undetermined.,SOMATIC,6776.0
UC0wMDE1MDU5LVQwMS1JTTY6YnJlYXN0X21za18yMDI1,UC0wMDE1MDU5OmJyZWFzdF9tc2tfMjAyNQ,breast_msk_2025_structural_variants,P-0015059-T01-IM6,P-0015059,breast_msk_2025,STAT5B,NA,17,40362151,NA,NA,-1,Intron of STAT5B(-): 38bp after exon 15,,,NA,17,40365340,NA,NA,-1,Intron of STAT5B(-): 1Kb before exon 13,NA,GRCh37,NA,NA,6800,5329,0,6,-1,-1,-1,-1,STAT5B (NM_012448) rearrangement: c.1474-1132_c.1906+38inv,PRECISE,5to5,Antisense fusion,INVERSION,3189,Note: The STAT5B rearrangement is an inversion of exons 13-15. The functional significance is undetermined,SOMATIC,6777.0
UC0wMDQzMjk3LVQwMS1JTTY6YnJlYXN0X21za18yMDI1,UC0wMDQzMjk3OmJyZWFzdF9tc2tfMjAyNQ,breast_msk_2025_structural_variants,P-0043297-T01-IM6,P-0043297,breast_msk_2025,STAT5B,NA,17,40375506,NA,NA,-1,Exon 5 of STAT5B(-),,,NA,17,41626578,NA,NA,-1,Promoter of ETV4(-):21Kb from tx start,NA,GRCh37,yes,unk,167007,233856,0,249,-1,143,-1,10,STAT5B (NM_012448) rearrangement: c.444:STAT5B_chr17:g.41626578del,PRECISE,3to5,Protein Fusion: mid-exon  {ETV4:STAT5B},DELETION,1251072,Note: The STAT5B rearrangement is a deletion of exons 1 - 5. One of the breakpoints is within exon 5. Functional significance is undetermined.,SOMATIC,6777.0
UC0wMDUyNDQ4LVQwMi1JTTY6YnJlYXN0X21za18yMDI1,UC0wMDUyNDQ4OmJyZWFzdF9tc2tfMjAyNQ,breast_msk_2025_structural_variants,P-0052448-T02-IM6,P-0052448,breast_msk_2025,STAT5B,NA,17,40354939,NA,NA,-1,Intron of STAT5B(-):113bp before exon 17,,,NA,17,46524723,NA,NA,-1,5-UTR of LOC101927166(+):19Kb before coding start,NA,GRCh37,yes,unk,185581,284115,1,38,-1,23,-1,10,STAT5B (NM_012448) rearrangement: c.2078-113:STAT5B_chr17:g.46524723del,PRECISE,3to5,STAT5B-intragenic,DELETION,6169784,Note: The STAT5B rearrangement is a deletion of exons 1 - 16. Functional significance is undetermined.,SOMATIC,6777.0
UC0wMDUyNDQ4LVQwMy1JTTY6YnJlYXN0X21za18yMDI1,UC0wMDUyNDQ4OmJyZWFzdF9tc2tfMjAyNQ,breast_msk_2025_structural_variants,P-0052448-T03-IM6,P-0052448,breast_msk_2025,STAT5B,NA,17,40354939,NA,NA,-1,Intron of STAT5B(-):113bp before exon 17,,,NA,17,46524723,NA,NA,-1,5-UTR of LOC101927166(+):19Kb before coding start,NA,GRCh37,yes,unk,185581,403202,1,98,-1,68,-1,10,STAT5B (NM_012448) rearrangement: c.2078-113:STAT5B_chr17:g.46524723del,PRECISE,3to5,STAT5B-intragenic,DELETION,6169784,Note: The STAT5B rearrangement is a deletion of exons 1 - 16. Functional significance is undetermined.,SOMATIC,6777.0
UC0wMDA5NjMyLVQwMS1JTTU6YnJlYXN0X21za18yMDI1,UC0wMDA5NjMyOmJyZWFzdF9tc2tfMjAyNQ,breast_msk_2025_structural_variants,P-0009632-T01-IM5,P-0009632,breast_msk_2025,STAT5B,NA,20,14134124,NA,NA,-1,Intron of MACROD2(+): 68Kb after exon 3,140733.0,MACROD2,NA,17,40376785,NA,NA,-1,Intron of STAT5B(-): 12bp after exon 4,NA,GRCh37,yes,unk,0,0,0,46,-1,46,-1,41,STAT5B (NM_012448) - MACROD2 (NM_080676) Rearrangement :  t(17;20)(q21.2;p12.1)(chr17:g.40376785::chr20:g.14134124 ),PRECISE,5to5,Protein fusion: out of frame (STAT5B-MACROD2),TRANSLOCATION,0,Note: The STAT5B - MACROD2  Rearrangement  results in the fusion of exons 1-4 of STAT5B and exons 4-17 of MACROD2.Its functional significance is undetermined.,SOMATIC,6777.0
UC0wMDA3NTE4LVQwMS1JTTU6YnJlYXN0X21za18yMDI1,UC0wMDA3NTE4OmJyZWFzdF9tc2tfMjAyNQ,breast_msk_2025_structural_variants,P-0007518-T01-IM5,P-0007518,breast_msk_2025,STK11,NA,19,1221227,NA,NA,-1,Exon 6 of STK11(+),,,NA,19,1226791,NA,NA,-1,3-UTR of STK11(+): 145bp after coding stop,NA,GRCh37,yes,unk,6147,7200,0,58,-1,58,-1,113,STK11 (NM_000455) Rearrangement : c.*16+129_750inv,PRECISE,3to3,STK11-intragenic,INVERSION,5564,Note: The STK11 (NM_000455) Rearrangement results in the inversion of first 6 exons of STK11 . One of the breakpoints is within exon 6. This event could be part of the complex events in STK11.Its functional significance is undetermined.,SOMATIC,6794.0
UC0wMDE2Nzg1LVQwMS1JTTY6YnJlYXN0X21za18yMDI1,UC0wMDE2Nzg1OmJyZWFzdF9tc2tfMjAyNQ,breast_msk_2025_structural_variants,P-0016785-T01-IM6,P-0016785,breast_msk_2025,STXBP2,NA,19,1218399,NA,NA,-1,Intron of STK11(+):16bp before exon 2,6794.0,STK11,NA,19,7708193,NA,NA,-1,Intron of STXBP2(+):62bp after exon 13,NA,GRCh37,NA,NA,233914,286162,0,26,-1,-1,-1,-1,STXBP2 (NM_006949) - STK11 (NM_000455)  rearrangement: c.1107+62:STXBP2_c.291-17:STK11dup,PRECISE,5to3,Protein Fusion: out of frame  {STXBP2:STK11},DUPLICATION,6489794,Note: The STXBP2 - STK11 rearrangement is a duplication (6489794 bp) which results in the fusion of STXBP2 exon 13 to STK11 exon 2. The functional significance is undetermined.,SOMATIC,6813.0
UC0wMDAzODE5LVQwMS1JTTU6YnJlYXN0X21za18yMDI1,UC0wMDAzODE5OmJyZWFzdF9tc2tfMjAyNQ,breast_msk_2025_structural_variants,P-0003819-T01-IM5,P-0003819,breast_msk_2025,SUFU,NA,10,104386863,NA,NA,-1,Intron of SUFU(+): 69bp before exon 11,81603.0,TRIM8,NA,10,104409596,NA,NA,-1,Intron of TRIM8(+): 5Kb after exon 1,NA,GRCh37,yes,unk,3490,6731,0,47,-1,35,-1,42,TRIM8 (NM_030912) - SUFU (NM_016169) rearrangement : c.570+4652:TRIM8_c.1297-69:SUFUdup,PRECISE,5to3,Protein fusion: in frame (TRIM8-SUFU),DUPLICATION,22733,Note: The TRIM8 (NM_030912) - SUFU (NM_016169) rearrangement event is a duplication which results in the fusion of TRIM8 exon1 and SUFU exons 11-12 .,SOMATIC,51684.0
UC0wMDM0NjA1LVQwMS1JTTY6YnJlYXN0X21za18yMDI1,UC0wMDM0NjA1OmJyZWFzdF9tc2tfMjAyNQ,breast_msk_2025_structural_variants,P-0034605-T01-IM6,P-0034605,breast_msk_2025,SUGP1,NA,19,15367031,NA,NA,-1,Exon 9 of BRD4(-),23476.0,BRD4,NA,19,19408092,NA,NA,-1,Exon 8 of SUGP1(-),NA,GRCh37,yes,unk,184670,253198,0,16,-1,16,-1,10,SUGP1 (NM_172231) - BRD4 (NM_058243) rearrangement: c.949:SUGP1_c.1595:BRD4del,PRECISE,3to5,Protein Fusion: mid-exon  {SUGP1:BRD4},DELETION,4041061,Note: The SUGP1 - BRD4 rearrangement is a deletion which results in the fusion of SUGP1 exon 1-8 with PRD4 exon 9-20. The breakpoints are within SUGP1 exon 8 and BRD4 exon 9. Its functional significance is undetermined.,SOMATIC,57794.0
UC0wMDU2MTg1LVQwMi1JTTY6YnJlYXN0X21za18yMDI1,UC0wMDU2MTg1OmJyZWFzdF9tc2tfMjAyNQ,breast_msk_2025_structural_variants,P-0056185-T02-IM6,P-0056185,breast_msk_2025,SUZ12,NA,17,30293216,NA,NA,-1,Intron of SUZ12(+):1bp after exon 5,,,NA,17,30294935,NA,NA,-1,Intron of SUZ12(+):2Kb after exon 5,NA,GRCh37,yes,unk,400,525,0,10,-1,3,-1,10,SUZ12 (NM_015355) rearrangement: c.505+1_c.505+1720inv,PRECISE,5to5,SUZ12-intragenic,INVERSION,1719,Note: The SUZ12 rearrangement is an intragenic inversion with breakpoints in intron 5. Functional significance is undetermined.,SOMATIC,23512.0
UC0wMDIwNzAyLVQwMS1JTTY6YnJlYXN0X21za18yMDI1,UC0wMDIwNzAyOmJyZWFzdF9tc2tfMjAyNQ,breast_msk_2025_structural_variants,P-0020702-T01-IM6,P-0020702,breast_msk_2025,SUZ12,NA,17,30302430,NA,NA,-1,Intron of SUZ12(+):70bp before exon 7,,,NA,17,65717654,NA,NA,-1,Intron of NOL11(+):12bp after exon 4,NA,GRCh37,NA,NA,918551,843997,0,6,-1,-1,-1,-1,SUZ12 (NM_015355) rearrangement: c.592-71_g.65717654inv,PRECISE,5to5,SUZ12-intragenic,INVERSION,35415224,Note: The SUZ12 rearrangement results in the inversion of exons 7-16. The functional significance is undetermined.,SOMATIC,23512.0
UC0wMDQ4OTA3LVQwMS1JTTY6YnJlYXN0X21za18yMDI1,UC0wMDQ4OTA3OmJyZWFzdF9tc2tfMjAyNQ,breast_msk_2025_structural_variants,P-0048907-T01-IM6,P-0048907,breast_msk_2025,SUZ12,NA,17,11363648,NA,NA,-1,Intron of SHISA6(+):81Kb after exon 3,388336.0,SHISA6,NA,17,30323950,NA,NA,-1,Intron of SUZ12(+):54bp after exon 15,NA,GRCh37,yes,unk,174928,279878,0,26,-1,23,-1,10,SUZ12 (NM_015355) - SHISA6 (NM_207386) rearrangement: c.1874+54:SUZ12_c.895+80822:SHISA6dup,PRECISE,5to3,Protein Fusion: out of frame  {SUZ12:SHISA6},DUPLICATION,18960302,Note: The SUZ12 - SHISA6 rearrangement is a duplication that results in a fusion of SUZ12 exons 1 - 15 to SHISA6 exons 4 - 6. Functional significance is undetermined.,SOMATIC,23512.0
UC0wMDAzMTk4LVQwNC1JTTY6YnJlYXN0X21za18yMDI1,UC0wMDAzMTk4OmJyZWFzdF9tc2tfMjAyNQ,breast_msk_2025_structural_variants,P-0003198-T04-IM6,P-0003198,breast_msk_2025,TAF15,NA,NA,-1,NA,NA,-1,NA,163.0,AP2B1,NA,NA,-1,NA,NA,-1,NA,NA,GRCh37,yes,unk,-1,-1,-1,-1,-1,-1,-1,-1,POSITIVE FOR GENE FUSIONS IN THE INVESTIGATIONAL PANEL: TAF15-AP2B1 fusion. Note: The rearrangement is an out of frame fusion between genes TAF15 Exon9 (NM_139215) and AP2B1 Exon6 (NM_001030006).  This fusion was detected with low frequency and its signif,NA,NA,TAF15-AP2B1 Fusion - Archer,NA,-1,Lab Notes Run Number: ArcherV3-CLIN-20190035 Macro-dissection: Unknown,SOMATIC,8148.0
UC0wMDE5NjMxLVQwMy1JTTY6YnJlYXN0X21za18yMDI1,UC0wMDE5NjMxOmJyZWFzdF9tc2tfMjAyNQ,breast_msk_2025_structural_variants,P-0019631-T03-IM6,P-0019631,breast_msk_2025,TAF15,NA,NA,-1,NA,NA,-1,NA,157680.0,VPS13B,NA,NA,-1,NA,NA,-1,NA,NA,GRCh37,yes,unk,-1,-1,-1,-1,-1,-1,-1,-1,POSITIVE FOR GENE FUSIONS IN THE INVESTIGATIONAL PANEL: TAF15-VPS13B fusion. Note: The rearrangement is an out of frame fusion between genes TAF15 Exon7 (NM_139215) and VPS13B Exon59 (NM_152564). Note2: The functional significance of this event is unknown,NA,NA,TAF15-VPS13B Fusion - Archer,NA,-1,Lab Notes Run Number: ArcherV3-CLIN-20200021 Macro-dissection: Not Performed,SOMATIC,8148.0
UC0wMDIwNjI3LVQwMS1JTTY6YnJlYXN0X21za18yMDI1,UC0wMDIwNjI3OmJyZWFzdF9tc2tfMjAyNQ,breast_msk_2025_structural_variants,P-0020627-T01-IM6,P-0020627,breast_msk_2025,TAP1,NA,6,32815768,NA,NA,-1,Exon 8 of TAP1(-),23328.0,SASH1,NA,6,148725771,NA,NA,-1,Intron of SASH1(+):14Kb after exon 2,NA,GRCh37,yes,unk,629390,448017,0,120,-1,73,-1,10,TAP1 (NM_000593) rearrangement: c.1848_g.148725771dup,PRECISE,5to3,Antisense Fusion,DUPLICATION,115910003,Note: The TAP1 rearrangement results in the duplication of exons 1-8. One of the breakpoints is within exon 8. The functional significance is undetermined.,SOMATIC,6890.0
UC0wMDE1NDI1LVQwMS1JTTY6YnJlYXN0X21za18yMDI1,UC0wMDE1NDI1OmJyZWFzdF9tc2tfMjAyNQ,breast_msk_2025_structural_variants,P-0015425-T01-IM6,P-0015425,breast_msk_2025,TAP2,NA,6,32782007,NA,NA,-1,Intron of HLA-DOB(-): 90bp after exon 3,,,NA,6,32803160,NA,NA,-1,Intron of TAP2(-): 24bp before exon 5,NA,GRCh37,NA,NA,19433,29827,0,34,-1,-1,-1,-1,TAP2 (NM_018833) Rearrangement : c.643+90:HLA-DOB_c.740-24inv,PRECISE,3to3,TAP2-intragenic,INVERSION,21153,Note: The TAP2 Rearrangement results in the possible inversion of exons 5-12 of TAP2. Its functional significance is undetermined.,SOMATIC,6891.0
UC0wMDQxMzcxLVQwMS1JTTY6YnJlYXN0X21za18yMDI1,UC0wMDQxMzcxOmJyZWFzdF9tc2tfMjAyNQ,breast_msk_2025_structural_variants,P-0041371-T01-IM6,P-0041371,breast_msk_2025,TBKBP1,NA,17,37648975,NA,NA,-1,Intron of CDK12(+):28bp before exon 4,51755.0,CDK12,NA,17,45778439,NA,NA,-1,Intron of TBKBP1(+):1Kb after exon 6,NA,GRCh37,yes,unk,325491,394297,0,6,-1,6,-1,0,TBKBP1 (NM_014726) - CDK12 (NM_016507) rearrangement: c.872+1376:TBKBP1_c.2109-29:CDK12dup,IMPPRECISE,5to3,Protein Fusion: in frame  {TBKBP1:CDK12},DUPLICATION,8129464,Note: The TBKBP1 - CDK12 rearrangement is a duplication that results in a fusion of TBKBP1 exons 1 - 6 to CDK12 exons 4 - 14. The fusion is predicted to be in frame and includes the kinase domain of CDK12. Functional significance is undetermined.,SOMATIC,9755.0
UC0wMDQ5MTgzLVQwMS1JTTY6YnJlYXN0X21za18yMDI1,UC0wMDQ5MTgzOmJyZWFzdF9tc2tfMjAyNQ,breast_msk_2025_structural_variants,P-0049183-T01-IM6,P-0049183,breast_msk_2025,TBX3,NA,12,115114531,NA,NA,-1,Intron of TBX3(-):256bp before exon 6,,,NA,12,115115604,NA,NA,-1,Intron of TBX3(-):143bp before exon 5,NA,GRCh37,NA,NA,1235,1741,0,9,-1,-1,-1,-1,TBX3 (NM_016569) rearrangement: c.865-143_c.942-256dup,PRECISE,5to3,Duplication of 1 exon : out of frame,DUPLICATION,1073,Note: The TBX3 rearrangement is an intragenic duplication of exon 5. Functional significance is undetermined.,SOMATIC,6926.0
UC0wMDIwMzQ0LVQwMi1JTTY6YnJlYXN0X21za18yMDI1,UC0wMDIwMzQ0OmJyZWFzdF9tc2tfMjAyNQ,breast_msk_2025_structural_variants,P-0020344-T02-IM6,P-0020344,breast_msk_2025,TBX3,NA,12,115117863,NA,NA,-1,Intron of TBX3(-):86bp before exon 3,,,NA,5,159028999,NA,NA,-1,IGR: 153Kb before LOC285627(-),NA,GRCh37,NA,NA,0,0,0,14,-1,-1,-1,-1,TBX3 (NM_016569) rearrangement: t(5;12)(q33.3;q21.24)(chr5:g.159028999::chr12:g.115117863),PRECISE,3to5,TBX3-intragenic,TRANSLOCATION,0,Note: The TBX3 rearrangement is a translocation involving exon 3. Its functional significance is undetermined. The prior sample (M17-12136) has low read support for this rearrangement.,SOMATIC,6926.0
UC0wMDQwMTI2LVQwMS1JTTY6YnJlYXN0X21za18yMDI1,UC0wMDQwMTI2OmJyZWFzdF9tc2tfMjAyNQ,breast_msk_2025_structural_variants,P-0040126-T01-IM6,P-0040126,breast_msk_2025,TBX3,NA,12,115118868,NA,NA,-1,Exon 2 of TBX3(-),,,NA,12,115140428,NA,NA,-1,IGR: 32Kb before TBX3(-),NA,GRCh37,yes,unk,3587,3579,0,48,-1,48,-1,10,TBX3 (NM_016569) rearrangement: c.473:TBX3_chr12:g.115140428del,PRECISE,3to5,TBX3-intragenic,DELETION,21560,Note: The TBX3 rearrangement is a deletion of exons 1 - 2. One of the breakpoints is within exon 2.,SOMATIC,6926.0
UC0wMDEyODM2LVQwMi1JTTY6YnJlYXN0X21za18yMDI1,UC0wMDEyODM2OmJyZWFzdF9tc2tfMjAyNQ,breast_msk_2025_structural_variants,P-0012836-T02-IM6,P-0012836,breast_msk_2025,TBX3,NA,12,115111461,NA,NA,-1,Intron of TBX3(-):508bp after exon 7,,,NA,12,115119062,NA,NA,-1,Intron of TBX3(-):111bp before exon 2,NA,GRCh37,NA,NA,11494,6458,0,7,-1,-1,-1,-1,TBX3 (NM_016569) rearrangement: c.390-111_c.1770+509inv,PRECISE,3to3,TBX3-intragenic,INVERSION,7601,Note: The TBX3 rearrangement results in the inversion of exons 2-7. The functional significance is undetermined.,SOMATIC,6926.0
UC0wMDAxMTg0LVQwMi1JTTU6YnJlYXN0X21za18yMDI1,UC0wMDAxMTg0OmJyZWFzdF9tc2tfMjAyNQ,breast_msk_2025_structural_variants,P-0001184-T02-IM5,P-0001184,breast_msk_2025,TCF3,NA,19,1620942,NA,NA,-1,Intron of TCF3(-): 25bp after exon 12,,,NA,19,24369803,NA,NA,-1,IGR: 25Kb before LOC100101266(-),NA,GRCh37,NA,NA,1110631,1334403,0,170,-1,-1,-1,-1,TCF3 (NM_001136139) rearrangement : c.1093+25:TCF3_chr19:g.24369803del,PRECISE,3to5,TCF3-intragenic,DELETION,22748861,Note1: The TCF3 rearrangement event results in the deletion of TCF3 exons 12-18. One of the breakpoints is within TCF3 exon12.,SOMATIC,6929.0
UC0wMDAxMTg0LVQwMi1JTTU6YnJlYXN0X21za18yMDI1,UC0wMDAxMTg0OmJyZWFzdF9tc2tfMjAyNQ,breast_msk_2025_structural_variants,P-0001184-T02-IM5,P-0001184,breast_msk_2025,TCF3,NA,19,1620997,NA,NA,-1,Exon 12 of TCF3(-),81926.0,ABHD17A,NA,19,1878025,NA,NA,-1,Intron of FAM108A1(-): 339bp before exon 5,NA,GRCh37,NA,NA,43004,61742,0,156,-1,-1,-1,-1,TCF3 (NM_001136139) - ABHD17A (NM_001130111) rearrangement : c.1093+25:TCF3_chr19:g.24369803del,PRECISE,5to5,Antisense fusion,INVERSION,257028,Note2: The TCF3 - ABHD17A rearrangement event results in the inversion of TCF3 exons 12-18. One of the breakpoints is within TCF3 exon12.,SOMATIC,6929.0
UC0wMDM0MTg0LVQwMS1JTTY6YnJlYXN0X21za18yMDI1,UC0wMDM0MTg0OmJyZWFzdF9tc2tfMjAyNQ,breast_msk_2025_structural_variants,P-0034184-T01-IM6,P-0034184,breast_msk_2025,TECR,NA,19,14644609,NA,NA,-1,Intron of TECR(+):4Kb after exon 1,5296.0,PIK3R2,NA,19,18276951,NA,NA,-1,Intron of PIK3R2(+):18bp before exon 12,NA,GRCh37,NA,NA,239424,285867,0,34,-1,-1,-1,-1,TECR (NM_138501) - PIK3R2 (NM_005027) rearrangement: c.15+4086:TECR_c.1417-19:PIK3R2inv,PRECISE,5to5,TECR-PIK3R2 Fusion,INVERSION,3632342,Note: The TECR - PIK3R2 rearrangement is an inversion that includes TECR exons 2-13 and PIK3R2 exons 1-11 . The functional significance is undetermined.,SOMATIC,9524.0
UC0wMDA1NjMxLVQwMi1JTTY6YnJlYXN0X21za18yMDI1,UC0wMDA1NjMxOmJyZWFzdF9tc2tfMjAyNQ,breast_msk_2025_structural_variants,P-0005631-T02-IM6,P-0005631,breast_msk_2025,TEK,NA,9,26890575,NA,NA,-1,Intron of CAAP1(-):2Kb after exon 1,,,NA,9,27204772,NA,NA,-1,Intron of TEK(+):136bp before exon 14,NA,GRCh37,NA,NA,24021,19257,0,11,-1,-1,-1,-1,TEK (NM_000459) rearrangement: c.2210-137:TEK_chr9:g.26890575del,PRECISE,3to5,TEK-intragenic,DELETION,314197,Note: The TEK rearrangement is a deletion of exons 14-23. The functional significance is undetermined.,SOMATIC,7010.0
UC0wMDE4Mzk3LVQwMS1JTTY6YnJlYXN0X21za18yMDI1,UC0wMDE4Mzk3OmJyZWFzdF9tc2tfMjAyNQ,breast_msk_2025_structural_variants,P-0018397-T01-IM6,P-0018397,breast_msk_2025,TENM2,NA,5,166988538,NA,NA,-1,Intron of TENM2(+):186Kb after exon 2,545.0,ATR,NA,3,142168296,NA,NA,-1,Exon 47 of ATR(-),NA,GRCh37,yes,unk,0,0,0,7,-1,7,-1,10,TENM2 (NM_001122679) - ATR () Rearrangement : t(5;3)(q34;q23)(chr5:g.166988538::chr3:g.142168296),PRECISE,3to3,Protein Fusion: mid-exon  {TENM2:ATR},TRANSLOCATION,0,Note: TENM2-ATR rearrangement is a translocation which leads to fusion of TENM2 exons 1-2 to ATR exon 47. Its functional significance is undetermined.,SOMATIC,57451.0
UC0wMDE2ODQ5LVQwMS1JTTY6YnJlYXN0X21za18yMDI1,UC0wMDE2ODQ5OmJyZWFzdF9tc2tfMjAyNQ,breast_msk_2025_structural_variants,P-0016849-T01-IM6,P-0016849,breast_msk_2025,TENT5C,NA,1,116281889,NA,NA,-1,Intron of CASQ2(-):933bp before exon 4,845.0,CASQ2,NA,1,118166180,NA,NA,-1,Exon 2 of FAM46C(+),NA,GRCh37,NA,NA,13782,29330,0,118,-1,-1,-1,-1,FAM46C (NM_017709) - CASQ2 (NM_001232) rearrangement: c.690:FAM46C_c.421-933:CASQ2del,PRECISE,3to5,FAM46C-CASQ2 Fusion,DELETION,1884291,Note: The FAM46C - CASQ2 rearrangement is a deletion which includes FAM46C exons 1-2. One of the breakpoints is within FAM46C exon2. The functional significance is undetermined.,SOMATIC,54855.0
UC0wMDA2OTYzLVQwMS1JTTU6YnJlYXN0X21za18yMDI1,UC0wMDA2OTYzOmJyZWFzdF9tc2tfMjAyNQ,breast_msk_2025_structural_variants,P-0006963-T01-IM5,P-0006963,breast_msk_2025,TERT,NA,5,1295363,NA,NA,-1,Promoter of TERT(-): 201bp from tx start,,,NA,5,1296461,NA,NA,-1,Promoter of TERT(-): 1Kb from tx start,NA,GRCh37,yes,unk,4,9,0,19,-1,19,-1,23,TERT (NM_198253) rearrangement : c.-1357_-259del,PRECISE,3to5,Deletion within transcript,DELETION,1098,Note: The TERT (NM_198253) rearrangement event results in a deletion in the TERT promoter region. Significance of this event is unknown.,SOMATIC,7015.0
UC0wMDAyOTE1LVQwMS1JTTM6YnJlYXN0X21za18yMDI1,UC0wMDAyOTE1OmJyZWFzdF9tc2tfMjAyNQ,breast_msk_2025_structural_variants,P-0002915-T01-IM3,P-0002915,breast_msk_2025,TET1,NA,10,70332166,NA,NA,-1,Exon 2 of TET1(+),,,NA,10,70339609,NA,NA,-1,Intron of TET1(+): 6Kb after exon 2,NA,GRCh37,yes,unk,14392,11191,0,15,-1,14,-1,13,NA,PRECISE,5to3,Duplication within transcript: mid-exon,DUPLICATION,7443,Note: The TET1 (NM_030625) duplication is a rearrangement event which results in the  duplication of exon 2.The breakpoint is within exon 2.,SOMATIC,80312.0
UC0wMDIxNjc5LVQwMi1JTTY6YnJlYXN0X21za18yMDI1,UC0wMDIxNjc5OmJyZWFzdF9tc2tfMjAyNQ,breast_msk_2025_structural_variants,P-0021679-T02-IM6,P-0021679,breast_msk_2025,TET1,NA,10,70406065,NA,NA,-1,Exon 4 of TET1(+),,,NA,10,70407777,NA,NA,-1,Intron of TET1(+):1Kb after exon 4,NA,GRCh37,yes,unk,3891,6606,0,101,-1,102,-1,10,TET1 (NM_030625) rearrangement: c.3579_c.4276+1015inv,PRECISE,3to3,Antisense Fusion,INVERSION,1712,Note: The TET1 rearrangement is an intragenic inversion of exon 4. One of the breakpoints is within exon 4. Functional significance is undetermined.,SOMATIC,80312.0
UC0wMDI5MDY5LVQwMS1JTTY6YnJlYXN0X21za18yMDI1,UC0wMDI5MDY5OmJyZWFzdF9tc2tfMjAyNQ,breast_msk_2025_structural_variants,P-0029069-T01-IM6,P-0029069,breast_msk_2025,TET1,NA,10,70400979,NA,NA,-1,Intron of TET1(+):3Kb before exon 4,,,NA,10,70412334,NA,NA,-1,Exon 6 of TET1(+),NA,GRCh37,yes,unk,12960,22873,0,17,-1,11,-1,10,TET1 (NM_030625) rearrangement: c.1969-3476_c.4444dup,PRECISE,5to3,Duplication within transcript : mid-exon,DUPLICATION,11355,Note: The TET1 rearrangement is an intragenic duplication of exons 4-6. One of the breakpoints is within TET1 exon 6. The functional significance is undetermined.,SOMATIC,80312.0
UC0wMDI5MDY5LVQwMi1JTTY6YnJlYXN0X21za18yMDI1,UC0wMDI5MDY5OmJyZWFzdF9tc2tfMjAyNQ,breast_msk_2025_structural_variants,P-0029069-T02-IM6,P-0029069,breast_msk_2025,TET1,NA,10,70400979,NA,NA,-1,Intron of TET1(+):3Kb before exon 4,,,NA,10,70412334,NA,NA,-1,Exon 6 of TET1(+),NA,GRCh37,yes,unk,14515,30148,0,79,-1,55,-1,10,TET1 (NM_030625) rearrangement: c.1969-3476_c.4444dup,PRECISE,5to3,Duplication within transcript : mid-exon,DUPLICATION,11355,Note: The TET1 rearrangement is an intragenic duplication of exons 4-6. One of the breakpoints is within TET1 exon 6. The functional significance is undetermined.,SOMATIC,80312.0
UC0wMDIxNjc5LVQwMS1JTTY6YnJlYXN0X21za18yMDI1,UC0wMDIxNjc5OmJyZWFzdF9tc2tfMjAyNQ,breast_msk_2025_structural_variants,P-0021679-T01-IM6,P-0021679,breast_msk_2025,TET1,NA,10,70406065,NA,NA,-1,Exon 4 of TET1(+),,,NA,10,70407777,NA,NA,-1,Intron of TET1(+):1Kb after exon 4,NA,GRCh37,NA,NA,7377,7831,0,69,-1,-1,-1,-1,TET1 (NM_030625) rearrangement: c.3579_c.4276+1015inv,PRECISE,3to3,Antisense Fusion,INVERSION,1712,Note: The TET1 rearrangement is an intragenic inversion of exon 4. One of the breakpoints is within exon 4. The functional significance is undetermined.,SOMATIC,80312.0
UC0wMDE4Nzg1LVQwMS1JTTY6YnJlYXN0X21za18yMDI1,UC0wMDE4Nzg1OmJyZWFzdF9tc2tfMjAyNQ,breast_msk_2025_structural_variants,P-0018785-T01-IM6,P-0018785,breast_msk_2025,TET1,NA,10,67822713,NA,NA,-1,Intron of CTNNA3(-):6Kb after exon 15,29119.0,CTNNA3,NA,10,70404575,NA,NA,-1,Exon 4 of TET1(+),NA,GRCh37,NA,NA,16889,36620,0,88,-1,-1,-1,-1,TET1 (NM_030625) - CTNNA3 (NM_013266) rearrangement: c.2089:TET1_c.2159+6353:CTNNA3inv,PRECISE,3to3,Protein Fusion: mid-exon  {TET1:CTNNA3},INVERSION,2581862,Note: The TET1 - CTNNA3 rearrangement is an inversion that results in the fusion of TET1 exons 1-4 with CTNNA3 exons 16-18. One of the breakpoints is within TET1 exon 4. The functional significance is undetermined.,SOMATIC,80312.0
UC0wMDAxMzcyLVQwMi1JTTY6YnJlYXN0X21za18yMDI1,UC0wMDAxMzcyOmJyZWFzdF9tc2tfMjAyNQ,breast_msk_2025_structural_variants,P-0001372-T02-IM6,P-0001372,breast_msk_2025,TET2,NA,4,106157831,NA,NA,-1,Exon 3 of TET2(+),,,NA,4,106159765,NA,NA,-1,Intron of TET2(+):1Kb after exon 3,NA,GRCh37,NA,NA,4713,1760,0,11,-1,-1,-1,-1,TET2 (NM_001127208) rearrangement: c.2732_c.3409+1257del,PRECISE,3to5,Deletion within transcript : mid-exon,DELETION,1934,Note: The TET2  rearrangement results in the deletion of exon 3. One of the breakpoints is within exon 3. The functional significance is undetermined.,SOMATIC,54790.0
UC0wMDE0MzEzLVQwMS1JTTY6YnJlYXN0X21za18yMDI1,UC0wMDE0MzEzOmJyZWFzdF9tc2tfMjAyNQ,breast_msk_2025_structural_variants,P-0014313-T01-IM6,P-0014313,breast_msk_2025,TET2,NA,4,106155213,NA,NA,-1,Exon 3 of TET2(+),,,NA,4,106185151,NA,NA,-1,Intron of TET2(+): 2Kb after exon 8,NA,GRCh37,yes,unk,31799,39629,0,12,-1,12,-1,17,TET2 (NM_001127208) rearrangement: c.114_c.4044+2146dup,PRECISE,5to3,Duplication within transcript: mid-exon,DUPLICATION,29938,Note: The TET2 rearrangement is an intragenic duplication of exons 3-8. One of the breakpoints is within exon3. The functional significance is undetermined.,SOMATIC,54790.0
UC0wMDQxNDA5LVQwMS1JTTY6YnJlYXN0X21za18yMDI1,UC0wMDQxNDA5OmJyZWFzdF9tc2tfMjAyNQ,breast_msk_2025_structural_variants,P-0041409-T01-IM6,P-0041409,breast_msk_2025,TET2,NA,22,48672816,NA,NA,-1,Promoter of MIR3201(+):3Kb from tx start,,,NA,4,106156620,NA,NA,-1,Exon 3 of TET2(+),NA,GRCh37,yes,unk,0,0,0,100,-1,101,-1,10,TET2 (NM_001127208) rearrangement: t(4;22)(q24;q13.32)(chr4:g.106156620::chr22:g.48672816),PRECISE,3to3,Antisense Fusion,TRANSLOCATION,0,Note: The TET2 rearrangement is a translocation with a breakpoint in exon 3. Functional significance is undetermined.,SOMATIC,54790.0
UC0wMDQxNDA5LVQwNC1JTTY6YnJlYXN0X21za18yMDI1,UC0wMDQxNDA5OmJyZWFzdF9tc2tfMjAyNQ,breast_msk_2025_structural_variants,P-0041409-T04-IM6,P-0041409,breast_msk_2025,TET2,NA,22,48672816,NA,NA,-1,Promoter of MIR3201(+):3Kb from tx start,,,NA,4,106156620,NA,NA,-1,Exon 3 of TET2(+),NA,GRCh37,yes,unk,0,0,0,10,-1,35,-1,10,TET2 (NM_001127208) rearrangement: t(4;22)(q24;q13.32)(chr4:g.106156620::chr22:g.48672816),PRECISE,3to3,Antisense Fusion,TRANSLOCATION,0,Note: The TET2 rearrangement is a translocation with a breakpoint in exon 3. Functional significance is undetermined.,SOMATIC,54790.0
UC0wMDExMzQ4LVQwMS1JTTU6YnJlYXN0X21za18yMDI1,UC0wMDExMzQ4OmJyZWFzdF9tc2tfMjAyNQ,breast_msk_2025_structural_variants,P-0011348-T01-IM5,P-0011348,breast_msk_2025,TET2,NA,4,106155458,NA,NA,-1,Exon 3 of TET2(+),4306.0,NR3C2,NA,4,149276942,NA,NA,-1,Intron of NR3C2(-): 79Kb after exon 2,NA,GRCh37,yes,unk,83074,98713,0,9,-1,9,-1,15,NR3C2 (NM_000901) - TET2 (NM_001127208) rearrangement: c.1757+79314:NR3C2_c.359:TET2inv,PRECISE,5to5,Protein fusion: mid-exon (NR3C2-TET2),INVERSION,43121484,Note: The NR3C2 - TET2 rearrangement is an inversion that results in a fusion of  NR3C2 exons 1-2 with TET2 exons 3-11. One of the breakpoints is within TET2 exon 3. The functional significance is undetermined.,SOMATIC,54790.0
UC0wMDI2MzUxLVQwMS1JTTY6YnJlYXN0X21za18yMDI1,UC0wMDI2MzUxOmJyZWFzdF9tc2tfMjAyNQ,breast_msk_2025_structural_variants,P-0026351-T01-IM6,P-0026351,breast_msk_2025,TFE3,NA,X,48890315,NA,NA,-1,Intron of TFE3(-):664bp after exon 8,,,NA,X,48895321,NA,NA,-1,Intron of TFE3(-):213bp after exon 5,NA,GRCh37,NA,NA,7297,14149,0,14,-1,-1,-1,-1,TFE3 (NM_006521) rearrangement: c.885+214_c.1136+665dup,PRECISE,5to3,Duplication of 3 exons : out of frame,DUPLICATION,5006,Note: The TFE3 rearrangement is an intragenic duplication of exons 6-8. The functional significance is undetermined.,SOMATIC,7030.0
UC0wMDM2OTI5LVQwMS1JTTY6YnJlYXN0X21za18yMDI1,UC0wMDM2OTI5OmJyZWFzdF9tc2tfMjAyNQ,breast_msk_2025_structural_variants,P-0036929-T01-IM6,P-0036929,breast_msk_2025,TFE3,NA,X,48894420,NA,NA,-1,Intron of TFE3(-):1Kb after exon 5,,,NA,X,50388392,NA,NA,-1,Intron of SHROOM4(-):7Kb before exon 3,NA,GRCh37,NA,NA,16958,8079,0,10,-1,-1,-1,-1,TFE3 (NM_006521) rearrangement: c.885+1115:TFE3_chrX:g.50388392del,PRECISE,3to3,TFE3-intragenic,INVERSION,1493972,Note: The TFE3 rearrangement is an inversion of exons 1-5. The functional significance is undetermined.,SOMATIC,7030.0
UC0wMDM0MTU1LVQwMi1JTTY6YnJlYXN0X21za18yMDI1,UC0wMDM0MTU1OmJyZWFzdF9tc2tfMjAyNQ,breast_msk_2025_structural_variants,P-0034155-T02-IM6,P-0034155,breast_msk_2025,TFG,NA,NA,-1,NA,NA,-1,NA,84873.0,ADGRG7,NA,NA,-1,NA,NA,-1,NA,NA,GRCh37,yes,unk,-1,-1,-1,-1,-1,-1,-1,-1,POSITIVE FOR GENE FUSIONS IN THE INVESTIGATIONAL PANEL: TFG-GPR128 fusion. Note: The rearrangement is an in-frame fusion between genes TFG Exon3 (NM_006070) and GPR128 Exon2 (NM_032787). PMID: 19797732   Note1: This is a known structural germline polymorp,NA,NA,TFG-GPR128 Fusion - Archer,NA,-1,Lab Notes Run Number: ArcherV3-CLIN-20190174 Macro-dissection: Not Performed,SOMATIC,10342.0
UC0wMDQ4MDU4LVQwMS1JTTY6YnJlYXN0X21za18yMDI1,UC0wMDQ4MDU4OmJyZWFzdF9tc2tfMjAyNQ,breast_msk_2025_structural_variants,P-0048058-T01-IM6,P-0048058,breast_msk_2025,TFG,NA,NA,-1,NA,NA,-1,NA,84873.0,ADGRG7,NA,NA,-1,NA,NA,-1,NA,NA,GRCh37,yes,unk,-1,-1,-1,-1,-1,-1,-1,-1,POSITIVE FOR GENE FUSIONS IN THE INVESTIGATIONAL PANEL: TFG-GPR128 fusion. Note: The rearrangement is an in-frame fusion between genes TFG Exon3 (NM_006070) and GPR128 Exon2 (NM_032787). This has been described as a polymorphic fusion seen in up to 2% of ,NA,NA,TFG-GPR128 Fusion - Archer,NA,-1,Lab Notes Run Number: ArcherV3-CLIN-20190205 Macro-dissection: Not Performed,SOMATIC,10342.0
UC0wMDM3OTE1LVQwMS1JTTY6YnJlYXN0X21za18yMDI1,UC0wMDM3OTE1OmJyZWFzdF9tc2tfMjAyNQ,breast_msk_2025_structural_variants,P-0037915-T01-IM6,P-0037915,breast_msk_2025,TFG,NA,NA,-1,NA,NA,-1,NA,84873.0,ADGRG7,NA,NA,-1,NA,NA,-1,NA,NA,GRCh37,yes,unk,-1,-1,-1,-1,-1,-1,-1,-1,POSITIVE FOR GENE FUSIONS IN THE INVESTIGATIONAL PANEL: TFG-GPR128 fusion. Note: The rearrangement is an in-frame fusion between genes TFG Exon3 (NM_006070) and GPR128 Exon2 (NM_032787). PMID:19797732,NA,NA,TFG-GPR128 Fusion - Archer,NA,-1,Lab Notes Run Number: ArcherV3-CLIN-20190026 Macro-dissection: Unknown,SOMATIC,10342.0
UC0wMDAyMDg4LVQwMi1JTTU6YnJlYXN0X21za18yMDI1,UC0wMDAyMDg4OmJyZWFzdF9tc2tfMjAyNQ,breast_msk_2025_structural_variants,P-0002088-T02-IM5,P-0002088,breast_msk_2025,TGFBR1,NA,9,5801401,NA,NA,-1,Intron of ERMP1(-): 73bp before exon 11,,,NA,9,101900043,NA,NA,-1,Intron of TGFBR1(+): 98bp before exon 4,NA,GRCh37,NA,NA,346283,292013,0,4,-1,-1,-1,-1,TGFBR1 (NM_004612) Rearrangement : chr9:g.5801401_c.575-98:TGFBR1del,PRECISE,3to5,TGFBR1-intragenic,DELETION,96098642,Note: The TGFBR1 Rearrangement results in the deletion of exons1-3 of TGFBR1. Its functional significance is undetermined.,SOMATIC,7046.0
UC0wMDAyMDg4LVQwMS1JTTM6YnJlYXN0X21za18yMDI1,UC0wMDAyMDg4OmJyZWFzdF9tc2tfMjAyNQ,breast_msk_2025_structural_variants,P-0002088-T01-IM3,P-0002088,breast_msk_2025,TGFBR1,NA,9,5801401,NA,NA,-1,Intron of ERMP1(-): 73bp before exon 11,,,NA,9,101900043,NA,NA,-1,Intron of TGFBR1(+): 98bp before exon 4,NA,GRCh37,NA,NA,418162,354396,0,18,-1,-1,-1,-1,TGFBR1 (NM_004612) Deletion : c.575-98_g.5801401del,PRECISE,3to5,TGFBR1-intragenic,DELETION,96098642,NA,SOMATIC,7046.0
UC0wMDE4ODkzLVQwMS1JTTY6YnJlYXN0X21za18yMDI1,UC0wMDE4ODkzOmJyZWFzdF9tc2tfMjAyNQ,breast_msk_2025_structural_variants,P-0018893-T01-IM6,P-0018893,breast_msk_2025,TGFBR1,NA,9,101859374,NA,NA,-1,IGR: 8Kb before TGFBR1(+),,,NA,9,101867503,NA,NA,-1,Exon 1 of TGFBR1(+),NA,GRCh37,yes,unk,42,79,0,5,-1,5,-1,10,TGFBR1 (NM_004612) rearrangement: chr9:g.101859374_c.16del,PRECISE,3to5,TGFBR1-intragenic,DELETION,8129,Note: The TGFBR1 rearrangement is a partial deletion of exon 1.,SOMATIC,7046.0
UC0wMDIzNDUzLVQwMS1JTTY6YnJlYXN0X21za18yMDI1,UC0wMDIzNDUzOmJyZWFzdF9tc2tfMjAyNQ,breast_msk_2025_structural_variants,P-0023453-T01-IM6,P-0023453,breast_msk_2025,THOC2,NA,X,122823360,NA,NA,-1,Intron of THOC2(-):3Kb before exon 8,1974.0,EIF4A2,NA,3,186506986,NA,NA,-1,Exon 11 of EIF4A2(+),NA,GRCh37,yes,unk,0,0,0,23,-1,19,-1,10,EIF4A2 (NM_001967) rearrangement: t(X;3)(q25;q27.3)(chrX:g.122823360::chr3:g.186506986),PRECISE,5to3,Antisense Fusion,TRANSLOCATION,0,Note: The EIF4A2 rearrangement is a translocation with a breakpoint in exon 11. The functional significance is undetermined.,SOMATIC,57187.0
UC0wMDA0MzE0LVQwMi1JTTY6YnJlYXN0X21za18yMDI1,UC0wMDA0MzE0OmJyZWFzdF9tc2tfMjAyNQ,breast_msk_2025_structural_variants,P-0004314-T02-IM6,P-0004314,breast_msk_2025,TMPRSS2,NA,21,16348263,NA,NA,-1,5-UTR of NRIP1(-):11Kb before coding start,,,NA,21,42879320,NA,NA,-1,Intron of TMPRSS2(-):556bp after exon 1,NA,GRCh37,NA,NA,187453,291392,0,7,-1,-1,-1,-1,TMPRSS2 (NM_001135099) Rearrangement : c.55+557:TMPRSS2_c.-334-7416:NRIP1inv,PRECISE,3to3,TMPRSS2-intragenic,INVERSION,26531057,Note: The TMPRSS2 Rearrangement results in the inversion of exons 2-14 of TMPRSS2. Its functional significance is undetermined.,SOMATIC,7113.0
UC0wMDE0OTM1LVQwMS1JTTY6YnJlYXN0X21za18yMDI1,UC0wMDE0OTM1OmJyZWFzdF9tc2tfMjAyNQ,breast_msk_2025_structural_variants,P-0014935-T01-IM6,P-0014935,breast_msk_2025,TMPRSS2,NA,21,42859468,NA,NA,-1,Intron of TMPRSS2(-): 853bp after exon 5,,,NA,21,42876271,NA,NA,-1,Intron of TMPRSS2(-): 4Kb after exon 1,NA,GRCh37,yes,unk,120566,126084,0,63,-1,66,-1,56,TMPRSS2 (NM_001135099) Rearrangement : c.55+3606_556+853dup,PRECISE,5to3,Duplication of 4 exons: in frame,DUPLICATION,16803,Note: The TMPRSS2 Rearrangement results in the duplication of exons 2-5. Its functional significance is undetermined.,SOMATIC,7113.0
UC0wMDE1MDEyLVQwMS1JTTY6YnJlYXN0X21za18yMDI1,UC0wMDE1MDEyOmJyZWFzdF9tc2tfMjAyNQ,breast_msk_2025_structural_variants,P-0015012-T01-IM6,P-0015012,breast_msk_2025,TMPRSS2,NA,21,42877101,NA,NA,-1,Intron of TMPRSS2(-): 3Kb after exon 1,,,NA,8,96904156,NA,NA,-1,IGR: 250Kb before GDF6(-),NA,GRCh37,NA,NA,0,0,0,11,-1,-1,-1,-1,TMPRSS2 (NM_001135099)  rearrangement: t(8;21)(q22.1;q22.3)(chr8:g.96904156::chr21:g.42877101),PRECISE,3to3,TMPRSS2-intragenic,TRANSLOCATION,0,Note: The TMPRSS2 (NM_001135099) rearrangement is a translocation of the intron1 of TMPRSS2 with a genomic region on chr 8. The functional significance is undetermined.,SOMATIC,7113.0
UC0wMDI0OTQ3LVQwMS1JTTY6YnJlYXN0X21za18yMDI1,UC0wMDI0OTQ3OmJyZWFzdF9tc2tfMjAyNQ,breast_msk_2025_structural_variants,P-0024947-T01-IM6,P-0024947,breast_msk_2025,TMPRSS2,NA,21,42870521,NA,NA,-1,Intron of TMPRSS2(-):405bp before exon 2,,,NA,15,91513764,NA,NA,-1,Intron of PRC1(-):20bp before exon 12,NA,GRCh37,NA,NA,0,0,0,18,-1,-1,-1,-1,TMPRSS2 (NM_001135099) rearrangement: t(15;21)(q26.1;q22.3)(chr15:g.91513764::chr21:g.42870521),PRECISE,3to3,TMPRSS2-intragenic,TRANSLOCATION,0,Note: The TMPRSS2 rearrangement is a translocation with a breakpoint in intron 1. The functional significance is undetermined.,SOMATIC,7113.0
UC0wMDI0ODg5LVQwMS1JTTY6YnJlYXN0X21za18yMDI1,UC0wMDI0ODg5OmJyZWFzdF9tc2tfMjAyNQ,breast_msk_2025_structural_variants,P-0024889-T01-IM6,P-0024889,breast_msk_2025,TMTC2,NA,12,83239788,NA,NA,-1,Intron of TMTC2(+):11Kb before exon 2,7010.0,TEK,NA,9,27168693,NA,NA,-1,Intron of TEK(+):90bp after exon 3,NA,GRCh37,yes,unk,0,0,0,7,-1,6,-1,10,TEK (NM_000459) - TMTC2 (NM_152588) rearrangement: t(9;12)(p21.2;q21.31)(chr9:g.27168693::chr12:g.83239788),PRECISE,5to3,Protein Fusion: out of frame  {TEK:TMTC2},TRANSLOCATION,0,Note: The TEK - TMTC2 rearrangement is a translocation that results in the fusion of TEK exons 1-3 with TMTC2 exons 2-12. The functional significance is undetermined.,SOMATIC,160335.0
UC0wMDMwNDM5LVQwMS1JTTY6YnJlYXN0X21za18yMDI1,UC0wMDMwNDM5OmJyZWFzdF9tc2tfMjAyNQ,breast_msk_2025_structural_variants,P-0030439-T01-IM6,P-0030439,breast_msk_2025,TNFAIP3,NA,6,138199514,NA,NA,-1,Intron of TNFAIP3(+):54bp before exon 7,,,NA,2,39456472,NA,NA,-1,Intron of CDKL4(-):33bp after exon 1,NA,GRCh37,NA,NA,0,0,0,19,-1,-1,-1,-1,TNFAIP3 (NM_006290) rearrangement: t(2;6)(p22.1;q23.3)(chr2:g.39456472::chr6:g.138199514),PRECISE,5to3,TNFAIP3-intragenic,TRANSLOCATION,0,Note: The TNFAIP3 rearrangement is a translocation with a breakpoint within intron 6 of TNFAIP3. The functional significance is undetermined.,SOMATIC,7128.0
UC0wMDUzNDAxLVQwMi1JTTY6YnJlYXN0X21za18yMDI1,UC0wMDUzNDAxOmJyZWFzdF9tc2tfMjAyNQ,breast_msk_2025_structural_variants,P-0053401-T02-IM6,P-0053401,breast_msk_2025,TNFRSF13B,NA,17,16853401,NA,NA,-1,Intron of TNFRSF13B(-):1Kb before exon 3,2260.0,FGFR1,NA,8,38273772,NA,NA,-1,Intron of FGFR1(-):194bp before exon 14,NA,GRCh37,yes,unk,0,0,0,7,-1,10,-1,10,TNFRSF13B (NM_012452) - FGFR1 (NM_001174067) rearrangement: t(8;17)(p11.23;p11.2)(chr8:g.38273772::chr17:g.16853401),PRECISE,5to3,Protein Fusion: in frame  {TNFRSF13B:FGFR1},TRANSLOCATION,0,Note: The TNFRSF13B - FGFR1 rearrangement is a translocation that results in a fusion of TNFRSF13B exons 1 - 2 to FGFR1 exons 14 - 19. The fusion is predicted to be in frame and includes a part of the kinase domain of FGFR1. Functional significance is und,SOMATIC,23495.0
UC0wMDE0NTA5LVQwMS1JTTY6YnJlYXN0X21za18yMDI1,UC0wMDE0NTA5OmJyZWFzdF9tc2tfMjAyNQ,breast_msk_2025_structural_variants,P-0014509-T01-IM6,P-0014509,breast_msk_2025,TOP1,NA,20,39734194,NA,NA,-1,Intron of TOP1(+): 4Kb after exon 13,,,NA,20,39744951,NA,NA,-1,Exon 17 of TOP1(+),NA,GRCh37,NA,NA,4776,6546,0,14,-1,-1,-1,-1,TOP1 (NM_003286) rearrangement: c.1308+4201_c.1741dup,PRECISE,5to3,Duplication within transcript: mid-exon,DUPLICATION,10757,Note: The TOP1 rearrangement is an intragenic duplication of exons 14-17. One of the breakpoints is within exon 17. The functional significance is undetermined.,SOMATIC,7150.0
UC0wMDI4NDIyLVQwMi1JTTY6YnJlYXN0X21za18yMDI1,UC0wMDI4NDIyOmJyZWFzdF9tc2tfMjAyNQ,breast_msk_2025_structural_variants,P-0028422-T02-IM6,P-0028422,breast_msk_2025,TOP1,NA,20,39741506,NA,NA,-1,Exon 14 of TOP1(+),,,NA,2,42941827,NA,NA,-1,Intron of MTA3(+):4Kb before exon 15,NA,GRCh37,NA,NA,0,0,0,102,-1,-1,-1,-1,TOP1 (NM_003286) rearrangement: t(2;20)(p21;q12)(chr2:g.42941827::chr20:g.39741506),PRECISE,3to5,Protein Fusion: mid-exon  {TOP1:MTA3},TRANSLOCATION,0,Note: The TOP1 rearrangement is a translocation with a breakpoint in exon 14. Functional significance is undetermined.,SOMATIC,7150.0
UC0wMDA2MDc0LVQwMS1JTTU6YnJlYXN0X21za18yMDI1,UC0wMDA2MDc0OmJyZWFzdF9tc2tfMjAyNQ,breast_msk_2025_structural_variants,P-0006074-T01-IM5,P-0006074,breast_msk_2025,TOP1,NA,20,39745023,NA,NA,-1,Exon 17 of TOP1(+),64849.0,SLC13A3,NA,20,45193574,NA,NA,-1,Intron of SLC13A3(-): 1Kb after exon 11,NA,GRCh37,yes,unk,69661,53438,0,37,-1,40,-1,81,TOP1 (NM_003286) - SLC13A3 (NM_022829) rearrangement event : c.1813:TOP1_c.1494+1294: SLC13A3del,PRECISE,3to5,Antisense fusion,DELETION,5448551,Note: The TOP1 (NM_003286) - SLC13A3 (NM_022829) rearrangement event results in the deletion of TOP1 exons 17-21. One of the breakpoints is within TOP1 exon17.,SOMATIC,7150.0
UC0wMDU2MTg1LVQwMi1JTTY6YnJlYXN0X21za18yMDI1,UC0wMDU2MTg1OmJyZWFzdF9tc2tfMjAyNQ,breast_msk_2025_structural_variants,P-0056185-T02-IM6,P-0056185,breast_msk_2025,TP53,NA,17,7579564,NA,NA,-1,Exon 4 of TP53(-),,,NA,17,7580741,NA,NA,-1,5-UTR of TP53(-):8Kb before coding start,NA,GRCh37,yes,unk,3870,1791,0,119,-1,107,-1,10,TP53 (NM_000546) rearrangement: c.123:TP53_chr17:g.7580741del,PRECISE,3to5,Deletion within transcript : mid-exon,DELETION,1177,Note: The TP53 rearrangement is a deletion of exons 1 - 4. One of the breakpoints is within exon 4.,SOMATIC,7157.0
UC0wMDE0NTgzLVQwMS1JTTY6YnJlYXN0X21za18yMDI1,UC0wMDE0NTgzOmJyZWFzdF9tc2tfMjAyNQ,breast_msk_2025_structural_variants,P-0014583-T01-IM6,P-0014583,breast_msk_2025,TP53,NA,17,7576943,NA,NA,-1,Intron of TP53(-): 17bp before exon 9,,,NA,17,7579700,NA,NA,-1,Exon 3 of TP53(-),NA,GRCh37,NA,NA,13998,9792,0,18,-1,-1,-1,-1,TP53 (NM_000546) rearrangement: c.96_c.920-17dup.,IMPRECISE,5to3,Duplication within transcript: mid-exon,DUPLICATION,2757,Note: The TP53 rearrangement is a duplication of exons 3-8. One of the breakpoints is within exon 3. The functional significance is undetermined.,SOMATIC,7157.0
UC0wMDQ5NzY0LVQwMS1JTTY6YnJlYXN0X21za18yMDI1,UC0wMDQ5NzY0OmJyZWFzdF9tc2tfMjAyNQ,breast_msk_2025_structural_variants,P-0049764-T01-IM6,P-0049764,breast_msk_2025,TP53,NA,17,7577703,NA,NA,-1,Intron of TP53(-):95bp before exon 7,,,NA,17,7581798,NA,NA,-1,5-UTR of TP53(-):9Kb before coding start,NA,GRCh37,NA,NA,11355,7800,0,13,-1,-1,-1,-1,TP53 (NM_000546) rearrangement: c.673-95:TP53_chr17:g.7581798del,PRECISE,3to5,Deletion within transcript,DELETION,4095,Note: The TP53 rearrangement is a deletion of exons 1 - 6.,SOMATIC,7157.0
UC0wMDI0NjMxLVQwMS1JTTY6YnJlYXN0X21za18yMDI1,UC0wMDI0NjMxOmJyZWFzdF9tc2tfMjAyNQ,breast_msk_2025_structural_variants,P-0024631-T01-IM6,P-0024631,breast_msk_2025,TP53,NA,17,7554166,NA,NA,-1,Promoter of ATP1B2(+):87bp from tx start,,,NA,17,7579903,NA,NA,-1,Exon 2 of TP53(-),NA,GRCh37,NA,NA,17747,11897,0,13,-1,-1,-1,-1,TP53 (NM_000546) rearrangement: chr17:g.7554166_c.10del,PRECISE,3to5,Antisense Fusion,DELETION,25737,Note: The TP53 rearrangement results in the deletion of exons 2-11. One of the breakpoints is within exon 2. The functional significance is undetermined.,SOMATIC,7157.0
UC0wMDI0NjMxLVQwMi1JTTY6YnJlYXN0X21za18yMDI1,UC0wMDI0NjMxOmJyZWFzdF9tc2tfMjAyNQ,breast_msk_2025_structural_variants,P-0024631-T02-IM6,P-0024631,breast_msk_2025,TP53,NA,17,7554166,NA,NA,-1,Promoter of ATP1B2(+):87bp from tx start,,,NA,17,7579903,NA,NA,-1,Exon 2 of TP53(-),NA,GRCh37,NA,NA,15562,16146,0,10,-1,-1,-1,-1,TP53 (NM_000546) rearrangement: c.10del:TP53_chr17:g.7554166,PRECISE,3to5,Antisense Fusion,DELETION,25737,Note: The TP53 rearrangement results in the deletion of exons 2-11. One of the breakpoints is within exon 2.,SOMATIC,7157.0
UC0wMDMzMzk3LVQwMS1JTTY6YnJlYXN0X21za18yMDI1,UC0wMDMzMzk3OmJyZWFzdF9tc2tfMjAyNQ,breast_msk_2025_structural_variants,P-0033397-T01-IM6,P-0033397,breast_msk_2025,TP53,NA,17,7579352,NA,NA,-1,Exon 4 of TP53(-),,,NA,17,7582433,NA,NA,-1,5-UTR of TP53(-):10Kb before coding start,NA,GRCh37,yes,unk,6272,657,0,23,-1,15,-1,10,TP53 (NM_000546) rearrangement: c.-28-2493_c.335del,PRECISE,3to5,Deletion within transcript : mid-exon,DELETION,3081,Note: The TP53 rearrangement is an intragenic deletion of exons 2-4. One of the breakpoints is within exon 4.,SOMATIC,7157.0
UC0wMDU2MTg1LVQwMS1JTTY6YnJlYXN0X21za18yMDI1,UC0wMDU2MTg1OmJyZWFzdF9tc2tfMjAyNQ,breast_msk_2025_structural_variants,P-0056185-T01-IM6,P-0056185,breast_msk_2025,TP53,NA,17,7579564,NA,NA,-1,Exon 4 of TP53(-),,,NA,17,7580741,NA,NA,-1,5-UTR of TP53(-):8Kb before coding start,NA,GRCh37,yes,unk,4142,2954,0,245,-1,220,-1,10,TP53 (NM_000546) rearrangement: c.123:TP53_chr17:g.7580741del,PRECISE,3to5,Deletion within transcript : mid-exon,DELETION,1177,Note: The TP53 rearrangement is a deletion of exons 1 - 4. One of the breakpoints is within exon 4.,SOMATIC,7157.0
UC0wMDE3MDMxLVQwMS1JTTY6YnJlYXN0X21za18yMDI1,UC0wMDE3MDMxOmJyZWFzdF9tc2tfMjAyNQ,breast_msk_2025_structural_variants,P-0017031-T01-IM6,P-0017031,breast_msk_2025,TP53BP1,NA,15,43767945,NA,NA,-1,Intron of TP53BP1(-):53bp before exon 9,256764.0,WDR72,NA,15,53843592,NA,NA,-1,Intron of WDR72(-):28Kb before exon 19,NA,GRCh37,yes,unk,20397,40492,0,3,-1,3,-1,10,WDR72 (NM_182758) - TP53BP1 (NM_001141980) rearrangement: c.3149-28073:WDR72_c.956-53:TP53BP1del,PRECISE,3to5,Protein Fusion: in frame  {WDR72:TP53BP1},DELETION,10075647,Note: The WDR72 - TP53BP1 rearrangement is a deletion that results in an in-frame fusion of WDR72 exons 1-18 to TP53BP1 exons 9-28. The functional significance is undetermined,SOMATIC,7158.0
UC0wMDM1MDMxLVQwMS1JTTY6YnJlYXN0X21za18yMDI1,UC0wMDM1MDMxOmJyZWFzdF9tc2tfMjAyNQ,breast_msk_2025_structural_variants,P-0035031-T01-IM6,P-0035031,breast_msk_2025,TP63,NA,3,189483203,NA,NA,-1,Intron of TP63(+):27Kb after exon 3,,,NA,3,189526294,NA,NA,-1,Exon 4 of TP63(+),NA,GRCh37,NA,NA,2568,3017,0,3,-1,-1,-1,-1,TP63 (NM_003722) Rearrangement : c.324+26640_c.558dup,PRECISE,5to3,Duplication within transcript : mid-exon,DUPLICATION,43091,Note: The TP63 Rearrangement results in the duplication of exon4 of TP63. One of the breakpoints is within exon4. Its functional significance is undetermined.,SOMATIC,8626.0
UC0wMDE0NTgzLVQwMS1JTTY6YnJlYXN0X21za18yMDI1,UC0wMDE0NTgzOmJyZWFzdF9tc2tfMjAyNQ,breast_msk_2025_structural_variants,P-0014583-T01-IM6,P-0014583,breast_msk_2025,TP63,NA,3,189608694,NA,NA,-1,Intron of TP63(+): 23bp after exon 13,,,NA,3,189612106,NA,NA,-1,Exon 14 of TP63(+),NA,GRCh37,NA,NA,1447,1080,0,56,-1,-1,-1,-1,TP63 (NM_003722) rearrangement: c.1746+23_c.1858del,PRECISE,3to5,Deletion within transcript: mid-exon,DELETION,3412,Note: The TP63 rearrangement is an intragenic deletion. One of the breakpoints is within exon 14. The functional significance is undetermined.,SOMATIC,8626.0
UC0wMDM1OTkxLVQwMS1JTTY6YnJlYXN0X21za18yMDI1,UC0wMDM1OTkxOmJyZWFzdF9tc2tfMjAyNQ,breast_msk_2025_structural_variants,P-0035991-T01-IM6,P-0035991,breast_msk_2025,TRAF2,NA,9,139793905,NA,NA,-1,Intron of TRAF2(+):140bp before exon 3,,,NA,9,139801365,NA,NA,-1,Intron of TRAF2(+):1Kb before exon 5,NA,GRCh37,yes,unk,3995,4410,0,28,-1,27,-1,10,TRAF2 (NM_021138) rearrangement: c.189-141_c.367-1157dup,PRECISE,5to3,Duplication of 2 exons : out of frame,DUPLICATION,7460,Note: The TRAF2 rearrangement is an intragenic duplication of exons 3-4. Its functional significance is undetermined.,SOMATIC,7186.0
UC0wMDA1OTAwLVQwMi1JTTY6YnJlYXN0X21za18yMDI1,UC0wMDA1OTAwOmJyZWFzdF9tc2tfMjAyNQ,breast_msk_2025_structural_variants,P-0005900-T02-IM6,P-0005900,breast_msk_2025,TRAP1,NA,16,3725255,NA,NA,-1,Intron of TRAP1(-):69bp after exon 7,1387.0,CREBBP,NA,16,3790533,NA,NA,-1,Exon 24 of CREBBP(-),NA,GRCh37,yes,unk,43314,55784,0,5,-1,5,-1,10,TRAP1 (NM_016292) - CREBBP (NM_004380) rearrangement: c.888+70:TRAP1_c.4000:CREBBPdup,PRECISE,5to3,Protein Fusion: mid-exon  {TRAP1:CREBBP},DUPLICATION,65278,Note: The TRAP1-CREBBP rearrangement is a duplication which results in the fusion of TRAP1 exons 1-8 with CREBBP exons 24-31. One of the breakpoints is within CREBBP exon 24. Its functional significance is undetermined.,SOMATIC,10131.0
UC0wMDE5OTY3LVQwMi1JTTY6YnJlYXN0X21za18yMDI1,UC0wMDE5OTY3OmJyZWFzdF9tc2tfMjAyNQ,breast_msk_2025_structural_variants,P-0019967-T02-IM6,P-0019967,breast_msk_2025,TRAPPC9,NA,8,140948477,NA,NA,-1,Intron of TRAPPC9(-):26Kb before exon 20,27161.0,AGO2,NA,8,141542713,NA,NA,-1,Exon 18 of AGO2(-),NA,GRCh37,yes,unk,4979,4983,0,10,-1,10,-1,10,TRAPPC9 (NM_031466) - AGO2 (NM_012154) rearrangement: c.3105-25933:TRAPPC9_c.2273:AGO2dup,PRECISE,5to3,Protein Fusion: mid-exon  {TRAPPC9:AGO2},DUPLICATION,594236,Note: The TRAPPC9 - AGO2 rearrangement is a duplication which results in the fusion of TRAPPC9 exons 1-19 with AGO2 exons 18-19. One of the breakpoints is within AGO2 exon 18. Its functional significance is undetermined.,SOMATIC,83696.0
UC0wMDE5OTY3LVQwMS1JTTY6YnJlYXN0X21za18yMDI1,UC0wMDE5OTY3OmJyZWFzdF9tc2tfMjAyNQ,breast_msk_2025_structural_variants,P-0019967-T01-IM6,P-0019967,breast_msk_2025,TRAPPC9,NA,8,140948477,NA,NA,-1,Intron of TRAPPC9(-):26Kb before exon 20,27161.0,AGO2,NA,8,141542713,NA,NA,-1,Exon 18 of AGO2(-),NA,GRCh37,NA,NA,4678,7137,0,5,-1,-1,-1,-1,TRAPPC9 (NM_031466) - AGO2 (NM_012154) rearrangement: c.3105-25933:TRAPPC9_c.2273:AGO2dup,PRECISE,5to3,Protein Fusion: mid-exon  {TRAPPC9:AGO2},DUPLICATION,594236,Note: The TRAPPC9 - AGO2 rearrangement is a duplication (594236 bp) which results in the fusion of TRAPPC9 exon 19 to AGO2 exon 18. One of the breakpoints is within AGO2 exon 18. The functional significance is undetermined.,SOMATIC,83696.0
UC0wMDA4OTQ1LVQwMS1JTTU6YnJlYXN0X21za18yMDI1,UC0wMDA4OTQ1OmJyZWFzdF9tc2tfMjAyNQ,breast_msk_2025_structural_variants,P-0008945-T01-IM5,P-0008945,breast_msk_2025,TRPC6,NA,11,101401349,NA,NA,-1,Intron of TRPC6(-): 26Kb before exon 2,10413.0,YAP1,NA,11,102033282,NA,NA,-1,Exon 3 of YAP1(+),NA,GRCh37,yes,unk,5140,3758,0,52,-1,53,-1,61,YAP1 (NM_001130145) - TRPC6 (NM_004621) Rearrangement :  c.668:YAP1_c.171-25820:TRPC6inv,PRECISE,3to3,Protein fusion: mid-exon (YAP1-TRPC6),INVERSION,631933,Note: The YAP1 (NM_001130145) - TRPC6 (NM_004621) Rearrangement results in the fusion of exons 1-3 of YAP1 with exons 2-3 of TRPC6. Its functional significance is undetermined.,SOMATIC,7225.0
UC0wMDU5MTYzLVQwMi1JTTc6YnJlYXN0X21za18yMDI1,UC0wMDU5MTYzOmJyZWFzdF9tc2tfMjAyNQ,breast_msk_2025_structural_variants,P-0059163-T02-IM7,P-0059163,breast_msk_2025,TSC1,NA,9,135779292,NA,NA,-1,Intron of TSC1(-):88bp before exon 17,,,NA,1,56602679,NA,NA,-1,IGR: 358Kb before PPAP2B(-),NA,GRCh37,yes,unk,0,0,0,54,-1,67,-1,10,TSC1 (NM_000368) rearrangement: t(1;9)(p32.2;q34.13)(chr1:g.56602679::chr9:g.135779292),PRECISE,3to3,TSC1-intragenic,TRANSLOCATION,0,Note: The TSC1 rearrangement is a translocation with a breakpoint in intron 16. Functional significance is undetermined.,SOMATIC,7248.0
UC0wMDM5MjI2LVQwMS1JTTY6YnJlYXN0X21za18yMDI1,UC0wMDM5MjI2OmJyZWFzdF9tc2tfMjAyNQ,breast_msk_2025_structural_variants,P-0039226-T01-IM6,P-0039226,breast_msk_2025,TSC1,NA,9,135784269,NA,NA,-1,Intron of TSC1(-):2Kb before exon 13,,,NA,9,135786290,NA,NA,-1,Intron of TSC1(-):98bp after exon 11,NA,GRCh37,yes,unk,2385,1258,0,35,-1,35,-1,10,TSC1 (NM_000368) rearrangement: c.1141+99_c.1264-1512del,PRECISE,3to5,Deletion of 1 exon : out of frame,DELETION,2021,Note: The TSC1 rearrangement is an intragenic deletion of exon 12. Functional significance is undetermined.,SOMATIC,7248.0
UC0wMDM1Mjg5LVQwMy1JTTY6YnJlYXN0X21za18yMDI1,UC0wMDM1Mjg5OmJyZWFzdF9tc2tfMjAyNQ,breast_msk_2025_structural_variants,P-0035289-T03-IM6,P-0035289,breast_msk_2025,TSC1,NA,11,70053104,NA,NA,-1,3-UTR of FADD(+):4Kb after coding stop,,,NA,9,135786086,NA,NA,-1,Intron of TSC1(-):7bp before exon 12,NA,GRCh37,yes,unk,0,0,0,178,-1,178,-1,10,"TSC1 (NM_000368) rearrangement: t(9,11)(q34.13;q13.3)(chr9:g.135786086::chr11:g.70053104)",PRECISE,3to3,TSC1-intragenic,TRANSLOCATION,0,Note: The TSC1 rearrangement is a translocation with a breakpoint in intron 11. Functional significance is undetermined.,SOMATIC,7248.0
UC0wMDU5MTYzLVQwMS1JTTc6YnJlYXN0X21za18yMDI1,UC0wMDU5MTYzOmJyZWFzdF9tc2tfMjAyNQ,breast_msk_2025_structural_variants,P-0059163-T01-IM7,P-0059163,breast_msk_2025,TSC1,NA,9,135779292,NA,NA,-1,Intron of TSC1(-):88bp before exon 17,,,NA,1,56602679,NA,NA,-1,IGR: 358Kb before PPAP2B(-),NA,GRCh37,yes,unk,0,0,0,34,-1,46,-1,10,TSC1 (NM_000368) rearrangement: t(1;9)(p32.2;q34.13)(chr1:g.56602679::chr9:g.135779292),PRECISE,3to3,TSC1-intragenic,TRANSLOCATION,0,Note: The TSC1 rearrangement is a translocation with a breakpoint in intron 16. Functional significance is undetermined.,SOMATIC,7248.0
UC0wMDEzMjk5LVQwMi1JTTY6YnJlYXN0X21za18yMDI1,UC0wMDEzMjk5OmJyZWFzdF9tc2tfMjAyNQ,breast_msk_2025_structural_variants,P-0013299-T02-IM6,P-0013299,breast_msk_2025,TSC1,NA,9,135804243,NA,NA,-1,Exon 3 of TSC1(-),1289.0,COL5A1,NA,9,137690052,NA,NA,-1,Intron of COL5A1(+):201bp before exon 37,NA,GRCh37,yes,unk,15812,27702,0,75,-1,72,-1,10,TSC1 (NM_000368) - COL5A1 (NM_000093) rearrangement: c.17:TSC1_c.2899-203:COL5A1del,PRECISE,3to5,COL5A1-TSC1 fusion,DELETION,1885809,The TSC1 - COL5A1 rearrangement is a deletion of TSC1 exons 1-3 and COL5A1 exons 1-36. One of the breakpoints is within exon 3 of TSC1. The functional significance is undetermined.,SOMATIC,7248.0
UC0wMDEzMjk5LVQwMS1JTTU6YnJlYXN0X21za18yMDI1,UC0wMDEzMjk5OmJyZWFzdF9tc2tfMjAyNQ,breast_msk_2025_structural_variants,P-0013299-T01-IM5,P-0013299,breast_msk_2025,TSC1,NA,9,135804243,NA,NA,-1,Exon 3 of TSC1(-),1289.0,COL5A1,NA,9,137690051,NA,NA,-1,Intron of COL5A1(+): 203bp before exon 37,NA,GRCh37,yes,unk,3619,3238,0,53,-1,54,-1,46,TSC1 (NM_000368) - COL5A1 (NM_000093) rearrangement: c.17:TSC1_c.2899-203:COL5A1del,PRECISE,3to5,COL5A1-TSC1 fusion,DELETION,1885808,Note: The TSC1 - COL5A1 rearrangement is a deletion of TSC1 exons 1-3 and COL5A1 exons 1-36.  One of the breakpoints is within exon 3 of TSC1. The functional significance is undetermined.,SOMATIC,7248.0
UC0wMDA0MzgxLVQwMi1JTTY6YnJlYXN0X21za18yMDI1,UC0wMDA0MzgxOmJyZWFzdF9tc2tfMjAyNQ,breast_msk_2025_structural_variants,P-0004381-T02-IM6,P-0004381,breast_msk_2025,TSC2,NA,16,2105325,NA,NA,-1,Intron of TSC2(+):77bp before exon 6,,,NA,16,2123346,NA,NA,-1,Intron of TSC2(+):362bp after exon 21,NA,GRCh37,NA,NA,35642,50654,0,25,-1,-1,-1,-1,TSC2 (NM_000548) rearrangement: c.482-78_c.2355+362dup,PRECISE,5to3,Duplication of 16 exons : out of frame,DUPLICATION,18021,Note: The TSC2 rearrangement is an intragenic duplication of exons 6 - 21. Functional significance is undetermined.,SOMATIC,7249.0
UC0wMDIzNzcxLVQwMS1JTTY6YnJlYXN0X21za18yMDI1,UC0wMDIzNzcxOmJyZWFzdF9tc2tfMjAyNQ,breast_msk_2025_structural_variants,P-0023771-T01-IM6,P-0023771,breast_msk_2025,TSC2,NA,16,2111895,NA,NA,-1,Exon 12 of TSC2(+),,,NA,16,11886752,NA,NA,-1,5-UTR of ZC3H7A(-):42Kb before coding start,NA,GRCh37,NA,NA,202985,335863,0,33,-1,-1,-1,-1,TSC2 (NM_000548) rearrangement: c.1143_chr16:g.11886752del,PRECISE,3to5,Antisense Fusion,DELETION,9774857,Note: The TSC2 rearrangement results in the deletion of exons 12-42. One of the breakpoints is within exon 12. The functional significance is undetermined.,SOMATIC,7249.0
UC0wMDI5NzUzLVQwMS1JTTY6YnJlYXN0X21za18yMDI1,UC0wMDI5NzUzOmJyZWFzdF9tc2tfMjAyNQ,breast_msk_2025_structural_variants,P-0029753-T01-IM6,P-0029753,breast_msk_2025,TSC2,NA,16,2127672,NA,NA,-1,Exon 26 of TSC2(+),,,NA,1,21994016,NA,NA,-1,5-UTR of RAP1GAP(-):70Kb before coding start,NA,GRCh37,NA,NA,0,0,0,48,-1,-1,-1,-1,TSC2 (NM_000548) rearrangement: t(1;16)(p36.12;p13.3)(chr1:g.21994016:chr16:g.2127672),PRECISE,5to3,TSC2-intragenic,TRANSLOCATION,0,Note: The TSC2 rearrangement is a translocation with a breakpoint within TSC2 exon 2.,SOMATIC,7249.0
UC0wMDE3MzE3LVQwMi1JTTY6YnJlYXN0X21za18yMDI1,UC0wMDE3MzE3OmJyZWFzdF9tc2tfMjAyNQ,breast_msk_2025_structural_variants,P-0017317-T02-IM6,P-0017317,breast_msk_2025,TSC2,NA,16,2114538,NA,NA,-1,Intron of TSC2(+):110bp after exon 15,,,NA,16,2138996,NA,NA,-1,Promoter of TSC2(+):41Kb from tx start,NA,GRCh37,yes,unk,47690,26943,0,45,-1,41,-1,0,TSC2 (NM_000548) Rearrangement: c.1599+110_c.*385del,IMPPRECISE,3to5,Deletion within transcript,DELETION,24458,Note: The TSC2 rearrangement is an intragenic deletion of exons 1 to 15. The functional significance is undetermined.,SOMATIC,7249.0
UC0wMDIzNzcxLVQwMi1JTTY6YnJlYXN0X21za18yMDI1,UC0wMDIzNzcxOmJyZWFzdF9tc2tfMjAyNQ,breast_msk_2025_structural_variants,P-0023771-T02-IM6,P-0023771,breast_msk_2025,TSC2,NA,16,2111895,NA,NA,-1,Exon 12 of TSC2(+),,,NA,16,11886752,NA,NA,-1,5-UTR of ZC3H7A(-):42Kb before coding start,NA,GRCh37,NA,NA,209557,520139,0,62,-1,-1,-1,-1,TSC2 (NM_000548) rearrangement: c.1143_chr16:g.11886752del,PRECISE,3to5,Antisense Fusion,DELETION,9774857,Note: The TSC2 rearrangement results in the deletion of exons 12-42. One of the breakpoints is within exon 12. The functional significance is undetermined.,SOMATIC,7249.0
UC0wMDUyNjA1LVQwMS1JTTY6YnJlYXN0X21za18yMDI1,UC0wMDUyNjA1OmJyZWFzdF9tc2tfMjAyNQ,breast_msk_2025_structural_variants,P-0052605-T01-IM6,P-0052605,breast_msk_2025,TSHR,NA,14,81415233,NA,NA,-1,IGR: 7Kb before TSHR(+),,,NA,14,81422128,NA,NA,-1,Exon 1 of TSHR(+),NA,GRCh37,yes,unk,1034,407,0,125,-1,106,-1,10,TSHR (NM_000369) rearrangement: c.104:TSHR_chr14:g.81415233inv,PRECISE,5to5,TSHR-intragenic,INVERSION,6895,Note: The TSHR rearrangement is an inversion of exon 1. One of the breakpoints is within exon 1. Functional significance is undetermined.,SOMATIC,7253.0
UC0wMDI5OTg4LVQwMS1JTTY6YnJlYXN0X21za18yMDI1,UC0wMDI5OTg4OmJyZWFzdF9tc2tfMjAyNQ,breast_msk_2025_structural_variants,P-0029988-T01-IM6,P-0029988,breast_msk_2025,TTBK2,NA,15,43207625,NA,NA,-1,5-UTR of TTBK2(-):170Kb before coding start,7158.0,TP53BP1,NA,15,43712791,NA,NA,-1,Exon 21 of TP53BP1(-),NA,GRCh37,yes,unk,13637,39285,0,216,-1,194,-1,10,TTBK2(NM_173500) - TP53BP1 (NM_005657) Rearrangement: c.-68+5011:TTBK2_c.4378:TP53BP1dup,PRECISE,5to3,Protein Fusion: mid-exon  {TTBK2:TP53BP1},DUPLICATION,505166,Note: The TTBK2 - TP53BP1 Rearrangement results in the fusion of the 5'UTR region of TTBK2 with exon 21 of TP53BP1. The breakpoint in TP53BP1 is within exon 21. Its functional significance is undetermined.,SOMATIC,146057.0
UC0wMDE2MjgzLVQwMS1JTTY6YnJlYXN0X21za18yMDI1,UC0wMDE2MjgzOmJyZWFzdF9tc2tfMjAyNQ,breast_msk_2025_structural_variants,P-0016283-T01-IM6,P-0016283,breast_msk_2025,TTC28,NA,22,29065758,NA,NA,-1,Intron of TTC28(-):10Kb after exon 1,1111.0,CHEK1,NA,11,125513979,NA,NA,-1,Intron of CHEK1(+):6bp before exon 10,NA,GRCh37,yes,unk,0,0,0,18,-1,11,-1,10,TTC28 (NM_001145418) - CHEK1 (NM_001274) rearrangement : t (11;22)(q24.2;q12.2)(chr11:g.125513979::chr22:g.29065758),PRECISE,5to5,Protein Fusion: out of frame  {TTC28:CHEK1},TRANSLOCATION,0,Note: The TTC28-CHEK1 rearrangement is a translocation with breakpoints in TTC28 intron 1 and CHEK1 exon10 that may result in the truncation of CHEK1 exon 1-9 including kinase domain CHEK1 exons 2-8. The functional significance is undetermined.,SOMATIC,23331.0
UC0wMDI2NTczLVQwMi1JTTY6YnJlYXN0X21za18yMDI1,UC0wMDI2NTczOmJyZWFzdF9tc2tfMjAyNQ,breast_msk_2025_structural_variants,P-0026573-T02-IM6,P-0026573,breast_msk_2025,TTC28,NA,22,29066063,NA,NA,-1,Intron of TTC28(-):10Kb after exon 1,58508.0,KMT2C,NA,7,151845863,NA,NA,-1,Exon 52 of KMT2C(-),NA,GRCh37,yes,unk,0,0,0,14,-1,12,-1,10,KMT2C (NM_170606) rearrangement: t(7;22)(q36.1;q12.1)(chr7:g.151845863::chr22:g.29066063),PRECISE,5to5,Antisense Fusion,TRANSLOCATION,0,Note: The KMT2C rearrangement is a translocation with a breakpoint in exon 52.,SOMATIC,23331.0
UC0wMDQwMDgzLVQwMS1JTTY6YnJlYXN0X21za18yMDI1,UC0wMDQwMDgzOmJyZWFzdF9tc2tfMjAyNQ,breast_msk_2025_structural_variants,P-0040083-T01-IM6,P-0040083,breast_msk_2025,TTYH2,NA,17,70118690,NA,NA,-1,Intron of SOX9(+):169bp before exon 2,6662.0,SOX9,NA,17,72255415,NA,NA,-1,Intron of TTYH2(+):852bp before exon 14,NA,GRCh37,yes,unk,12237,24103,0,4,-1,4,-1,9,TTYH2 (NM_032646) - SOX9 (NM_000346) rearrangement: c.1525-853:TTYH2_c.432-170:SOX9dup,PRECISE,5to3,Protein Fusion: out of frame  {TTYH2:SOX9},DUPLICATION,2136725,Note: The TTYH2 - SOX9 rearrangement is a duplication that results in a fusion of TTYH2 exons 1 - 13 to SOX9 exons 2 - 3. Functional significance is undetermined.,SOMATIC,94015.0
UC0wMDEzMTE4LVQwMi1JTTY6YnJlYXN0X21za18yMDI1,UC0wMDEzMTE4OmJyZWFzdF9tc2tfMjAyNQ,breast_msk_2025_structural_variants,P-0013118-T02-IM6,P-0013118,breast_msk_2025,TVP23C,NA,17,15422920,NA,NA,-1,Intron of TVP23C(-):16Kb before exon 6,9611.0,NCOR1,NA,17,15971529,NA,NA,-1,Intron of NCOR1(-):94bp before exon 32,NA,GRCh37,yes,unk,20108,30039,0,8,-1,6,-1,0,TVP23C (NM_145301) - NCOR1 (NM_006311) rearrangement: c.463-16374:TVP23C_c.4514-94:NCOR1dup,IMPPRECISE,5to3,Protein Fusion: out of frame  {TVP23C:NCOR1},DUPLICATION,548609,Note: The TVP23C - NCOR1 rearrangement is a duplication which results in the fusion of TVP23C exons 1-5 with NCOR1 exons 32-46. Its functional significance is undetermined.,SOMATIC,201158.0
UC0wMDYyNTEyLVQwMS1JTTc6YnJlYXN0X21za18yMDI1,UC0wMDYyNTEyOmJyZWFzdF9tc2tfMjAyNQ,breast_msk_2025_structural_variants,P-0062512-T01-IM7,P-0062512,breast_msk_2025,UBASH3A,NA,21,39775548,NA,NA,-1,Exon 4 of ERG(-),2078.0,ERG,NA,21,43835766,NA,NA,-1,Intron of UBASH3A(+):784bp before exon 6,NA,GRCh37,yes,unk,112143,71152,0,21,-1,21,-1,10,UBASH3A (NM_001001895) - ERG (NM_182918) rearrangement: c.554-785:UBASH3A_c.472:ERGinv,PRECISE,3to3,Protein Fusion: mid-exon  {UBASH3A:ERG},INVERSION,4060218,Note: The UBASH3A - ERG rearrangement is an inversion that results in a fusion of UBASH3A exons 1 - 5 to ERG exons 4 - 10. One of the breakpoints is within ERG exon 4. Functional significance is undetermined.,SOMATIC,53347.0
UC0wMDU5OTcwLVQwMS1JTTc6YnJlYXN0X21za18yMDI1,UC0wMDU5OTcwOmJyZWFzdF9tc2tfMjAyNQ,breast_msk_2025_structural_variants,P-0059970-T01-IM7,P-0059970,breast_msk_2025,UPF1,NA,19,18946631,NA,NA,-1,Intron of UPF1(+):3Kb after exon 1,,,NA,19,18957139,NA,NA,-1,Intron of UPF1(+):211bp after exon 2,NA,GRCh37,yes,unk,2448,4975,0,34,-1,33,-1,10,UPF1 (NM_002911) rearrangement: c.231+3382_c.371+211dup,PRECISE,5to3,Duplication of 1 exon : out of frame,DUPLICATION,10508,Note: The UPF1 rearrangement is an intragenic duplication of exon 2. Functional significance is undetermined.,SOMATIC,5976.0
UC0wMDMyNDgyLVQwMS1JTTY6YnJlYXN0X21za18yMDI1,UC0wMDMyNDgyOmJyZWFzdF9tc2tfMjAyNQ,breast_msk_2025_structural_variants,P-0032482-T01-IM6,P-0032482,breast_msk_2025,UPF1,NA,19,18968053,NA,NA,-1,Intron of UPF1(+):75bp before exon 15,84902.0,CEP89,NA,19,33385263,NA,NA,-1,Intron of CEP89(-):5Kb after exon 16,NA,GRCh37,yes,unk,54928,99299,0,83,-1,74,-1,10,CEP89 (NM_032816) - UPF1(NM_002911) Rearrangement : c.1875+5500:CEP89_c.1969-76:UPF1inv,PRECISE,5to5,Protein Fusion: in frame  {CEP89:UPF1},INVERSION,14417210,Note: The CEP89 - UPF1 Rearrangement results in the fusion of exons 1-16 of CEP89 with exons 15-23 of UPF1.The breakpoint in UPF1 is within exon15. Its functional significance is undetermined.,SOMATIC,5976.0
UC0wMDIyNDQ0LVQwMS1JTTY6YnJlYXN0X21za18yMDI1,UC0wMDIyNDQ0OmJyZWFzdF9tc2tfMjAyNQ,breast_msk_2025_structural_variants,P-0022444-T01-IM6,P-0022444,breast_msk_2025,USHBP1,NA,19,17358572,NA,NA,-1,Promoter of USHBP1(-):2Kb from tx start,5927.0,KDM5A,NA,12,459868,NA,NA,-1,Exon 10 of KDM5A(-),NA,GRCh37,yes,unk,0,0,0,67,-1,47,-1,10,KDM5A (NM_001042603) rearrangement: t(12;19)(p13.33;p13.11)(chr12:g.459868::chr19:g.17358572),PRECISE,5to5,Antisense Fusion,TRANSLOCATION,0,Note: The KDM5A rearrangement is a translocation with a breakpoint within exon 10. The functional significance is undetermined.,SOMATIC,83878.0
UC0wMDEyNjY3LVQwMS1JTTU6YnJlYXN0X21za18yMDI1,UC0wMDEyNjY3OmJyZWFzdF9tc2tfMjAyNQ,breast_msk_2025_structural_variants,P-0012667-T01-IM5,P-0012667,breast_msk_2025,USP4,NA,3,49340684,NA,NA,-1,Intron of USP4(-): 709bp before exon 9,4486.0,MST1R,NA,3,49934187,NA,NA,-1,Exon 8 of MST1R(-),NA,GRCh37,yes,unk,66361,44890,0,60,-1,67,-1,67,MST1R (NM_002447) - USP4 (NM_003363) Rearrangement : c.2320:MST1R_c.1129-709:USP4del,PRECISE,3to5,Protein fusion: mid-exon (MST1R-USP4),DELETION,593503,Note: The MST1R - USP4 Rearrangement results in the fusion of exons 1-8 of MST1R with exons 10-22 of USP4. The breakpoint in MST1R is within exon 8. This rearrangement does not include the protein kinase domain of MST1R.,SOMATIC,7375.0
UC0wMDMwMzYzLVQwMS1JTTY6YnJlYXN0X21za18yMDI1,UC0wMDMwMzYzOmJyZWFzdF9tc2tfMjAyNQ,breast_msk_2025_structural_variants,P-0030363-T01-IM6,P-0030363,breast_msk_2025,VEGFA,NA,6,43749796,NA,NA,-1,Exon 7 of VEGFA(+),,,NA,6,51159019,NA,NA,-1,IGR: 321Kb before PKHD1(-),NA,GRCh37,NA,NA,7501,11138,0,46,-1,-1,-1,-1,VEGFA (NM_001171623) Rearrangement : c.649:VEGFA_chr6:g.51159019del,PRECISE,3to5,VEGFA-intragenic,DELETION,7409223,Note: The VEGFA Rearrangement results in the deletion of exons 7-8 of VEGFA. The breakpoint in VEGFA is within exon7. Its functional significance is undetermined.,SOMATIC,7422.0
UC0wMDU5NTc4LVQwMS1JTTc6YnJlYXN0X21za18yMDI1,UC0wMDU5NTc4OmJyZWFzdF9tc2tfMjAyNQ,breast_msk_2025_structural_variants,P-0059578-T01-IM7,P-0059578,breast_msk_2025,VMP1,NA,17,37618564,NA,NA,-1,Exon 1 of CDK12(+),51755.0,CDK12,NA,17,57844246,NA,NA,-1,Intron of VMP1(+):2Kb after exon 6,NA,GRCh37,yes,unk,469117,1800177,0,61,-1,57,-1,10,VMP1 (NM_030938) - CDK12 (NM_016507) rearrangement: c.582+1747:VMP1_c.240:CDK12dup,PRECISE,5to3,Protein Fusion: mid-exon  {VMP1:CDK12},DUPLICATION,20225682,Note: The VMP1 - CDK12 rearrangement is a duplication that results in a fusion of VMP1 exons 1 - 6 to CDK12 exons 1 - 14. One of the breakpoints is within CDK12 exon 1. The fusion includes the kinase domain of CDK12. Functional significance is undetermine,SOMATIC,81671.0
UC0wMDQ4OTA3LVQwMS1JTTY6YnJlYXN0X21za18yMDI1,UC0wMDQ4OTA3OmJyZWFzdF9tc2tfMjAyNQ,breast_msk_2025_structural_variants,P-0048907-T01-IM6,P-0048907,breast_msk_2025,VPS41,NA,7,38866198,NA,NA,-1,Intron of VPS41(-):4Kb after exon 5,324.0,APC,NA,5,112173605,NA,NA,-1,Exon 16 of APC(+),NA,GRCh37,yes,unk,0,0,0,13,-1,13,-1,10,VPS41 (NM_014396) - APC (NM_000038) rearrangement: t(5;7)(q22.2;p14.1)(chr5:g.112173605::chr7:g.38866198),PRECISE,5to5,Protein Fusion: mid-exon  {VPS41:APC},TRANSLOCATION,0,Note: The VPS41 - APC rearrangement is a translocation that results in a fusion of VPS41 exons 1 - 5 to APC exon 16. One of the breakpoints is within APC exon 16. Functional significance is undetermined. Multiple rearrangements involving APC were detected,SOMATIC,27072.0
UC0wMDYxNzMxLVQwMS1JTTc6YnJlYXN0X21za18yMDI1,UC0wMDYxNzMxOmJyZWFzdF9tc2tfMjAyNQ,breast_msk_2025_structural_variants,P-0061731-T01-IM7,P-0061731,breast_msk_2025,WHR1,NA,19,6088880,NA,NA,-1,5-UTR of RFX2(-):94Kb before coding start,,,NA,6,31947212,NA,NA,-1,Exon 5 of STK19(+),NA,GRCh37,yes,unk,0,0,0,19,-1,16,-1,0,STK19 (NM_004197) rearrangement: t(6;19)(p21.33;p13.3)(chr6:g.31947212::chr19:g.6088880),IMPPRECISE,5to5,Protein Fusion: mid-exon  {RFX2:STK19},TRANSLOCATION,0,Note: The STK19 rearrangement is a translocation with a breakpoint in exon 5. Functional significance is undetermined.,SOMATIC,8859.0
UC0wMDI5NzM2LVQwMi1JTTY6YnJlYXN0X21za18yMDI1,UC0wMDI5NzM2OmJyZWFzdF9tc2tfMjAyNQ,breast_msk_2025_structural_variants,P-0029736-T02-IM6,P-0029736,breast_msk_2025,WT1,NA,11,32439064,NA,NA,-1,Intron of WT1(-):58bp after exon 4,,,NA,11,32446427,NA,NA,-1,Intron of WT1(-):3Kb after exon 3,NA,GRCh37,yes,unk,942,802,0,2,-1,2,-1,5,WT1 (NM_024426) rearrangement: c.872+3075_c.950+59inv,PRECISE,5to5,Antisense Fusion,INVERSION,7363,Note: The WT1 rearrangement is an intragenic inversion of exon 4. Functional significance is undetermined.,SOMATIC,7490.0
UC0wMDA1OTAwLVQwMi1JTTY6YnJlYXN0X21za18yMDI1,UC0wMDA1OTAwOmJyZWFzdF9tc2tfMjAyNQ,breast_msk_2025_structural_variants,P-0005900-T02-IM6,P-0005900,breast_msk_2025,WWOX,NA,16,78828029,NA,NA,-1,Intron of WWOX(+):361Kb after exon 8,10769.0,PLK2,NA,5,57753806,NA,NA,-1,Intron of PLK2(-):104bp after exon 5,NA,GRCh37,yes,unk,0,0,0,12,-1,12,-1,10,"WWOX (NM_016373) - PLK2 (NM_006622) rearrangement: t(5,16)(q11.2,q23.1)(chr5:g.57753806::chr16:g.78828029)",PRECISE,3to5,Antisense Fusion,TRANSLOCATION,0,Note: The PLK2 rearrangement is a translocation which may result in the truncation of exons 6-14 of PLK2. Its functional significance is undetermined.,SOMATIC,51741.0
UC0wMDA2MDkxLVQwMS1JTTU6YnJlYXN0X21za18yMDI1,UC0wMDA2MDkxOmJyZWFzdF9tc2tfMjAyNQ,breast_msk_2025_structural_variants,P-0006091-T01-IM5,P-0006091,breast_msk_2025,XPO1,NA,2,61717949,NA,NA,-1,Intron of XPO1(-): 38bp before exon 17,,,NA,2,61721344,NA,NA,-1,Intron of XPO1(-): 118bp before exon 12,NA,GRCh37,yes,unk,13763,12583,0,64,-1,66,-1,55,XPO1 (NM_003400) Rearrangement :  c.1888-38_1048-118del,PRECISE,3to5,Deletion of 5 exons: in frame,DELETION,3395,Note: The XPO1 (NM_003400) Rearrangement  results in the intragenic deletion of exons 12  to 17 of XPO1. Its functional significance is undetermined.,SOMATIC,7514.0
UC0wMDU5MTYzLVQwMS1JTTc6YnJlYXN0X21za18yMDI1,UC0wMDU5MTYzOmJyZWFzdF9tc2tfMjAyNQ,breast_msk_2025_structural_variants,P-0059163-T01-IM7,P-0059163,breast_msk_2025,XPO1,NA,2,61742774,NA,NA,-1,Intron of XPO1(-):7Kb after exon 4,,,NA,2,61753559,NA,NA,-1,Exon 3 of XPO1(-),NA,GRCh37,yes,unk,852,998,0,97,-1,52,-1,10,XPO1 (NM_003400) rearrangement: c.224_c.301+6972del,PRECISE,3to5,Deletion within transcript : mid-exon,DELETION,10785,Note: The XPO1 rearrangement is an intragenic deletion of exons 3 - 4. One of the breakpoints is within exon 3. Functional significance is undetermined.,SOMATIC,7514.0
UC0wMDM2MTM0LVQwMi1JTTY6YnJlYXN0X21za18yMDI1,UC0wMDM2MTM0OmJyZWFzdF9tc2tfMjAyNQ,breast_msk_2025_structural_variants,P-0036134-T02-IM6,P-0036134,breast_msk_2025,XPO1,NA,2,61707450,NA,NA,-1,Intron of XPO1(-):869bp after exon 24,,,NA,2,61709394,NA,NA,-1,Intron of XPO1(-):120bp after exon 23,NA,GRCh37,yes,unk,822,728,0,9,-1,9,-1,10,XPO1 (NM_003400) rearrangement: c.2972+121_c.3069+870del,PRECISE,3to5,Deletion of 1 exon : out of frame,DELETION,1944,Note: The XPO1 rearrangement results in the deletion of exon 24. The functional significance is undetermined.,SOMATIC,7514.0
UC0wMDE0ODc5LVQwMS1JTTY6YnJlYXN0X21za18yMDI1,UC0wMDE0ODc5OmJyZWFzdF9tc2tfMjAyNQ,breast_msk_2025_structural_variants,P-0014879-T01-IM6,P-0014879,breast_msk_2025,XPO1,NA,2,61721176,NA,NA,-1,Exon 12 of XPO1(-),,,NA,2,61724984,NA,NA,-1,Intron of XPO1(-): 824bp after exon 9,NA,GRCh37,yes,unk,3349,5296,0,9,-1,9,-1,11,XPO1 (NM_003400) rearrangement: c.1098_c.759+824dup,PRECISE,5to3,Duplication within transcript: mid-exon,DUPLICATION,3808,Note: The XPO1 (NM_003400) rearrangement is a duplication of XPO1 exons 10-12. One of the breakpoints is within exon 12. The functional significance is undetermined.,SOMATIC,7514.0
UC0wMDU5MTYzLVQwMi1JTTc6YnJlYXN0X21za18yMDI1,UC0wMDU5MTYzOmJyZWFzdF9tc2tfMjAyNQ,breast_msk_2025_structural_variants,P-0059163-T02-IM7,P-0059163,breast_msk_2025,XPO1,NA,2,61742774,NA,NA,-1,Intron of XPO1(-):7Kb after exon 4,,,NA,2,61753559,NA,NA,-1,Exon 3 of XPO1(-),NA,GRCh37,yes,unk,1326,1924,0,189,-1,65,-1,10,XPO1 (NM_003400) rearrangement: c.224_c.301+6972del,PRECISE,3to5,Deletion within transcript : mid-exon,DELETION,10785,Note: The XPO1 rearrangement is an intragenic deletion of exons 3 - 4. One of the breakpoints is within exon 3. Functional significance is undetermined.,SOMATIC,7514.0
UC0wMDM3NTExLVQwMS1JTTY6YnJlYXN0X21za18yMDI1,UC0wMDM3NTExOmJyZWFzdF9tc2tfMjAyNQ,breast_msk_2025_structural_variants,P-0037511-T01-IM6,P-0037511,breast_msk_2025,XPO1,NA,2,61705818,NA,NA,-1,3-UTR of XPO1(-):136bp after coding stop,,,NA,2,61713538,NA,NA,-1,Intron of XPO1(-):441bp before exon 20,NA,GRCh37,yes,unk,5991,6596,0,16,-1,14,-1,10,XPO1 (NM_003400) Rearrangement : c.2314-441_c.*137dup,PRECISE,5to3,XPO1-intragenic,DUPLICATION,7720,Note: The XPO1 Rearrangement results in the duplication of exons 20-25 of XPO1. Its functional significance is undetermined.,SOMATIC,7514.0
UC0wMDIyNzY3LVQwMS1JTTY6YnJlYXN0X21za18yMDI1,UC0wMDIyNzY3OmJyZWFzdF9tc2tfMjAyNQ,breast_msk_2025_structural_variants,P-0022767-T01-IM6,P-0022767,breast_msk_2025,XPO1,NA,2,61715910,NA,NA,-1,Intron of XPO1(-):4bp before exon 18,23233.0,EXOC6B,NA,2,72977233,NA,NA,-1,Intron of EXOC6B(-):9Kb before exon 2,NA,GRCh37,yes,unk,31418,42856,0,4,-1,4,-1,7,XPO1 (NM_003400) rearrangement: chr2:g.72977233_c.2023-4:XPO1del,PRECISE,3to5,Protein Fusion: out of frame  {EXOC6B:XPO1},DELETION,11261323,Note: The XPO1 rearrangement results in the deletion of XPO1 exons 1-18. Its functional significance is undetermined.,SOMATIC,7514.0
UC0wMDM1MDkzLVQwMS1JTTY6YnJlYXN0X21za18yMDI1,UC0wMDM1MDkzOmJyZWFzdF9tc2tfMjAyNQ,breast_msk_2025_structural_variants,P-0035093-T01-IM6,P-0035093,breast_msk_2025,YAP1,NA,11,102076978,NA,NA,-1,Intron of YAP1(+):173bp after exon 5,,,NA,1,119374897,NA,NA,-1,IGR: 51Kb before TBX15(-),NA,GRCh37,NA,NA,0,0,0,7,-1,-1,-1,-1,YAP1 (NM_001130145) rearrangement: t(1;11)(p12;q22.1)(chr1:g.119374897::chr11:g.102076978),IMPPRECISE,3to3,YAP1-intragenic,TRANSLOCATION,0,Note: The YAP1 rearrangement is a translocation with a breakpoint in YAP1 intron 5. The functional significance is undetermined.,SOMATIC,10413.0
UC0wMDE2NjMyLVQwMi1JTTY6YnJlYXN0X21za18yMDI1,UC0wMDE2NjMyOmJyZWFzdF9tc2tfMjAyNQ,breast_msk_2025_structural_variants,P-0016632-T02-IM6,P-0016632,breast_msk_2025,YAP1,NA,NA,-1,NA,NA,-1,NA,253827.0,MSRB3,NA,NA,-1,NA,NA,-1,NA,NA,GRCh37,yes,unk,-1,-1,-1,-1,-1,-1,-1,-1,POSITIVE FOR GENE FUSIONS IN THE INVESTIGATIONAL PANEL: YAP1-MSRB3 fusion. Note: The rearrangement is an in-frame fusion between genes YAP1 Exon3 (NM_001130145) and MSRB3  Exon2 (NM_198080).,NA,NA,YAP1-MSRB3 Fusion - Archer,NA,-1,Lab Notes Run Number: ArcherV4-CLIN-20200192 Macro-dissection: Performed,SOMATIC,10413.0
UC0wMDA0NTUwLVQwMS1JTTU6YnJlYXN0X21za18yMDI1,UC0wMDA0NTUwOmJyZWFzdF9tc2tfMjAyNQ,breast_msk_2025_structural_variants,P-0004550-T01-IM5,P-0004550,breast_msk_2025,YES1,NA,18,741661,NA,NA,-1,Intron of YES1(-): 1Kb after exon 8,,,NA,18,745901,NA,NA,-1,Intron of YES1(-): 44bp before exon 6,NA,GRCh37,yes,unk,6716,12103,0,52,-1,55,-1,41,YES1(NM_005433) Rearrangement : c.1060+1257_575-44inv,PRECISE,3to3,YES1-intragenic,INVERSION,4240,Note: The YES1(NM_005433) Rearrangement  results in the intragenic inversion of exons 5 to 8 of YES1.Its functional significance is undetrmined.,SOMATIC,7525.0
UC0wMDQ5NDIxLVQwMS1JTTY6YnJlYXN0X21za18yMDI1,UC0wMDQ5NDIxOmJyZWFzdF9tc2tfMjAyNQ,breast_msk_2025_structural_variants,P-0049421-T01-IM6,P-0049421,breast_msk_2025,YES1,NA,22,26043444,NA,NA,-1,Intron of ADRBK2(+):3Kb after exon 3,157.0,GRK3,NA,18,756563,NA,NA,-1,Exon 2 of YES1(-),NA,GRCh37,yes,unk,0,0,0,9,-1,6,-1,0,YES1 (NM_005433) - ADRBK2 (NM_005160) rearrangement: t(18;22)(p11.32;q12.1)(chr18:g.756563::chr22:g.26043444),IMPPRECISE,5to5,Protein Fusion: mid-exon  {YES1:ADRBK2},TRANSLOCATION,0,Note: The YES1 - ADRBK2 rearrangement is a translocation that results in a fusion of YES1 exons 1 - 2 to ADRBK2 exons 4 - 21. One of the breakpoints is within YES1 exon 2. The fusion does not include the kinase domain of YES1. Functional significance is u,SOMATIC,7525.0
UC0wMDEzMzQ1LVQwMi1JTTY6YnJlYXN0X21za18yMDI1,UC0wMDEzMzQ1OmJyZWFzdF9tc2tfMjAyNQ,breast_msk_2025_structural_variants,P-0013345-T02-IM6,P-0013345,breast_msk_2025,YES1,NA,18,756543,NA,NA,-1,Intron of YES1(-):13bp after exon 2,5797.0,PTPRM,NA,18,7842967,NA,NA,-1,Intron of PTPRM(+):45Kb before exon 3,NA,GRCh37,yes,unk,4653,11361,0,12,-1,11,-1,10,YES1 (NM_005433) - PTPRM (NM_001105244) rearrangement: c.271+14:YES1_c.197-45137:PTPRMinv,PRECISE,5to5,Protein Fusion: in frame  {YES1:PTPRM},INVERSION,7086424,Note: The YES1 - PTPRM rearrangement is an inversion that results in a fusion of YES1 exons 1 - 2 to PTPRM exons 3 - 33. The fusion is predicted to be in frame and does not include the kinase domain of YES1. Functional significance is undetermined.,SOMATIC,7525.0
UC0wMDAwMTA0LVQwMi1JTTY6YnJlYXN0X21za18yMDI1,UC0wMDAwMTA0OmJyZWFzdF9tc2tfMjAyNQ,breast_msk_2025_structural_variants,P-0000104-T02-IM6,P-0000104,breast_msk_2025,ZBTB7B,NA,NA,-1,NA,NA,-1,NA,4914.0,NTRK1,NA,NA,-1,NA,NA,-1,NA,NA,GRCh37,yes,unk,-1,-1,-1,-1,-1,-1,-1,-1,POSITIVE FOR THE FOLLOWING GENE FUSION IN THE CLINICALLY VALIDATED PANEL: ZBTB7B-NTRK1 fusion. Note: The rearrangement is an in-frame fusion between genes ZBTB7B Exon4 (NM_001252406) and NTRK1 Exon12 (NM_002529).,NA,NA,ZBTB7B-NTRK1 Fusion - Archer,NA,-1,Lab Notes Run Number: ArcherV1-CLIN-20160060 Macro-dissection: Unknown,SOMATIC,51043.0
UC0wMDAwMTA0LVQwMi1JTTY6YnJlYXN0X21za18yMDI1,UC0wMDAwMTA0OmJyZWFzdF9tc2tfMjAyNQ,breast_msk_2025_structural_variants,P-0000104-T02-IM6,P-0000104,breast_msk_2025,ZBTB7B,NA,1,154987978,NA,NA,-1,Exon 3 of ZBTB7B(+),4914.0,NTRK1,NA,1,156845173,NA,NA,-1,Intron of NTRK1(+): 139bp before exon 12,NA,GRCh37,yes,unk,98278,81865,0,26,-1,26,-1,26,ZBTB7B (NM_001252406) -  NTRK1 (NM_002529) Rearrangement : c.944:ZBTB7B_c.1355-139:NTRK1del,PRECISE,3to5,Protein fusion: mid-exon (ZBTB7B-NTRK1),DELETION,1857195,Note : The ZBTB7B (NM_001252406) -  NTRK1 (NM_002529) Rearrangement results in the fusion of exons 1-4 of  ZBTB7B with exons 12-17 of NTRK1. The fusion includes the protein kinase domain of NTRK1.,SOMATIC,51043.0
UC0wMDA5MjIxLVQwMS1JTTU6YnJlYXN0X21za18yMDI1,UC0wMDA5MjIxOmJyZWFzdF9tc2tfMjAyNQ,breast_msk_2025_structural_variants,P-0009221-T01-IM5,P-0009221,breast_msk_2025,ZFHX3,NA,16,72831760,NA,NA,-1,Exon 9 of ZFHX3(-),,,NA,16,72835465,NA,NA,-1,Intron of ZFHX3(-): 1Kb before exon 8,NA,GRCh37,yes,unk,13558,14752,0,43,-1,44,-1,58,ZFHX3 (NM_006885) rearrangement: c.3865-1437_c.4821dup,PRECISE,5to3,Duplication within transcript: mid-exon,DUPLICATION,3705,Note: The ZFHX3 (NM_006885) rearrangement is an intragenic duplication of exons 8-9. One of the breakpoints is within exon 9. The functional significance is undetermined.,SOMATIC,463.0
UC0wMDI1MTg3LVQwMS1JTTY6YnJlYXN0X21za18yMDI1,UC0wMDI1MTg3OmJyZWFzdF9tc2tfMjAyNQ,breast_msk_2025_structural_variants,P-0025187-T01-IM6,P-0025187,breast_msk_2025,ZFHX3,NA,16,72992119,NA,NA,-1,Exon 2 of ZFHX3(-),,,NA,6,156231802,NA,NA,-1,IGR: 515Kb before NOX3(-),NA,GRCh37,NA,NA,0,0,0,28,-1,-1,-1,-1,ZFHX3 (NM_006885) rearrangement: t(6;16)(q25.3;q22.3)(chr6:g.156231802::chr16:g.72992119),PRECISE,3to5,ZFHX3-intragenic,TRANSLOCATION,0,Note: The ZFHX3 rearrangement is a translocation with a breakpoint in exon 2. The functional significance is undetermined.,SOMATIC,463.0
UC0wMDI1MTg3LVQwMi1JTTY6YnJlYXN0X21za18yMDI1,UC0wMDI1MTg3OmJyZWFzdF9tc2tfMjAyNQ,breast_msk_2025_structural_variants,P-0025187-T02-IM6,P-0025187,breast_msk_2025,ZFHX3,NA,16,72992119,NA,NA,-1,Exon 2 of ZFHX3(-),,,NA,6,156231802,NA,NA,-1,IGR: 515Kb before NOX3(-),NA,GRCh37,NA,NA,0,0,0,115,-1,-1,-1,-1,ZFHX3 (NM_006885) rearrangement: t(6;16)(q25.3;q22.3)(chr6:g.156231802::chr16:g.72992119),PRECISE,3to5,ZFHX3-intragenic,TRANSLOCATION,0,Note: The ZFHX3 rearrangement is a translocation with a breakpoint in exon 2. The functional significance is undetermined.,SOMATIC,463.0
UC0wMDEyODIwLVQwMS1JTTU6YnJlYXN0X21za18yMDI1,UC0wMDEyODIwOmJyZWFzdF9tc2tfMjAyNQ,breast_msk_2025_structural_variants,P-0012820-T01-IM5,P-0012820,breast_msk_2025,ZFHX3,NA,16,72523259,NA,NA,-1,IGR: 294Kb before ZFHX3(-),,,NA,16,72984364,NA,NA,-1,Intron of ZFHX3(-): 4bp after exon 3,NA,GRCh37,yes,unk,103811,67001,0,78,-1,80,-1,51,ZFHX3 (NM_006885) Rearrangement : chr16:g.72984364_g.72523259del,PRECISE,3to5,ZFHX3-intragenic,DELETION,461105,Note: The ZFHX3 (NM_006885) rearrangement results in the intragenic deletion of exons 4 to 10 of ZFHX3. Its functional significance is undetermined.,SOMATIC,463.0
UC0wMDU0Njc5LVQwMS1JTTY6YnJlYXN0X21za18yMDI1,UC0wMDU0Njc5OmJyZWFzdF9tc2tfMjAyNQ,breast_msk_2025_structural_variants,P-0054679-T01-IM6,P-0054679,breast_msk_2025,ZFHX3,NA,17,46833832,NA,NA,-1,IGR: 6Kb before TTLL6(-),,,NA,16,72845807,NA,NA,-1,Exon 6 of ZFHX3(-),NA,GRCh37,yes,unk,0,0,0,12,-1,12,-1,0,ZFHX3 (NM_006885) rearrangement: t(16;17)(q22.2;q21.32)(chr16:g.72845807::chr17:g.46833832),IMPPRECISE,3to3,ZFHX3-intragenic,TRANSLOCATION,0,Note: The ZFHX3 rearrangement is a translocation with a breakpoint in exon 6. Functional significance is undetermined.,SOMATIC,463.0
UC0wMDU1NjU3LVQwMS1JTTY6YnJlYXN0X21za18yMDI1,UC0wMDU1NjU3OmJyZWFzdF9tc2tfMjAyNQ,breast_msk_2025_structural_variants,P-0055657-T01-IM6,P-0055657,breast_msk_2025,ZFHX3,NA,X,101310401,NA,NA,-1,IGR: 70Kb before TCEAL2(+),,,NA,16,72831698,NA,NA,-1,Exon 9 of ZFHX3(-),NA,GRCh37,yes,unk,0,0,0,26,-1,26,-1,10,ZFHX3 (NM_006885) rearrangement: t(16;X)(q22.2;q22.1)(chr16:g.72831698::chrX:g.101310401),PRECISE,3to3,ZFHX3-intragenic,TRANSLOCATION,0,Note: The ZFHX3 rearrangement is a translocation with a breakpoint in exon 9. Functional significance is undetermined.,SOMATIC,463.0
UC0wMDA0MjEzLVQwMS1JTTU6YnJlYXN0X21za18yMDI1,UC0wMDA0MjEzOmJyZWFzdF9tc2tfMjAyNQ,breast_msk_2025_structural_variants,P-0004213-T01-IM5,P-0004213,breast_msk_2025,ZFHX3,NA,16,72827570,NA,NA,-1,Exon 9 of ZFHX3(-),123624.0,AGBL1,NA,15,87282028,NA,NA,-1,Intron of AGBL1(+): 64Kb after exon 22,NA,GRCh37,yes,unk,0,0,0,54,-1,54,-1,29,GBL1 (NM_152336) - ZFHX3 (NM_006885) rearrangement: t(15;16)(15q25.3;16q22.2)(chr15:g.87282028::chr16:72827570),PRECISE,3to3,Protein fusion: mid-exon (AGBL1-ZFHX3),TRANSLOCATION,0,Note: AGBL1 (NM_152336) - ZFHX3 (NM_006885) rearrangement event is a translocation in which AGBL1 exons 1-22 is fused to ZFHX3 exons 9-10. This translocation event occurs amid a more complex rearrangement involving ZFHX3 gene. Its functional significance ,SOMATIC,463.0
UC0wMDAyNTgyLVQwMS1JTTM6YnJlYXN0X21za18yMDI1,UC0wMDAyNTgyOmJyZWFzdF9tc2tfMjAyNQ,breast_msk_2025_structural_variants,P-0002582-T01-IM3,P-0002582,breast_msk_2025,ZFP90,NA,16,68532791,NA,NA,-1,IGR: 41Kb before ZFP90(+),999.0,CDH1,NA,16,68849593,NA,NA,-1,Exon 10 of CDH1(+),NA,GRCh37,yes,unk,37134,26237,0,38,-1,32,-1,49,NA,PRECISE,3to5,CDH1-ZFP90 fusion,DELETION,316802,NA,SOMATIC,146198.0
UC0wMDQ2NjAwLVQwMS1JTTY6YnJlYXN0X21za18yMDI1,UC0wMDQ2NjAwOmJyZWFzdF9tc2tfMjAyNQ,breast_msk_2025_structural_variants,P-0046600-T01-IM6,P-0046600,breast_msk_2025,ZNF277,NA,7,111889264,NA,NA,-1,Intron of ZNF277(+):38Kb before exon 2,4233.0,MET,NA,7,116409708,NA,NA,-1,Exon 12 of MET(+),NA,GRCh37,yes,unk,21312,19324,0,8,-1,8,-1,7,ZNF277 (NM_021994) - MET (NM_000245) fusion: c.92-37664:ZNF277_c.2593:METdel,PRECISE,3to5,Protein Fusion: mid-exon  {ZNF277:MET},DELETION,4520444,Note: The ZNF277 - MET fusion involves ZNF277 exon 1 and MET exons 12 - 21. One of the breakpoints is within MET exon 12. The fusion includes the kinase domain of MET.,SOMATIC,11179.0
UC0wMDI4NDIyLVQwMi1JTTY6YnJlYXN0X21za18yMDI1,UC0wMDI4NDIyOmJyZWFzdF9tc2tfMjAyNQ,breast_msk_2025_structural_variants,P-0028422-T02-IM6,P-0028422,breast_msk_2025,ZNF429,NA,19,11031639,NA,NA,-1,Intron of CARM1(+):17bp after exon 13,10498.0,CARM1,NA,19,21710373,NA,NA,-1,Intron of ZNF429(+):2Kb before exon 2,NA,GRCh37,NA,NA,352021,579941,0,43,-1,-1,-1,-1,ZNF429 (NM_001001415) - CARM1 (NM_199141) rearrangement: c.4-2087:ZNF429_c.1537+17:CARM1dup,PRECISE,5to3,Protein Fusion: out of frame  {ZNF429:CARM1},DUPLICATION,10678734,Note: The ZNF429 - CARM1 rearrangement is a duplication that results in a fusion of ZNF429 exon 1 to CARM1 exons 14 - 16. Functional significance is undetermined.,SOMATIC,353088.0
UC0wMDQ3NzMwLVQwMi1JTTY6YnJlYXN0X21za18yMDI1,UC0wMDQ3NzMwOmJyZWFzdF9tc2tfMjAyNQ,breast_msk_2025_structural_variants,P-0047730-T02-IM6,P-0047730,breast_msk_2025,ZNF532,NA,18,56339011,NA,NA,-1,Exon 1 of MALT1(+),10892.0,MALT1,NA,18,56647463,NA,NA,-1,Intron of ZNF532(+):1Kb after exon 9,NA,GRCh37,yes,unk,10295,18590,0,38,-1,36,-1,10,ZNF532 (NM_018181) - MALT1 (NM_006785) rearrangement: c.3263+1064:ZNF532_c.136:MALT1dup,PRECISE,5to3,Protein Fusion: mid-exon  {ZNF532:MALT1},DUPLICATION,308452,Note: The ZNF532 - MALT1 rearrangement is a duplication that results in a fusion of ZNF532 exons 1 - 9 to MALT1 exons 1 - 17. One of the breakpoints is within MALT1 exon 1. Functional significance is undetermined.,SOMATIC,55205.0
UC0wMDI5NzU4LVQwMS1JTTY6YnJlYXN0X21za18yMDI1,UC0wMDI5NzU4OmJyZWFzdF9tc2tfMjAyNQ,breast_msk_2025_structural_variants,P-0029758-T01-IM6,P-0029758,breast_msk_2025,ZNF700,NA,19,12044108,NA,NA,-1,Intron of ZNF700(+):8Kb after exon 1,3337.0,DNAJB1,NA,19,14627327,NA,NA,-1,Exon 2 of DNAJB1(-),NA,GRCh37,yes,unk,14670,24488,0,171,-1,106,-1,10,DNAJB1 (NM_006145) - ZNF700 (NM_144566) rearrangement: c.743:DNAJB1_c.63+8020:ZNF700inv,PRECISE,5to5,Protein Fusion: mid-exon  {DNAJB1:ZNF700},INVERSION,2583219,Note: The DNAJB1 - ZNF700 rearrangement is an inversion that may result in the fusion of DNAJB1 exons 1-2 with ZNF700 exons 2-4. One of the breakpoints is within DNAJB1 exon 2. The functional significance is undetermined.,SOMATIC,90592.0
UC0wMDAzNzg3LVQwMy1JTTY6YnJlYXN0X21za18yMDI1,UC0wMDAzNzg3OmJyZWFzdF9tc2tfMjAyNQ,breast_msk_2025_structural_variants,P-0003787-T03-IM6,P-0003787,breast_msk_2025,ZRSR2,NA,X,15826341,NA,NA,-1,Intron of ZRSR2(+):14bp before exon 6,,,NA,5,134533350,NA,NA,-1,5-UTR of C5orf66(+):136Kb before coding start,NA,GRCh37,yes,unk,0,0,0,9,-1,9,-1,0,ZRSR2 (NM_005089) rearrangement: t(5;X)(q31.1;p22.2)(chr5:g.134533350::chrX:g.15826341),IMPPRECISE,5to3,Transcript Fusion {C5orf66:ZRSR2},TRANSLOCATION,0,Note: The ZRSR2 rearrangement is a translocation with a breakpoint in intron 5. Functional significance is undetermined.,SOMATIC,8233.0
